car_name,Kms_driven,fuel_type,Transmission,Ownership,Manufacture,Engine_cc,Seats,car_prices_in_rupee,Price_in_rupees
Jeep Compass 2.0 Longitude Option BSIV,86226,Diesel,Manual,1,2017,1956,5,10.03 Lakh,1003000
Renault Duster RXZ Turbo CVT,13248,Petrol,Automatic,1,2021,1330,5,12.83 Lakh,1283000
Toyota Camry 2.5 G,60343,Petrol,Automatic,1,2016,2494,5,16.40 Lakh,1640000
Honda Jazz VX CVT,26696,Petrol,Automatic,1,2018,1199,5,7.77 Lakh,777000
Volkswagen Polo 1.2 MPI Highline,69414,Petrol,Manual,1,2016,1199,5,5.15 Lakh,515000
Volkswagen Vento 1.2 TSI Highline AT,49719,Petrol,Automatic,1,2017,1197,5,7.66 Lakh,766000
Volkswagen Vento 1.2 TSI Highline Plus AT,43688,Petrol,Automatic,1,2017,1197,5,7.58 Lakh,758000
Honda WR-V VX Diesel,14470,Diesel,Manual,1,2021,1498,5,11.60 Lakh,1160000
Honda City i VTEC CVT SV,21429,Petrol,Automatic,1,2015,1497,5,6.99 Lakh,699000
Renault Duster Petrol RXS CVT,31750,Petrol,Automatic,1,2017,1498,5,7.53 Lakh,753000
Maruti Baleno 1.2 Alpha,38203,Petrol,Manual,1,2017,1197,5,6.43 Lakh,643000
Honda City i VTEC CVT SV,110284,Petrol,Automatic,1,2014,1497,5,5.43 Lakh,543000
Mahindra XUV300 W6,10381,Petrol,Manual,1,2020,1197,5,8.62 Lakh,862000
Jeep Compass 1.4 Limited Plus BSIV,32378,Petrol,Automatic,1,2019,1368,5,16.78 Lakh,1678000
Honda City V MT,38906,Petrol,Manual,1,2020,1498,5,10.03 Lakh,1003000
Hyundai Grand i10 AT Asta,59313,Petrol,Automatic,2,2016,1197,5,5.63 Lakh,563000
Hyundai i20 1.4 Asta,85672,Diesel,Manual,1,2017,1396,5,6.67 Lakh,667000
Maruti Ciaz 1.4 Delta,34971,Petrol,Manual,2,2017,1373,5,6.73 Lakh,673000
Nissan Micra XL Optional,35894,Petrol,Manual,2,2015,1198,5,3.21 Lakh,321000
Maruti Ciaz Alpha Automatic BSIV,56000,Petrol,Automatic,1,2019,1462,5,8.50 Lakh,850000
Maruti Swift Dzire VXI,56568,Petrol,Manual,1,2014,1197,5,4.34 Lakh,434000
Renault KWID RXT,48872,Petrol,Manual,1,2017,799,5,3.11 Lakh,311000
Renault KWID RXL BSIV,17346,Petrol,Manual,1,2019,799,5,3.70 Lakh,370000
Jeep Compass 2.0 Limited Plus BSIV,15414,Diesel,Manual,1,2019,1956,5,15.88 Lakh,1588000
Hyundai Grand i10 1.2 Kappa Magna BSIV,21239,Petrol,Manual,1,2018,1197,5,5.41 Lakh,541000
Maruti Alto K10 LXI,62361,Petrol,Manual,1,2014,998,5,2.23 Lakh,223000
Hyundai Verna 1.6 VTVT S Option,79329,Petrol,Manual,2,2015,1591,5,5.88 Lakh,588000
Hyundai Tucson GLS AT,11945,Petrol,Automatic,1,2021,1999,5,22.78 Lakh,2278000
Maruti Swift Dzire VXI 1.2,51324,Petrol,Manual,1,2018,1197,5,6.12 Lakh,612000
Nissan Magnite XV Premium,5717,Petrol,Manual,1,2021,999,5,7.44 Lakh,744000
Honda City i VTEC CVT VX,46417,Petrol,Automatic,1,2016,1497,5,8.39 Lakh,839000
Honda Amaze S i-Vtech,100161,Petrol,Manual,1,2015,1198,5,4.20 Lakh,420000
Hyundai Grand i10 Sportz,35424,Petrol,Manual,1,2016,1197,5,4.91 Lakh,491000
Hyundai EON Era Plus,51085,Petrol,Manual,1,2017,814,5,2.93 Lakh,293000
Maruti Alto 800 LXI,30983,Petrol,Manual,1,2016,796,5,2.98 Lakh,298000
Renault KWID RXL,32681,Petrol,Manual,1,2016,799,5,2.60 Lakh,260000
Hyundai EON Magna Plus,57581,Petrol,Manual,2,2014,814,5,2.38 Lakh,238000
Honda Jazz 1.2 V AT i VTEC,39821,Petrol,Automatic,1,2016,1199,5,6.05 Lakh,605000
Maruti Alto 800 LXI,21186,Petrol,Manual,1,2018,796,5,3.23 Lakh,323000
Renault KWID RXL,34972,Petrol,Manual,1,2018,799,5,3.26 Lakh,326000
Honda Amaze S i-Vtech,46623,Petrol,Manual,2,2015,1198,5,4.21 Lakh,421000
Kia Seltos GTX Plus,18557,Petrol,Manual,1,2019,1353,5,15.53 Lakh,1553000
Jeep Compass 2.0 Limited,58463,Diesel,Manual,1,2017,1956,5,12.43 Lakh,1243000
MG Hector Plus Sharp DCT,5000,Petrol,Automatic,1,2020,1451,6,18.50 Lakh,1850000
Tata Harrier XZ BSIV,66000,Diesel,Manual,1,2019,1956,5,15.90 Lakh,1590000
Renault Duster Petrol RXS CVT,14000,Petrol,Automatic,1,2019,1498,5,8.90 Lakh,890000
BMW 5 Series 520d Luxury Line,61000,Diesel,Automatic,1,2019,1995,5,43 Lakh,4300000
Hyundai i20 1.4 Magna Executive,65392,Diesel,Manual,1,2017,1396,5,6 Lakh,600000
Mercedes-Benz CLA 200 CGI Sport,37000,Petrol,Automatic,1,2018,1991,5,27 Lakh,2700000
Maruti XL6 Zeta,9000,Petrol,Manual,1,2020,1462,6,10.90 Lakh,1090000
Hyundai Grand i10 1.2 Kappa Sportz Option AT,32000,Petrol,Automatic,1,2017,1197,5,5.90 Lakh,590000
Mahindra XUV500 W8 2WD,68000,Diesel,Manual,1,2012,2179,7,6.50 Lakh,650000
Hyundai i20 Magna 1.2,13000,Petrol,Manual,1,2017,1197,5,6.75 Lakh,675000
Datsun RediGO AMT 1.0 T Option,30000,Petrol,Automatic,1,2020,999,5,3.70 Lakh,370000
Honda Brio VX AT,34300,Petrol,Automatic,1,2015,1198,5,5.25 Lakh,525000
Honda City i VTEC CVT SV,45000,Petrol,Automatic,1,2015,1497,5,7.25 Lakh,725000
Toyota Corolla Altis GL MT,37000,Petrol,Manual,1,2014,1798,5,8.50 Lakh,850000
Jeep Compass 1.4 Sport,50000,Petrol,Manual,1,2018,1368,5,14 Lakh,1400000
Volvo XC60 D4 Summum,105241,Diesel,Automatic,1,2015,1985,5,15 Lakh,1500000
Toyota Corolla Altis 1.8 G,54000,Petrol,Manual,1,2019,1798,5,13.90 Lakh,1390000
Hyundai Verna VTVT 1.6 SX,19600,Petrol,Manual,1,2019,1591,5,8.90 Lakh,890000
Audi A4 2.0 TDI Technology Edition,48000,Diesel,Automatic,1,2015,1968,5,16.90 Lakh,1690000
Audi Q3 2.0 TDI,69500,Diesel,Automatic,1,2012,1968,5,13.90 Lakh,1390000
BMW 5 Series 530d,71000,Diesel,Automatic,2,2012,2993,5,15 Lakh,1500000
Porsche Cayenne S Diesel,48894,Diesel,Automatic,1,2014,4134,5,45 Lakh,4500000
Maruti A-Star Zxi,46257,Petrol,Manual,3,2008,998,5,1.53 Lakh,153000
Ford Ecosport 1.5 DV5 MT Titanium,78264,Diesel,Manual,2,2015,1498,5,5.09 Lakh,509000
Honda Jazz 1.2 S AT i VTEC,42451,Petrol,Automatic,1,2016,1199,5,5.46 Lakh,546000
Volkswagen Vento Diesel Highline,131861,Diesel,Manual,2,2012,1598,5,2.73 Lakh,273000
Maruti Wagon R VXI BS IV,128004,Petrol,Manual,2,2012,998,5,1.80 Lakh,180000
Chevrolet Beat Diesel PS,150349,Diesel,Manual,1,2012,936,5,1.10 Lakh,110000
Maruti Wagon R VXI BS IV,29033,Petrol,Manual,1,2017,998,5,3.69 Lakh,369000
BMW 3 Series 320d Luxury Line,99000,Diesel,Automatic,1,2015,1995,5,13.50 Lakh,1350000
Renault KWID RXL,47000,Petrol,Manual,1,2018,799,5,2.75 Lakh,275000
Maruti Baleno 1.3 Sigma,35000,Diesel,Manual,1,2018,1248,5,5.50 Lakh,550000
Mercedes-Benz C-Class C 220 CDI BE COR,58000,Diesel,Automatic,1,2013,2143,5,9.75 Lakh,975000
Honda City S,48000,Petrol,Manual,1,2012,1497,5,4 Lakh,400000
Honda Amaze VX AT i-Vtech,45000,Petrol,Automatic,1,2014,1198,5,4.75 Lakh,475000
Hyundai EON D Lite,60000,Petrol,Manual,2,2012,814,5,1.90 Lakh,190000
Hyundai i20 Magna Optional 1.2,23000,Petrol,Manual,1,2014,1197,5,4.65 Lakh,465000
Hyundai Grand i10 1.2 Kappa Era,45000,Petrol,Manual,1,2019,1197,5,4.60 Lakh,460000
Hyundai i10 Magna 1.1L,45000,Petrol,Manual,1,2014,1086,5,3.25 Lakh,325000
Maruti Ertiga VDI,58000,Diesel,Manual,1,2013,1248,7,5.25 Lakh,525000
Hyundai i20 1.2 Spotz,48000,Petrol,Manual,1,2018,1197,5,6.25 Lakh,625000
BMW 2 Series 220i M Sport,18000,Petrol,Automatic,1,2021,1998,5,40 Lakh,4000000
Skoda Kushaq 1.0 TSI Style 6 Airbags AT,16000,Petrol,Automatic,1,2022,999,5,16.75 Lakh,1675000
Honda City i-VTEC VX,24000,Petrol,Manual,1,2019,1497,5,10 Lakh,1000000
MG Hector Plus Select Diesel MT 7 STR,36000,Diesel,Manual,1,2021,1956,7,17.90 Lakh,1790000
Jeep Compass 1.4 Limited Plus,35000,Petrol,Automatic,2,2019,1368,5,13.90 Lakh,1390000
Honda Amaze E Petrol BSIV,64000,Petrol,Manual,1,2019,1199,5,6.10 Lakh,610000
Maruti Vitara Brezza VDi,72000,Diesel,Manual,1,2017,1248,5,7.75 Lakh,775000
Hyundai Grand i10 Magna,29900,Petrol,Manual,1,2015,1197,5,4.60 Lakh,460000
Mahindra XUV700 AX5 Diesel AT,20000,Diesel,Automatic,1,2022,2198,5,20.91 Lakh,2091000
Tata Indigo VX BSIV,160000,Diesel,Manual,1,2013,1396,5,3.10 Lakh,310000
Tata Tiago XZ Plus,16000,Petrol,Manual,1,2020,1199,5,5.65 Lakh,565000
Honda WR-V i-VTEC VX,17000,Petrol,Manual,1,2019,1199,5,9 Lakh,900000
Lexus NX 300h,111000,Petrol,Automatic,1,2018,2499,5,42 Lakh,4200000
Mercedes-Benz M-Class ML 250 CDI,38000,Diesel,Automatic,2,2015,2143,5,28.50 Lakh,2850000
Honda Jazz 1.5 SV i DTEC,32000,Diesel,Manual,1,2015,1498,5,5.50 Lakh,550000
Volkswagen Polo 1.2 MPI Comfortline,67000,Petrol,Manual,1,2015,1198,5,4.50 Lakh,450000
Ford Ecosport 1.5 Petrol Titanium AT,50000,Petrol,Automatic,1,2016,1496,5,6.75 Lakh,675000
Maruti Swift VDI BSIV,110000,Diesel,Manual,2,2010,1248,5,1.80 Lakh,180000
Hyundai Verna VTVT 1.6 AT EX,51000,Petrol,Automatic,1,2017,1591,5,7.75 Lakh,775000
Hyundai Grand i10 1.2 CRDi Sportz,83000,Diesel,Manual,1,2017,1186,5,5.50 Lakh,550000
Audi Q3 35 TDI Quattro Premium,38000,Diesel,Automatic,1,2016,1968,5,24 Lakh,2400000
Hyundai Creta 1.6 SX Automatic Diesel,58000,Diesel,Automatic,1,2018,1582,5,13.25 Lakh,1325000
Hyundai Creta 1.6 SX,36000,Petrol,Manual,1,2018,1591,5,11 Lakh,1100000
Volkswagen Vento 1.0 TSI Highline AT,23500,Petrol,Automatic,1,2020,999,5,10.50 Lakh,1050000
Hyundai i20 1.2 Magna Executive,60000,Petrol,Manual,1,2017,1197,5,6.50 Lakh,650000
Skoda Superb LK 1.8 TSI AT,18000,Petrol,Automatic,1,2018,1798,5,25 Lakh,2500000
Honda Amaze V Petrol BSIV,36500,Petrol,Manual,1,2017,1199,5,6 Lakh,600000
Skoda Superb Sportline,25000,Petrol,Automatic,1,2021,1984,5,31 Lakh,3100000
Kia Seltos HTX IVT,20500,Petrol,Automatic,1,2020,1497,5,15.75 Lakh,1575000
Honda Amaze S i-Vtech,30000,Petrol,Manual,1,2015,1198,5,4.50 Lakh,450000
Hyundai i20 Magna 1.2,59000,Petrol,Manual,1,2017,1197,5,5.90 Lakh,590000
BMW X1 sDrive 20d xLine,80000,Diesel,Automatic,1,2014,1995,5,14.50 Lakh,1450000
Hyundai Xcent 1.2 CRDi E Plus,50000,Diesel,Manual,2,2017,1186,5,3.80 Lakh,380000
Tata Harrier XZAS Plus Kaziranga Edition AT,32000,Diesel,Automatic,1,2021,1956,5,21 Lakh,2100000
Hyundai i10 Era 1.1 iTech SE,120000,Petrol,Manual,2,2012,1086,5,2.61 Lakh,261000
Land Rover Discovery 2.0 R-Dynamic HSE,33000,Petrol,Automatic,1,2021,1997,7,1.10 Crore,11000000
Mini 3 DOOR Cooper S,6900,Petrol,Automatic,1,2019,1998,4,42 Lakh,4200000
Tata Harrier XZA Plus Kaziranga Edition AT,4500,Diesel,Automatic,1,2022,1956,5,22.50 Lakh,2250000
Volvo S90 D4 Inscription BSIV,51000,Diesel,Automatic,1,2018,1969,5,42 Lakh,4200000
Kia Seltos GTX Plus AT D,12000,Diesel,Automatic,1,2022,1493,5,19.75 Lakh,1975000
Maruti Vitara Brezza ZDi Plus,37000,Diesel,Manual,1,2018,1248,5,9.50 Lakh,950000
Hyundai Verna SX Opt Diesel,35000,Diesel,Manual,1,2021,1493,5,14.51 Lakh,1451000
Maruti Wagon R VXI Optional,80000,Petrol,Manual,2,2016,998,5,3 Lakh,300000
Hyundai Grand i10 Magna,60000,Petrol,Manual,1,2016,1197,5,4.60 Lakh,460000
Honda Amaze VX CVT,10000,Petrol,Automatic,1,2022,1199,5,9.15 Lakh,915000
Maruti Ignis Zeta AMT,59385,Petrol,Automatic,1,2019,1197,5,5.50 Lakh,550000
Jaguar XF 3.0 Litre S Premium Luxury,51000,Diesel,Automatic,2,2012,2993,5,17 Lakh,1700000
Mahindra XUV500 AT W6 1.99 mHawk,74000,Diesel,Automatic,1,2017,1997,7,9.90 Lakh,990000
Tata Nexon 1.2 Revotron XMA,29000,Petrol,Automatic,1,2020,1198,5,8.51 Lakh,851000
Jeep Compass Model S 4X4 Diesel AT,12200,Diesel,Automatic,1,2021,1956,5,27.50 Lakh,2750000
Hyundai Grand i10 1.2 Kappa Sportz Option AT,40000,Petrol,Automatic,3,2019,1197,5,5.50 Lakh,550000
Hyundai Verna CRDi 1.6 SX,58000,Diesel,Manual,1,2018,1582,5,9.51 Lakh,951000
Toyota Innova Crysta 2.8 ZX AT BSIV,75000,Diesel,Automatic,2,2019,2755,7,19.90 Lakh,1990000
Land Rover Discovery Sport TD4 HSE 7S,72000,Diesel,Automatic,1,2018,1999,7,35.50 Lakh,3550000
Ford Aspire 1.2 Ti-VCT Titanium,23400,Petrol,Manual,1,2017,1196,5,5.50 Lakh,550000
Ford Aspire 1.2 Ti-VCT Ambiente,59300,Petrol,Manual,1,2017,1196,5,3.90 Lakh,390000
Hyundai Creta 1.4 CRDi S,72000,Diesel,Manual,1,2016,1396,5,8.90 Lakh,890000
Maruti Swift Dzire LDI,67000,Diesel,Manual,1,2017,1248,5,4.51 Lakh,451000
Honda Amaze S CVT i-VTEC,33500,Petrol,Automatic,1,2018,1199,5,7.25 Lakh,725000
Hyundai Creta SX Executive,17000,Petrol,Manual,2,2021,1497,5,12.75 Lakh,1275000
Volkswagen Ameo 1.5 TDI Highline AT,33000,Diesel,Automatic,1,2016,1498,5,6.90 Lakh,690000
Volkswagen Polo GT TSI,49000,Petrol,Automatic,1,2015,1197,5,6.75 Lakh,675000
Hyundai Grand i10 AT Asta,26000,Petrol,Automatic,1,2015,1197,5,5.65 Lakh,565000
Hyundai Venue SX Opt iMT,14500,Petrol,Manual,1,2020,998,5,10 Lakh,1000000
Kia Seltos GTX Plus AT D,10000,Diesel,Automatic,1,2022,1493,5,19.75 Lakh,1975000
MG Hector Plus Sharp DCT,15001,Petrol,Automatic,1,2020,1451,6,17 Lakh,1700000
Skoda Octavia Elegance 1.8 TSI AT,55000,Petrol,Automatic,2,2015,1798,5,9.75 Lakh,975000
Toyota Corolla Altis G,38000,Petrol,Manual,1,2013,1798,5,6.50 Lakh,650000
Ford Endeavour 4x4 XLT,110000,Diesel,Manual,2,2005,2953,7,4 Lakh,400000
Honda Amaze S AT i-Vtech,65413,Petrol,Automatic,1,2013,1198,5,4.75 Lakh,475000
Honda Jazz Mode,45000,Petrol,Manual,2,2009,1198,5,2.80 Lakh,280000
Ford Figo 1.2P Trend MT,44000,Petrol,Manual,1,2017,1196,5,4.30 Lakh,430000
Hyundai Grand i10 1.2 Kappa Magna BSIV,40000,Petrol,Manual,1,2017,1197,5,4.90 Lakh,490000
Ford Ecosport 1.5 Petrol Titanium AT,49000,Petrol,Automatic,1,2016,1496,5,6.51 Lakh,651000
Mahindra Thar LX 4-Str Hard Top Diesel AT,19000,Diesel,Automatic,1,2022,2184,4,17.51 Lakh,1751000
Hyundai i20 Magna Optional 1.4 CRDi,56000,Diesel,Manual,2,2013,1396,5,3.91 Lakh,391000
Honda City 1.5 V MT,65000,Petrol,Manual,2,2010,1497,5,3.75 Lakh,375000
Toyota Etios G,27680,Petrol,Manual,1,2013,1496,5,4.90 Lakh,490000
Kia Seltos GTX Plus AT D,27305,Diesel,Automatic,1,2021,1493,5,18.25 Lakh,1825000
BMW 3 Series 320d,10793,Diesel,Automatic,1,2019,1995,5,33 Lakh,3300000
BMW X3 xDrive 20d Luxury Line,12000,Diesel,Automatic,1,2020,1995,5,56 Lakh,5600000
MG Hector Sharp DCT,44000,Petrol,Automatic,1,2019,1451,5,14.99 Lakh,1499000
Kia Seltos HTK G,63000,Petrol,Manual,1,2020,1497,5,11.99 Lakh,1199000
Hyundai i20 Sportz Plus Diesel,87000,Diesel,Manual,1,2019,1396,5,6.50 Lakh,650000
Maruti Alto LXi,61000,Petrol,Manual,1,2010,796,5,1.90 Lakh,190000
Hyundai i20 Sportz Option 1.4 CRDi,72000,Diesel,Manual,1,2016,1396,5,6.25 Lakh,625000
Audi A4 2.0 TDI Multitronic,70000,Diesel,Automatic,1,2015,1968,5,16.51 Lakh,1651000
Nissan Micra Diesel XV,58000,Diesel,Manual,2,2012,1461,5,2.25 Lakh,225000
Honda Jazz Active,90000,Petrol,Manual,3,2009,1198,5,1.30 Lakh,130000
Honda City VX MT,19000,Petrol,Manual,1,2022,1497,5,12.50 Lakh,1250000
Toyota Corolla Altis G AT,72159,Petrol,Automatic,1,2014,1798,5,9.25 Lakh,925000
Ford Ecosport 1.5 DV5 MT Titanium,78000,Diesel,Manual,1,2015,1498,5,5.90 Lakh,590000
Ford Ecosport 1.5 Diesel Titanium BSIV,58000,Diesel,Manual,1,2018,1498,5,6.90 Lakh,690000
Ford Ecosport 1.5 Diesel Titanium Plus BSIV,72000,Diesel,Manual,1,2018,1498,5,8.90 Lakh,890000
Land Rover Range Rover Evoque 2.0 TD4 SE,56000,Diesel,Automatic,1,2018,1999,5,42.50 Lakh,4250000
Nissan Micra Diesel XV,73000,Diesel,Manual,1,2012,1461,5,2.90 Lakh,290000
Hyundai Creta 1.6 VTVT S,28840,Petrol,Manual,1,2016,1591,5,8.90 Lakh,890000
Maruti Swift Dzire AMT ZXI,51500,Petrol,Automatic,1,2019,1197,5,6.90 Lakh,690000
Maruti S-Presso VXI Plus AT 2019-2022,41370,Petrol,Automatic,1,2020,998,5,4.80 Lakh,480000
Hyundai Creta 1.6 VTVT S,41266,Petrol,Manual,1,2016,1591,5,8.75 Lakh,875000
Hyundai Verna VTVT 1.6 AT SX Option,31740,Petrol,Automatic,1,2018,1591,5,9.90 Lakh,990000
Maruti Ciaz VXi Plus,77876,Petrol,Manual,1,2015,1373,5,6.15 Lakh,615000
Skoda Kushaq 1.5 TSI Style,9500,Petrol,Manual,1,2022,1498,5,20.50 Lakh,2050000
Hyundai Grand i10 1.2 Kappa Sportz Option AT,28387,Petrol,Automatic,1,2019,1197,5,6.25 Lakh,625000
Mercedes-Benz M-Class ML 350 CDI,120000,Diesel,Automatic,2,2015,2987,5,27 Lakh,2700000
Hyundai Grand i10 Magna,20000,Petrol,Manual,2,2017,1197,5,4.50 Lakh,450000
Mercedes-Benz C-Class Progressive C 220d,30686,Diesel,Automatic,1,2020,1950,5,42.50 Lakh,4250000
Tata Indica eV2 DL BSIII,120000,Diesel,Manual,2,2013,1396,5,1 Lakh,100000
Mahindra Bolero Power Plus SLE,184000,Diesel,Manual,2,2018,1493,7,6 Lakh,600000
Honda City 1.5 S AT,40000,Petrol,Automatic,1,2009,1497,5,4 Lakh,400000
Maruti Ciaz Delta Diesel,55000,Diesel,Manual,1,2015,1248,5,6.25 Lakh,625000
Hyundai Grand i10 1.2 Kappa Sportz Option,38000,Petrol,Manual,1,2019,1197,5,5.75 Lakh,575000
Audi Q3 30 TFSI Premium FWD,40000,Petrol,Automatic,1,2017,1395,5,23.50 Lakh,2350000
Hyundai Santro GS zipDrive - Euro II,60000,Petrol,Manual,2,2006,999,5,1.35 Lakh,135000
Mahindra Bolero SLX,110000,Diesel,Manual,3,2009,2523,7,3 Lakh,300000
Maruti Swift LDI,143000,Diesel,Manual,2,2011,1248,5,2.10 Lakh,210000
Tata Indica Aqua 1.3 Quadrajet BSIV,110000,Diesel,Manual,3,2012,1248,5,1.25 Lakh,125000
Mahindra KUV 100 mFALCON D75 K4 Plus,58000,Diesel,Manual,1,2017,1198,6,4.75 Lakh,475000
Honda City i VTEC SV,65000,Petrol,Manual,2,2014,1497,5,5.50 Lakh,550000
Tata Harrier XZ Plus,50000,Diesel,Manual,1,2021,1956,5,17 Lakh,1700000
Tata Zest Revotron 1.2 XT,55000,Petrol,Manual,1,2015,1193,5,3.49 Lakh,349000
Land Rover Discovery Sport R-Dynamic SE Diesel,19500,Diesel,Automatic,1,2021,1999,7,70 Lakh,7000000
Mahindra XUV500 AT W10 FWD,78000,Diesel,Automatic,2,2016,2179,7,9.25 Lakh,925000
Honda City V MT,58000,Petrol,Manual,1,2010,1497,5,3.90 Lakh,390000
Mahindra XUV500 W10 2WD,91000,Diesel,Manual,1,2017,2179,7,10.25 Lakh,1025000
Mahindra XUV500 AT W10 1.99 mHawk,30000,Diesel,Automatic,1,2016,1997,7,11.25 Lakh,1125000
Maruti Baleno 1.2 Zeta,44153,Petrol,Manual,1,2018,1197,5,7.25 Lakh,725000
Mercedes-Benz C-Class C 250d Avantgarde Edition C,21000,Diesel,Automatic,1,2018,2143,5,34.50 Lakh,3450000
Kia Seltos HTX G,19000,Petrol,Manual,1,2020,1497,5,14 Lakh,1400000
Hyundai Alcazar Signature Diesel AT,27300,Diesel,Automatic,1,2021,1493,6,19.50 Lakh,1950000
Skoda Superb Laurin & klement,31001,Petrol,Automatic,1,2021,1984,5,34 Lakh,3400000
Renault KWID 1.0 RXT,50000,Petrol,Manual,1,2017,999,5,3.10 Lakh,310000
Maruti Wagon R LXI BSII,77000,Petrol,Manual,2,2005,998,5,1.30 Lakh,130000
Maruti Swift Dzire AMT VXI,53000,Petrol,Automatic,1,2018,1197,5,6.50 Lakh,650000
Datsun RediGO S,20000,Petrol,Manual,1,2017,799,5,2.75 Lakh,275000
Honda Brio S Option MT,72000,Petrol,Manual,1,2013,1198,5,3.50 Lakh,350000
Hyundai Creta 1.6 VTVT S,26000,Petrol,Manual,1,2016,1591,5,8.90 Lakh,890000
Honda Amaze S i-Dtech,66000,Diesel,Manual,1,2015,1498,5,4.25 Lakh,425000
Jaguar XF 2.2 Litre Luxury,69619,Diesel,Automatic,1,2014,2179,5,22 Lakh,2200000
Maruti Alto K10 VXI AMT,30000,Petrol,Automatic,1,2018,998,5,4.30 Lakh,430000
Maruti Wagon R LXI Minor,61000,Petrol,Manual,1,2009,1061,5,2.11 Lakh,211000
Renault Duster 110PS Diesel RxZ AMT,31000,Diesel,Automatic,1,2018,1461,5,9.75 Lakh,975000
Volkswagen Polo GT TSI,66000,Petrol,Automatic,1,2015,1197,5,6.25 Lakh,625000
Land Rover Discovery Sport R-Dynamic SE,7700,Petrol,Automatic,1,2021,1997,7,72 Lakh,7200000
Mahindra XUV700 AX3 AT,9000,Petrol,Automatic,1,2022,1999,5,17.50 Lakh,1750000
Tata Tigor 1.2 Revotron XT,60000,Petrol,Manual,2,2017,1199,5,3.40 Lakh,340000
Skoda Fabia 1.2 MPI Active,110000,Petrol,Manual,3,2009,1198,5,1.10 Lakh,110000
Kia Seltos HTX Plus AT D,51001,Diesel,Automatic,1,2020,1493,5,16.75 Lakh,1675000
Jeep Compass 2.0 Limited Plus AT,56207,Diesel,Automatic,1,2020,1956,5,21 Lakh,2100000
Mercedes-Benz GLA Class 200 d Sport,58000,Diesel,Automatic,1,2019,2143,5,26.90 Lakh,2690000
Hyundai i20 Diesel Sportz,73290,Diesel,Manual,1,2018,1396,5,6.50 Lakh,650000
Hyundai Verna 1.6 CRDi S,44283,Diesel,Manual,1,2017,1582,5,7.90 Lakh,790000
Maruti Celerio VXI AT,48000,Petrol,Automatic,1,2016,998,5,4.25 Lakh,425000
Honda City 1.5 S MT,107500,Petrol,Manual,3,2010,1497,5,3.40 Lakh,340000
Maruti Swift 1.3 LXI,80000,Petrol,Manual,3,2007,1298,5,"99,999",99999
Maruti SX4 Celebration Petrol,90000,Petrol,Manual,2,2009,1586,5,2 Lakh,200000
Maruti Vitara Brezza LXI,10000,Petrol,Manual,1,2021,1462,5,7.75 Lakh,775000
Maruti Wagon R LXI BS IV,120000,Petrol,Manual,1,2011,998,5,2.15 Lakh,215000
Maruti Wagon R LXI BS IV,120000,Petrol,Manual,1,2011,998,5,2.37 Lakh,237000
Maruti Zen LX,90000,Petrol,Manual,3,2002,993,5,"55,000",55000
Mahindra KUV 100 NXT G80 K2,46000,Petrol,Manual,1,2018,1198,6,4.25 Lakh,425000
Nissan Sunny XL D,28000,Diesel,Manual,1,2017,1461,5,5.75 Lakh,575000
Honda WR-V SV,24000,Petrol,Manual,1,2020,1199,5,8.25 Lakh,825000
Honda WR-V i-VTEC S,23000,Petrol,Manual,1,2018,1199,5,6.90 Lakh,690000
Honda WR-V i-VTEC VX,24300,Petrol,Manual,1,2018,1199,5,7.75 Lakh,775000
Honda WR-V i-VTEC VX,51000,Petrol,Manual,1,2019,1199,5,7.90 Lakh,790000
Kia Seltos GTX Plus DCT,6000,Petrol,Automatic,1,2020,1353,5,14.90 Lakh,1490000
Kia Seltos GTX Plus DCT,12600,Petrol,Automatic,1,2021,1353,5,17.25 Lakh,1725000
Jeep Meridian Limited Opt AT 4x4,3500,Diesel,Automatic,1,2022,1956,7,37 Lakh,3700000
Hyundai i10 Era,120000,Petrol,Manual,1,2011,1086,5,2.30 Lakh,230000
Hyundai Grand i10 Nios Sportz CNG,5000,Cng,Manual,1,2022,1197,5,7.50 Lakh,750000
Hyundai Santro Xing GLS,120000,Petrol,Manual,4,2010,1086,5,1.35 Lakh,135000
Honda Jazz V CVT,40000,Petrol,Automatic,1,2018,1199,5,6.95 Lakh,695000
Honda City i-VTEC V,96000,Petrol,Manual,1,2018,1497,5,7.85 Lakh,785000
Honda City 1.5 S MT,67000,Petrol,Manual,2,2010,1497,5,3.25 Lakh,325000
Honda City i-VTEC V,72000,Petrol,Manual,1,2018,1497,5,7.90 Lakh,790000
Hyundai i10 Magna,89000,Petrol,Manual,1,2013,1197,5,3.21 Lakh,321000
Volkswagen Polo Diesel Trendline 1.2L,64000,Diesel,Manual,1,2011,1199,5,3.30 Lakh,330000
Maruti Swift Vdi BSIII,120000,Diesel,Manual,3,2010,1248,5,2 Lakh,200000
Honda Jazz 1.2 SV i VTEC,42000,Petrol,Manual,1,2017,1199,5,5.40 Lakh,540000
Datsun RediGO T,55000,Petrol,Manual,1,2017,799,5,2.70 Lakh,270000
Hyundai Santro Era Executive BSIV,30000,Petrol,Manual,1,2019,1086,5,4.95 Lakh,495000
Tata Hexa XTA,86500,Diesel,Automatic,2,2017,2179,7,10 Lakh,1000000
Honda CR-V 2.4L 4WD AT,59000,Petrol,Automatic,1,2014,2354,5,10.50 Lakh,1050000
Hyundai EON Era Plus,15000,Petrol,Manual,1,2018,814,5,3.10 Lakh,310000
Mahindra Scorpio S7 140 BSIV,70000,Diesel,Manual,1,2019,2179,7,12 Lakh,1200000
Volkswagen Polo ALLSTAR 1.2 MPI,50000,Petrol,Manual,2,2017,1198,5,6 Lakh,600000
Chevrolet Cruze LT,110000,Diesel,Manual,1,2012,1991,5,3 Lakh,300000
Tata Nexon XMA AMT,13700,Petrol,Automatic,1,2021,1199,5,9.25 Lakh,925000
Maruti Swift VXI BSIV,25000,Petrol,Manual,1,2019,1197,5,5.70 Lakh,570000
Ford Ecosport Sports Diesel,20000,Diesel,Manual,1,2021,1498,5,11 Lakh,1100000
Jaguar XF 2.2 Litre Luxury,70000,Diesel,Automatic,2,2014,2179,5,18 Lakh,1800000
Tata Indica TDI LX,35000,Diesel,Manual,3,2013,1405,5,1 Lakh,100000
Toyota Fortuner 4X4 Diesel AT,26629,Diesel,Automatic,1,2021,2755,7,43.50 Lakh,4350000
Mercedes-Benz C-Class Progressive C 220d,20000,Diesel,Automatic,1,2019,1950,5,46.50 Lakh,4650000
Mercedes-Benz GLC Progressive 220d,33000,Diesel,Automatic,1,2019,2143,5,53.95 Lakh,5395000
BMW 3 Series Gran Limousine 330Li M Sport First Edition,25000,Petrol,Automatic,1,2021,1998,5,61.75 Lakh,6175000
Audi Q3 30 TDI,55291,Diesel,Manual,1,2017,1968,5,27.95 Lakh,2795000
Mercedes-Benz C-Class C 220 CDI Avantgarde,58500,Diesel,Automatic,1,2013,2143,5,16.50 Lakh,1650000
Audi Q7 45 TDI Quattro Technology,15000,Diesel,Automatic,1,2018,2967,7,72.50 Lakh,7250000
Renault Duster 85PS Diesel RxL Option,90000,Diesel,Manual,1,2014,1461,5,6.50 Lakh,650000
Audi Q3 35 TDI Quattro Premium,64000,Diesel,Automatic,2,2012,1968,5,13 Lakh,1300000
Maruti Zen LXI,132596,Petrol,Manual,2,2004,993,5,4 Lakh,400000
Maruti Swift VXI BSIII,99673,Petrol,Manual,3,2008,1298,5,1.54 Lakh,154000
Tata Nexon EV Prime XZ Plus LUX,24374,Electric,Automatic,1,2021,0,5,4.18 Lakh,418000
Volkswagen Vento Petrol Highline AT,69828,Petrol,Automatic,3,2011,1598,5,3.92 Lakh,392000
Maruti Baleno 1.2 Alpha,72820,Petrol,Manual,2,2016,1197,5,5.94 Lakh,594000
Mercedes-Benz C-Class Progressive C 220d,20785,Diesel,Automatic,1,2019,1950,5,37.24 Lakh,3724000
Maruti Swift Dzire VXI AT Optional,31172,Petrol,Automatic,2,2016,1197,5,5.88 Lakh,588000
Hyundai Grand i10 Sportz,24395,Petrol,Manual,1,2016,1197,5,4.52 Lakh,452000
MG Hector Sharp DCT,11050,Petrol,Automatic,1,2021,1451,5,18.25 Lakh,1825000
Toyota Innova 2.5 GX (Diesel) 7 Seater BS IV,123394,Diesel,Manual,2,2013,2494,7,7.74 Lakh,774000
Maruti Swift ZDi,105053,Diesel,Manual,2,2013,1248,5,4.21 Lakh,421000
Hyundai i20 Sportz,10283,Petrol,Manual,1,2021,1197,5,8.44 Lakh,844000
Tata Harrier XZ Plus Dark Edition,2443,Diesel,Manual,1,2022,1956,5,21.99 Lakh,2199000
Toyota Fortuner 2.7 2WD AT,44000,Petrol,Automatic,2,2019,2694,7,31 Lakh,3100000
Audi Q5 3.0 TDI Quattro,68000,Diesel,Automatic,3,2011,2967,5,9.95 Lakh,995000
Mahindra Ssangyong Rexton RX7,72000,Diesel,Automatic,1,2013,2696,7,9.75 Lakh,975000
Hyundai i10 Magna 1.1L,38000,Petrol,Manual,1,2011,1086,5,2.25 Lakh,225000
Maruti Swift Dzire VXI 1.2 BS IV,65000,Petrol,Manual,1,2019,1197,5,6.50 Lakh,650000
Audi Q7 45 TDI Quattro Premium Plus,43000,Diesel,Automatic,2,2014,2967,7,18.75 Lakh,1875000
Hyundai i10 Sportz 1.1L,52000,Petrol,Manual,2,2014,1086,5,4.25 Lakh,425000
Mahindra XUV500 W8 FWD,117000,Diesel,Manual,1,2012,2179,7,7.45 Lakh,745000
Hyundai Verna 1.6 VTVT SX Option,84000,Petrol,Manual,1,2016,1591,5,8.25 Lakh,825000
Maruti Alto 800 LXI,45080,Petrol,Manual,3,2015,796,5,2.04 Lakh,204000
Maruti Eeco 5 Seater AC BSIV,39341,Petrol,Manual,1,2019,1196,5,4.70 Lakh,470000
Mahindra Scorpio 2.6 Turbo 7 Str,133000,Diesel,Manual,1,2007,2609,8,3.30 Lakh,330000
Mahindra e2o T2,54112,Electric,Automatic,1,2014,0,5,3.21 Lakh,321000
Hyundai i20 Sportz Plus BSIV,14824,Petrol,Manual,1,2020,1197,5,8.20 Lakh,820000
Honda City i VTEC VX,82500,Petrol,Manual,1,2017,1497,5,9.25 Lakh,925000
Kia Seltos HTK Plus G,17922,Petrol,Manual,1,2020,1497,5,13.49 Lakh,1349000
BMW X7 xDrive 40i,13000,Petrol,Automatic,1,2019,2998,7,1.23 Crore,12300000
Mitsubishi Pajero Sport 4X4 AT,85000,Diesel,Automatic,1,2015,2477,6,16.75 Lakh,1675000
Hyundai Grand i10 AT Asta,67000,Petrol,Automatic,1,2015,1197,5,5.75 Lakh,575000
Honda Jazz V CVT,35000,Petrol,Automatic,1,2018,1199,5,7.45 Lakh,745000
Maruti Alto 800 LXI,53000,Petrol,Manual,1,2016,796,5,3.45 Lakh,345000
MG Hector Hybrid Sharp MT,598,Petrol,Manual,1,2022,1451,5,20.75 Lakh,2075000
Maruti Ertiga ZDI Plus,75727,Diesel,Manual,1,2019,1248,7,8.92 Lakh,892000
Kia Seltos GTX Plus DCT,7000,Petrol,Automatic,1,2020,1353,5,18.90 Lakh,1890000
Maruti Vitara Brezza ZDi Plus Dual Tone,62403,Diesel,Manual,1,2016,1248,5,8.58 Lakh,858000
Volkswagen Polo 1.5 TDI Comfortline,44487,Diesel,Manual,2,2014,1498,5,4.53 Lakh,453000
Mercedes-Benz C-Class Progressive C 220d,24000,Diesel,Automatic,2,2020,1950,5,39 Lakh,3900000
Toyota Innova Crysta 2.4 ZX AT,47000,Diesel,Automatic,1,2020,2393,7,28.50 Lakh,2850000
Hyundai i10 Magna 1.1L,31212,Petrol,Manual,1,2008,1086,5,1.90 Lakh,190000
Skoda Superb Laurin & klement,17776,Petrol,Automatic,1,2020,1984,5,33.65 Lakh,3365000
Hyundai Verna 1.6 CRDi S,31837,Diesel,Manual,2,2015,1582,5,6.58 Lakh,658000
Audi A3 35 TDI Premium Plus,39000,Diesel,Automatic,1,2020,1968,5,25.80 Lakh,2580000
Maruti Alto LXi BSIII,78000,Petrol,Manual,2,2006,796,5,1.20 Lakh,120000
Ford Ecosport 1.5 Petrol Titanium Plus AT BSIV,31000,Petrol,Automatic,1,2020,1497,5,11.85 Lakh,1185000
Maruti Swift VDI,115986,Diesel,Manual,2,2013,1248,5,3.88 Lakh,388000
Toyota Etios G SP,73029,Petrol,Manual,2,2014,1496,5,3.92 Lakh,392000
Hyundai Verna 1.6 SX VTVT AT,25000,Petrol,Automatic,2,2013,1591,5,6.35 Lakh,635000
Honda Amaze E i-Dtech,74809,Diesel,Manual,1,2013,1498,5,2.44 Lakh,244000
Hyundai i20 1.2 Magna,33560,Petrol,Manual,1,2011,1197,5,2.72 Lakh,272000
Hyundai i10 Sportz AT,40821,Petrol,Automatic,1,2011,1197,5,2.86 Lakh,286000
Mercedes-Benz C-Class C 220 CDI Celebration Edition,58000,Diesel,Automatic,2,2014,2143,5,15.75 Lakh,1575000
Ford Figo Petrol EXI,75991,Petrol,Manual,2,2010,1196,5,1.63 Lakh,163000
Maruti Swift ZXI ABS,136432,Petrol,Manual,2,2008,1298,5,1.78 Lakh,178000
Maruti Alto LXi BSIII,70229,Petrol,Manual,4,2008,796,5,"84,778",84778
Toyota Innova Crysta 2.8 GX AT 8S BSIV,83000,Diesel,Automatic,2,2016,2755,8,17.25 Lakh,1725000
Hyundai Santro Xing GLS,51915,Petrol,Manual,1,2008,1086,5,1.11 Lakh,111000
Volkswagen Polo GT TSI,63100,Petrol,Automatic,2,2014,1197,5,5.50 Lakh,550000
Mercedes-Benz GLE 250d,54000,Diesel,Automatic,2,2017,2143,5,48 Lakh,4800000
BMW X1 sDrive20d xLine,9000,Diesel,Automatic,1,2021,1995,5,45.50 Lakh,4550000
Hyundai Santro Xing GL Plus,46833,Petrol,Manual,1,2012,1086,5,3.25 Lakh,325000
Hyundai Verna 1.6 CRDi EX MT,78744,Diesel,Manual,2,2012,1582,5,5.25 Lakh,525000
Maruti Swift VDI BSIV,79542,Diesel,Manual,2,2014,1248,5,4.90 Lakh,490000
Honda City 1.5 V AT,96000,Petrol,Automatic,2,2010,1497,5,4.60 Lakh,460000
Kia Sonet GTX Plus Turbo iMT,13000,Petrol,Manual,1,2021,998,5,13.25 Lakh,1325000
Maruti Swift VDI BSIV,44521,Diesel,Manual,1,2010,1248,5,3.80 Lakh,380000
Hyundai Grand i10 1.2 Kappa Sportz Option AT,29927,Petrol,Automatic,2,2017,1197,5,5.47 Lakh,547000
Honda CR-V 2.0L 2WD AT,48019,Petrol,Automatic,1,2017,1997,5,19.75 Lakh,1975000
Hyundai Grand i10 Asta Option,27311,Petrol,Manual,2,2017,1197,5,6.75 Lakh,675000
Mahindra XUV500 W11 Option AWD,14000,Diesel,Manual,1,2021,2179,7,20.50 Lakh,2050000
Hyundai i10 Magna 1.2,64640,Petrol,Manual,1,2009,1197,5,3.15 Lakh,315000
Honda City i VTEC S,96505,Petrol,Manual,2,2012,1497,5,4.99 Lakh,499000
Toyota Fortuner 2.8 2WD AT BSIV,90479,Diesel,Automatic,1,2018,2755,7,32 Lakh,3200000
Hyundai Venue S Opt,3500,Petrol,Manual,1,2022,1197,5,9.65 Lakh,965000
Tata Nexon 1.2 Revotron XT,42374,Petrol,Manual,1,2018,1198,5,8.55 Lakh,855000
Maruti Baleno 1.3 Alpha,45879,Diesel,Manual,1,2016,1248,5,7.10 Lakh,710000
Maruti Ciaz VDi Plus SHVS,120000,Diesel,Manual,2,2016,1248,5,5.72 Lakh,572000
Hyundai Grand i10 Asta,89680,Petrol,Manual,2,2015,1197,5,4.70 Lakh,470000
BMW 3 Series 320d,99000,Diesel,Automatic,3,2012,1995,5,12.75 Lakh,1275000
Maruti Zen VXI,90000,Petrol,Manual,3,1998,993,5,1.10 Lakh,110000
BMW X5 xDrive 30d Design Pure Experience 5 Seater,27000,Diesel,Automatic,1,2018,2993,5,59.75 Lakh,5975000
Skoda Superb Elegance 2.0 TDI CR AT,79776,Diesel,Automatic,1,2015,1968,5,14.65 Lakh,1465000
Toyota Land Cruiser Prado TX,67000,Diesel,Automatic,1,2011,2982,7,54 Lakh,5400000
Skoda Octavia 2.0 TDI MT Style,108000,Diesel,Manual,1,2017,1968,5,14.75 Lakh,1475000
Volkswagen Vento 1.5 TDI Highline BSIV,58000,Diesel,Manual,1,2019,1498,5,9.45 Lakh,945000
Skoda Octavia 1.8 TSI AT L K,32067,Petrol,Automatic,1,2018,1798,5,22.75 Lakh,2275000
Toyota Innova Crysta 2.4 VX MT BSIV,52187,Diesel,Manual,2,2017,2393,7,19.50 Lakh,1950000
BMW 5 Series 530d M Sport,17100,Diesel,Automatic,1,2019,2993,5,58.75 Lakh,5875000
MG Hector Plus Sharp DCT,9562,Petrol,Automatic,1,2021,1451,6,19.40 Lakh,1940000
MG Hector Sharp Diesel MT BSIV,36388,Diesel,Manual,1,2019,1956,5,18.10 Lakh,1810000
Mercedes-Benz C-Class C 250 CDI Elegance,45000,Diesel,Automatic,2,2011,2143,5,9.75 Lakh,975000
Jeep Compass 2.0 Sport Plus BSIV,36149,Diesel,Manual,1,2019,1956,5,17.75 Lakh,1775000
Kia Seltos GTX Plus,20155,Petrol,Manual,1,2020,1353,5,16.95 Lakh,1695000
MG Hector Sharp AT BSIV,51904,Petrol,Automatic,1,2019,1451,5,16.75 Lakh,1675000
Volkswagen Polo GT TSI,54000,Petrol,Automatic,1,2015,1197,5,7.25 Lakh,725000
Kia Seltos GTX Plus,31727,Petrol,Manual,2,2019,1353,5,15.65 Lakh,1565000
Mahindra XUV500 AT W10 FWD,73986,Diesel,Automatic,1,2017,2179,7,14.45 Lakh,1445000
Kia Sonet 1.5 GTX Plus Diesel,7100,Diesel,Manual,1,2021,1493,5,14.25 Lakh,1425000
Kia Sonet GTX Plus Turbo iMT,5397,Petrol,Manual,1,2021,998,5,13.95 Lakh,1395000
BMW X3 xDrive 20d Luxury Line,65000,Diesel,Automatic,1,2018,1995,5,49.50 Lakh,4950000
Hyundai i20 1.4 Asta Option,90000,Diesel,Manual,1,2017,1396,5,7 Lakh,700000
Maruti Swift Dzire VXI,80000,Petrol,Manual,2,2013,1197,5,4.75 Lakh,475000
Volkswagen Polo GT TSI,91000,Petrol,Automatic,2,2015,1197,5,7 Lakh,700000
BMW 7 Series 730Ld Sedan,69000,Diesel,Automatic,2,2010,2993,5,23.75 Lakh,2375000
Toyota Fortuner 4x2 Manual,89000,Diesel,Manual,2,2014,2982,7,17.50 Lakh,1750000
Hyundai Santa Fe 4X4,95254,Diesel,Manual,1,2013,2199,7,8.25 Lakh,825000
Hyundai Creta 1.6 VTVT SX Plus,51000,Petrol,Manual,1,2016,1591,5,10.50 Lakh,1050000
Hyundai i10 Sportz AT,62000,Petrol,Automatic,2,2014,1197,5,3.95 Lakh,395000
Tata Hexa XT,120000,Diesel,Manual,1,2017,2179,7,12.35 Lakh,1235000
Tata Harrier XZA Plus Dark Edition AT 2020-2022,2000,Diesel,Automatic,1,2022,1956,5,25.75 Lakh,2575000
Volkswagen Polo Cup Edition Comfortline,46000,Petrol,Manual,1,2017,999,5,6.85 Lakh,685000
Maruti Ertiga SHVS ZDI Plus,65000,Diesel,Manual,2,2017,1248,7,9.45 Lakh,945000
Maruti Alto K10 VXI,22248,Petrol,Manual,1,2017,998,5,4.25 Lakh,425000
BMW 5 Series 520d Luxury Line,40000,Diesel,Automatic,1,2018,1995,5,43 Lakh,4300000
Honda City i VTEC S,73000,Petrol,Manual,1,2013,1497,5,5.75 Lakh,575000
Volkswagen Polo GT 1.0 TSI,54000,Petrol,Automatic,1,2021,999,5,11.45 Lakh,1145000
Honda Civic 1.8 (E) MT,90000,Petrol,Manual,2,2006,1799,5,2.60 Lakh,260000
Jeep Compass Model S DCT,15000,Petrol,Automatic,1,2021,1368,5,27.25 Lakh,2725000
Kia Seltos GTX Plus AT D,30000,Diesel,Automatic,1,2021,1493,5,18.20 Lakh,1820000
Jaguar XF 2.2 Litre Luxury,26000,Diesel,Automatic,1,2016,2179,5,27.95 Lakh,2795000
Mahindra Scorpio SLX 2.6 Turbo 7 Str,155000,Diesel,Manual,2,2006,2609,7,3.50 Lakh,350000
Mercedes-Benz GLA Class 200 Sport,29366,Petrol,Automatic,1,2019,1991,5,34.25 Lakh,3425000
Volkswagen Polo 1.2 MPI Highline,28211,Petrol,Manual,1,2016,1198,5,6.75 Lakh,675000
Kia Seltos GTX DCT,40000,Petrol,Automatic,1,2019,1353,5,16.75 Lakh,1675000
BMW 5 Series 520d Luxury Line,54000,Diesel,Automatic,1,2015,1995,5,24.50 Lakh,2450000
Mahindra XUV500 W8 2WD,82000,Diesel,Manual,2,2015,2179,7,10.25 Lakh,1025000
Hyundai Verna 1.6 SX VTVT,117000,Petrol,Manual,1,2011,1591,5,4.65 Lakh,465000
Mahindra Scorpio S10 8 Seater,111000,Diesel,Manual,2,2015,2179,8,11.25 Lakh,1125000
Maruti Swift Dzire AMT ZDI Plus,108000,Diesel,Automatic,1,2018,1248,5,7.95 Lakh,795000
Maruti Omni 8 Seater BSIV,4000,Petrol,Manual,1,2017,796,5,3.30 Lakh,330000
Toyota Innova 2.5 V Diesel 7-seater,290000,Diesel,Manual,3,2011,2494,7,6.85 Lakh,685000
Ford Endeavour 3.2 Titanium AT 4X4,35000,Diesel,Automatic,1,2019,3198,7,35.90 Lakh,3590000
MG Hector Sharp DCT,13000,Petrol,Automatic,1,2020,1451,5,17.95 Lakh,1795000
Ford Freestyle Titanium Petrol BSIV,60000,Petrol,Manual,1,2018,1194,5,4.90 Lakh,490000
Ford Ecosport 1.5 Diesel Titanium Plus,90000,Diesel,Manual,1,2018,1498,5,9.75 Lakh,975000
Mercedes-Benz GLA Class 200 d Sport,16975,Diesel,Automatic,2,2019,2143,5,33.75 Lakh,3375000
Hyundai Grand i10 Magna Petrol BSIV,11000,Petrol,Manual,1,2018,1197,5,5.75 Lakh,575000
Skoda Rapid 1.5 TDI Style BSIV,59000,Diesel,Manual,1,2018,1498,5,9.85 Lakh,985000
Maruti Wagon R LXI DUO BSIII,46000,Lpg,Manual,2,2008,1061,5,2.25 Lakh,225000
Maruti Alto LXi BSII,80000,Petrol,Manual,3,2004,796,5,1.35 Lakh,135000
Hyundai i20 Petrol Asta Option,25000,Petrol,Manual,1,2019,1197,5,7.50 Lakh,750000
Hyundai i20 1.2 Asta,54801,Petrol,Manual,2,2018,1197,5,7.25 Lakh,725000
Honda Accord V6 AT,75000,Petrol,Automatic,2,2005,2997,5,2 Lakh,200000
Maruti Vitara Brezza ZDi,130000,Diesel,Manual,1,2017,1248,5,8.65 Lakh,865000
Hyundai Accent Executive,71000,Petrol,Manual,2,2013,1495,5,3.10 Lakh,310000
Honda CR-V AT With Sun Roof,70000,Petrol,Automatic,1,2010,1198,5,10 Lakh,1000000
Hyundai Venue SX iMT,14115,Petrol,Manual,1,2019,998,5,10.45 Lakh,1045000
Honda Amaze VX Petrol BSIV,30000,Petrol,Manual,2,2019,1199,5,7.50 Lakh,750000
BMW X3 xDrive20d xLine,63170,Diesel,Automatic,1,2017,1995,5,39.95 Lakh,3995000
Toyota Corolla Executive (HE),80000,Petrol,Manual,2,2006,1794,5,2.95 Lakh,295000
Mercedes-Benz CLA 200 CDI Sport,47253,Diesel,Automatic,1,2018,2143,5,32.95 Lakh,3295000
Mahindra Xylo E4,56117,Diesel,Manual,1,2009,2498,7,2.95 Lakh,295000
Mercedes-Benz CLA 200 CDI Sport,14324,Diesel,Automatic,1,2018,2143,5,33.95 Lakh,3395000
Mercedes-Benz C-Class C 200 CGI,27600,Petrol,Automatic,1,2018,1991,5,34.45 Lakh,3445000
Skoda Octavia 1.8 TSI AT Style,38391,Petrol,Automatic,1,2018,1798,5,19.49 Lakh,1949000
Audi A4 35 TDI Premium Plus,49000,Diesel,Automatic,1,2018,1968,5,32.45 Lakh,3245000
Ford Ecosport 1.5 Diesel Trend Plus BSIV,45000,Diesel,Manual,1,2017,1498,5,7.75 Lakh,775000
Chevrolet Cruze LTZ AT,68000,Diesel,Automatic,2,2014,1998,5,6.95 Lakh,695000
Maruti Baleno 1.3 Alpha,67000,Diesel,Manual,1,2018,1248,5,8.25 Lakh,825000
Hyundai i20 1.2 Asta,80000,Petrol,Manual,1,2018,1197,5,7.75 Lakh,775000
Volkswagen Polo 1.2 MPI Highline,62000,Petrol,Manual,1,2016,1199,5,6.75 Lakh,675000
Tata New Safari Dicor VX 4X2,50000,Diesel,Manual,2,2009,2179,7,2.50 Lakh,250000
Mahindra XUV500 W8 2WD,100000,Diesel,Manual,3,2012,2179,7,6.95 Lakh,695000
Honda City GXi,75000,Petrol,Manual,5,2006,1497,5,2.75 Lakh,275000
Mahindra XUV500 W6 2WD,120000,Diesel,Manual,2,2014,2179,7,6.50 Lakh,650000
Mercedes-Benz B Class B200 CDI Sport,37000,Diesel,Automatic,2,2016,2143,5,17.45 Lakh,1745000
Audi Q3 35 TDI Quattro Premium Plus,64000,Diesel,Automatic,1,2018,1968,5,31 Lakh,3100000
Toyota Etios Cross 1.4 GD,79000,Diesel,Manual,2,2015,1364,5,6.95 Lakh,695000
Ford Fiesta 1.4 Duratec ZXI,80000,Petrol,Manual,1,2007,1388,5,1.80 Lakh,180000
Maruti Celerio VXI,14000,Petrol,Manual,1,2014,998,5,4.75 Lakh,475000
Maruti Celerio ZXI AMT Optional,28217,Petrol,Automatic,2,2018,998,5,5.25 Lakh,525000
Maruti Wagon R LXI,90000,Petrol,Manual,2,2003,998,5,1.40 Lakh,140000
Honda City 1.5 GXI,120000,Petrol,Manual,2,2005,999,5,1.85 Lakh,185000
Volkswagen Vento 1.0 TSI Highline Plus,26000,Petrol,Manual,1,2021,2987,5,10.45 Lakh,1045000
Mercedes-Benz GL-Class 350 CDI Blue Efficiency,100000,Diesel,Automatic,2,2013,1086,7,30 Lakh,3000000
Hyundai Santro Sportz BSIV,50000,Petrol,Manual,1,2019,1461,5,5 Lakh,500000
Renault Duster 85PS Diesel RxS,70000,Diesel,Manual,1,2019,1198,5,8.75 Lakh,875000
Honda Amaze E i-Vtech,80000,Petrol,Manual,3,2016,1196,5,3.62 Lakh,362000
Ford Figo Petrol EXI,157000,Petrol,Manual,3,2010,2184,5,1.80 Lakh,180000
Mahindra Thar LX 4-Str Hard Top Diesel,15550,Diesel,Manual,1,2021,1248,4,17.45 Lakh,1745000
Maruti Ertiga SHVS VDI,80000,Diesel,Manual,1,2017,2179,7,8 Lakh,800000
Mahindra XUV500 AT W10 FWD,59432,Diesel,Automatic,1,2017,1598,7,13.95 Lakh,1395000
Skoda Rapid 1.6 MPI Style BSIV,53047,Petrol,Manual,1,2020,1598,5,10.45 Lakh,1045000
Volkswagen Vento 1.6 Highline,46464,Petrol,Manual,1,2016,998,5,7.75 Lakh,775000
Maruti Zen Estilo VXI BSIII,70000,Petrol,Manual,4,2007,1461,5,1.20 Lakh,120000
Renault Duster 85PS Diesel RxS,23000,Diesel,Manual,2,2019,2199,5,10.75 Lakh,1075000
Kia Carnival Limousine,30000,Diesel,Automatic,1,2020,2143,7,34.50 Lakh,3450000
Mercedes-Benz GLC 220d 4MATIC Sport,22000,Diesel,Automatic,1,2018,2596,5,48.75 Lakh,4875000
Force Gurkha Xplorer,35000,Diesel,Manual,2,2018,1582,7,9.20 Lakh,920000
Hyundai Creta 1.6 CRDi SX,80000,Diesel,Manual,1,2016,1799,5,10.50 Lakh,1050000
Honda Civic 1.8 S AT,100000,Petrol,Automatic,4,2006,1173,5,2 Lakh,200000
Premier Rio Petrol GLX,95000,Petrol,Manual,1,2014,2523,5,3.50 Lakh,350000
Mahindra Jeep CL 500 MDI,100000,Diesel,Manual,1,1995,1199,6,2.60 Lakh,260000
Chevrolet Beat LS,50000,Petrol,Manual,3,2012,1197,5,1.80 Lakh,180000
Maruti Ritz VXI,64000,Petrol,Manual,1,2015,1496,5,5.25 Lakh,525000
Ford Ecosport 1.5 Petrol Titanium Plus AT,15509,Petrol,Automatic,2,2020,1498,5,10.85 Lakh,1085000
Ford Ecosport 1.5 Diesel Titanium,43203,Diesel,Manual,2,2018,1086,5,9.65 Lakh,965000
Hyundai i10 Era,80000,Petrol,Manual,1,2007,1493,5,2.66 Lakh,266000
Hyundai Creta SX Diesel,50000,Diesel,Manual,1,2020,998,5,17.95 Lakh,1795000
Maruti Celerio ZXI AT,40000,Petrol,Automatic,2,2017,1498,5,4.60 Lakh,460000
Skoda Rapid 1.5 TDI Ambition BSIV,111000,Diesel,Manual,1,2020,1298,5,9.95 Lakh,995000
Maruti Esteem Vxi - BSIII,73000,Petrol,Manual,2,2006,2982,5,1.20 Lakh,120000
Toyota Fortuner 4x2 Manual,220000,Diesel,Manual,2,2014,1197,7,16.75 Lakh,1675000
Hyundai Grand i10 1.2 Kappa Sportz Option,11717,Petrol,Manual,2,2017,2143,5,5.35 Lakh,535000
Mercedes-Benz GLE 250d,46000,Diesel,Automatic,2,2019,1197,5,56.50 Lakh,5650000
Hyundai Grand i10 Nios Sportz,15000,Petrol,Manual,1,2021,1248,5,6.48 Lakh,648000
Maruti Ertiga ZDI,110000,Diesel,Manual,2,2013,2179,7,5.95 Lakh,595000
Mahindra XUV500 AT W10 FWD,66968,Diesel,Automatic,1,2016,1248,7,14.25 Lakh,1425000
Maruti Swift Dzire VDI,120000,Diesel,Manual,2,2015,2523,5,5 Lakh,500000
Mahindra Bolero ZLX,70000,Diesel,Manual,1,2018,1197,7,7.35 Lakh,735000
Maruti Swift Dzire AMT ZXI Plus,47000,Petrol,Automatic,2,2017,1298,5,7.55 Lakh,755000
Maruti Swift ZXI ABS,110000,Petrol,Manual,4,2006,1199,5,2.50 Lakh,250000
Volkswagen Polo Diesel Highline 1.2L,81000,Diesel,Manual,2,2012,1497,5,4.95 Lakh,495000
Honda City CVT,70000,Petrol,Automatic,3,2005,1497,5,2.25 Lakh,225000
Hyundai Creta SX Executive,12662,Petrol,Manual,1,2021,1591,5,15.95 Lakh,1595000
Hyundai Creta 1.6 E Plus,14000,Petrol,Manual,1,2018,1591,5,10.25 Lakh,1025000
Hyundai Verna 1.6 SX VTVT,56000,Petrol,Manual,2,2014,1248,5,5.75 Lakh,575000
Maruti Vitara Brezza VDi Option,54000,Diesel,Manual,1,2019,1197,5,9.96 Lakh,996000
Hyundai i20 Magna Plus,63000,Petrol,Manual,1,2020,1797,5,7.75 Lakh,775000
Hyundai Elantra SX,40000,Petrol,Manual,2,2013,1061,5,5.20 Lakh,520000
Maruti Zen Estilo 1.1 VXI BSIII,60000,Petrol,Manual,2,2008,1498,5,2.10 Lakh,210000
Ford Ecosport 1.5 DV5 MT Titanium,80000,Diesel,Manual,2,2013,1248,5,6 Lakh,600000
Maruti Ertiga SHVS VDI,120000,Diesel,Manual,1,2016,1462,7,6.50 Lakh,650000
Toyota Urban cruiser Mid,15000,Petrol,Manual,2,2022,1298,5,5.85 Lakh,585000
Maruti Swift Dzire ZXi,295000,Petrol,Manual,2,2009,1248,5,2.92 Lakh,292000
Maruti Baleno 1.3 Alpha,60000,Diesel,Manual,3,2017,1498,5,6.50 Lakh,650000
Renault Scala RxZ AT,50000,Petrol,Automatic,1,2014,1198,5,4.25 Lakh,425000
Honda Brio VX,55000,Petrol,Manual,2,2014,1499,5,4.45 Lakh,445000
Ford Ecosport 1.5 Ti VCT AT Titanium,77000,Petrol,Automatic,2,2014,1197,5,6.75 Lakh,675000
Hyundai i20 Sportz 1.2,33389,Petrol,Manual,1,2015,1396,5,5.33 Lakh,533000
Hyundai Verna 1.4 VTVT,17526,Petrol,Manual,1,2014,1197,5,5.36 Lakh,536000
Hyundai Grand i10 1.2 Kappa Sportz BSIV,15757,Petrol,Manual,1,2018,1197,5,5.64 Lakh,564000
Hyundai i10 Sportz,8183,Petrol,Manual,1,2012,1197,5,2.78 Lakh,278000
Maruti Baleno 1.2 Zeta,32590,Petrol,Manual,1,2017,1497,5,5.83 Lakh,583000
Honda City i VTEC VX,45423,Petrol,Manual,2,2016,1591,5,6.99 Lakh,699000
Hyundai Creta 1.6 VTVT AT SX Plus,52481,Petrol,Automatic,2,2016,1197,5,9 Lakh,900000
Maruti Ignis 1.2 Sigma BSIV,22915,Petrol,Manual,1,2017,1197,5,4.53 Lakh,453000
Maruti Swift Dzire ZXI,72123,Petrol,Manual,1,2017,1197,5,6.01 Lakh,601000
Hyundai i20 1.2 Spotz,37965,Petrol,Manual,1,2017,1197,5,5.75 Lakh,575000
Hyundai Grand i10 1.2 Kappa Asta,27651,Petrol,Manual,1,2018,1199,5,5.30 Lakh,530000
Honda Jazz 1.2 V i VTEC,92771,Petrol,Manual,1,2016,1591,5,4.95 Lakh,495000
Hyundai Verna VTVT 1.6 SX Option,51956,Petrol,Manual,1,2018,1198,5,10.28 Lakh,1028000
Mahindra KUV 100 mFALCON G80 K4 Plus 5str,34048,Petrol,Manual,1,2017,2993,5,3.99 Lakh,399000
BMW 7 Series 730Ld DPE Signature,47000,Diesel,Automatic,1,2017,1968,5,63.50 Lakh,6350000
Audi Q3 2.0 TDI,60000,Diesel,Automatic,3,2014,1950,5,14 Lakh,1400000
Mercedes-Benz GLC 220d 4MATIC,43000,Diesel,Automatic,1,2019,1591,5,47.75 Lakh,4775000
Hyundai Creta 1.6 VTVT E Plus,58596,Petrol,Manual,1,2017,2967,5,8.11 Lakh,811000
Audi Q7 45 TDI Quattro Technology,70000,Diesel,Automatic,1,2017,1248,7,48.50 Lakh,4850000
Maruti Ciaz ZDi Plus SHVS,69000,Diesel,Manual,1,2016,1197,5,6.75 Lakh,675000
Hyundai i10 Magna,50152,Petrol,Manual,1,2011,1461,5,2.28 Lakh,228000
Renault Duster 85PS Diesel RxL,62164,Diesel,Manual,1,2014,1591,5,5.14 Lakh,514000
Hyundai Creta 1.6 VTVT E Plus,49929,Petrol,Manual,1,2017,1197,5,8.20 Lakh,820000
Maruti Ignis 1.2 Alpha BSIV,60393,Petrol,Manual,1,2017,1598,5,4.91 Lakh,491000
Skoda Rapid 1.6 MPI AT Elegance Plus,46281,Petrol,Automatic,1,2016,1199,5,5.88 Lakh,588000
Honda Jazz 1.2 V i VTEC,53201,Petrol,Manual,1,2017,1798,5,5.53 Lakh,553000
Toyota Corolla Altis G MT,80056,Petrol,Manual,1,2015,1197,5,7.10 Lakh,710000
Hyundai Grand i10 Sportz,76175,Petrol,Manual,1,2013,1497,5,3.20 Lakh,320000
Honda City i VTEC V,51493,Petrol,Manual,1,2015,1197,5,6.01 Lakh,601000
Maruti Swift Dzire ZXI,63141,Petrol,Manual,1,2015,1248,5,5.32 Lakh,532000
Maruti Baleno 1.3 Alpha,37057,Diesel,Manual,2,2017,1798,5,6.51 Lakh,651000
Toyota Corolla Altis GL MT,60865,Petrol,Manual,1,2015,2179,5,8.52 Lakh,852000
Mahindra XUV500 W7 BSIV,45407,Diesel,Manual,2,2018,2179,7,11.10 Lakh,1110000
Mahindra XUV500 W5 BSIV,52652,Diesel,Manual,1,2019,1497,7,11.83 Lakh,1183000
Mahindra XUV300 W8 Option Diesel BSIV,42923,Diesel,Manual,1,2019,1591,5,10.60 Lakh,1060000
Hyundai Creta 1.6 VTVT SX Plus Dual Tone,56052,Petrol,Manual,1,2017,1396,5,9.20 Lakh,920000
Hyundai i20 Active 1.4,42923,Diesel,Manual,1,2017,1591,5,6.51 Lakh,651000
Hyundai Verna VTVT 1.6 SX,32733,Petrol,Manual,2,2018,1086,5,8.44 Lakh,844000
Hyundai Santro Xing GL,62207,Petrol,Manual,1,2013,1197,5,2.11 Lakh,211000
Hyundai i20 1.2 Asta Option,48352,Petrol,Manual,2,2017,1199,5,6.03 Lakh,603000
Honda Jazz 1.2 V AT i VTEC,57080,Petrol,Automatic,1,2016,1373,5,6 Lakh,600000
Maruti Ciaz ZXi,43168,Petrol,Manual,1,2016,1248,5,6.30 Lakh,630000
Maruti SX4 S Cross DDiS 200 Alpha,69517,Diesel,Manual,1,2017,1197,5,8.23 Lakh,823000
Maruti Baleno 1.2 CVT Zeta,54166,Petrol,Automatic,1,2016,1399,5,6.18 Lakh,618000
Ford Figo Diesel ZXI,67000,Diesel,Manual,1,2014,1197,5,2.85 Lakh,285000
Maruti Swift Dzire VXi AT,21000,Petrol,Automatic,1,2012,998,5,4.25 Lakh,425000
Maruti Wagon R LXI CNG Optional,67200,Cng,Manual,1,2014,1248,5,3.90 Lakh,390000
Maruti Ciaz ZDi Plus SHVS,69000,Diesel,Manual,1,2016,998,5,6.75 Lakh,675000
Maruti Wagon R AMT VXI,46000,Petrol,Automatic,2,2015,1991,5,4.25 Lakh,425000
Mercedes-Benz CLA 200 Sport Edition,42000,Petrol,Automatic,1,2016,998,5,20.90 Lakh,2090000
Maruti Wagon R CNG LXI,59000,Cng,Manual,1,2019,1968,5,4.90 Lakh,490000
Audi A6 35 TDI,50000,Diesel,Automatic,1,2015,2179,5,24.11 Lakh,2411000
Mahindra XUV500 W8 FWD,115000,Diesel,Manual,1,2012,1799,7,4.90 Lakh,490000
Honda Civic 1.8 V AT,68000,Petrol,Automatic,1,2010,1995,5,3.95 Lakh,395000
BMW 3 Series 320i Sedan,29000,Petrol,Automatic,2,2012,1199,5,7.70 Lakh,770000
Honda Jazz V CVT,68000,Petrol,Automatic,1,2016,1199,5,5.75 Lakh,575000
Honda Jazz 1.2 V i VTEC,43000,Petrol,Manual,1,2016,1968,5,5.45 Lakh,545000
Audi Q3 35 TDI Quattro Premium Plus,23000,Diesel,Automatic,2,2019,1495,5,30 Lakh,3000000
Hyundai Accent Executive,68000,Petrol,Manual,1,2009,1197,5,1.85 Lakh,185000
Hyundai Grand i10 AT Asta,31000,Petrol,Automatic,1,2016,1497,5,5.40 Lakh,540000
Honda City 1.5 S MT,60000,Petrol,Manual,2,2011,1498,5,3.25 Lakh,325000
Nissan Sunny XL,59000,Petrol,Manual,1,2013,1199,5,3.60 Lakh,360000
Chevrolet Beat LT,61000,Petrol,Manual,1,2014,1991,5,2.45 Lakh,245000
Mercedes-Benz E-Class E 200 CGI,52000,Petrol,Automatic,2,2013,1197,5,15 Lakh,1500000
Maruti Swift Dzire VXI,41000,Petrol,Manual,1,2016,1197,5,5.85 Lakh,585000
Hyundai i20 Asta Option 1.2,40008,Petrol,Manual,1,2014,1591,5,4.95 Lakh,495000
Hyundai Creta 1.6 SX,38170,Petrol,Manual,1,2019,1248,5,12.25 Lakh,1225000
Maruti Ciaz ZDi Plus SHVS,47000,Diesel,Manual,1,2016,1248,5,7.25 Lakh,725000
Maruti SX4 S Cross Alpha DDiS 200 SH,42332,Diesel,Manual,1,2018,1498,5,9.75 Lakh,975000
Nissan Sunny XE,34000,Petrol,Manual,1,2012,1197,5,2.85 Lakh,285000
Maruti Swift VVT VXI,13000,Petrol,Manual,1,2017,1462,5,5.50 Lakh,550000
Maruti Ciaz Alpha AT,10000,Petrol,Automatic,1,2021,1197,5,11.25 Lakh,1125000
Hyundai i20 1.2 Asta Option with Sunroof,37000,Petrol,Manual,1,2012,1591,5,3.99 Lakh,399000
Hyundai Creta 1.6 SX Automatic,39000,Petrol,Automatic,2,2017,1582,5,10 Lakh,1000000
Hyundai Creta 1.6 SX Automatic Diesel,129000,Diesel,Automatic,1,2016,1353,5,9.95 Lakh,995000
Kia Seltos GTX Plus DCT,20000,Petrol,Automatic,1,2021,1197,5,19.21 Lakh,1921000
Maruti Swift VXI,39000,Petrol,Manual,1,2013,998,5,3.99 Lakh,399000
Maruti Wagon R LXI CNG,72000,Cng,Manual,1,2017,1582,5,4.65 Lakh,465000
Hyundai Creta 1.6 CRDi AT SX Plus,63000,Diesel,Automatic,1,2017,4461,5,11 Lakh,1100000
Toyota Land Cruiser VX Premium,90000,Diesel,Automatic,1,2015,1995,7,91 Lakh,9100000
BMW 3 Series GT Luxury Line,66000,Diesel,Automatic,1,2016,1991,5,25.50 Lakh,2550000
Mercedes-Benz CLA 200 CGI Sport,27000,Petrol,Automatic,2,2016,1591,5,19.50 Lakh,1950000
Hyundai Verna 1.6 VTVT AT SX,94000,Petrol,Automatic,1,2016,998,5,6.50 Lakh,650000
Hyundai Venue S Turbo,26000,Petrol,Manual,1,2019,998,5,8.90 Lakh,890000
Hyundai Venue SX Opt iMT,1199,Petrol,Manual,1,2021,2143,5,11.25 Lakh,1125000
Mercedes-Benz GLE 250d,51000,Diesel,Automatic,2,2016,2967,5,39.50 Lakh,3950000
Audi Q7 3.0 TDI Quattro Premium Plus,83800,Diesel,Automatic,2,2013,1364,7,19.75 Lakh,1975000
Toyota Etios Cross 1.4L VD,75000,Diesel,Manual,1,2016,998,5,5.45 Lakh,545000
Maruti Alto K10 2010-2014 VXI,13000,Petrol,Manual,1,2012,1197,5,2.25 Lakh,225000
Maruti Swift Dzire VXI 1.2 BS IV,43136,Petrol,Manual,1,2017,1997,5,6.25 Lakh,625000
Land Rover Range Rover Evoque 2.0 R-Dynamic SE Diesel,18100,Diesel,Automatic,1,2020,2143,5,70 Lakh,7000000
Mercedes-Benz GLE 250d,46000,Diesel,Automatic,1,2016,1198,5,42.50 Lakh,4250000
Volkswagen Polo Petrol Highline 1.2L,32000,Petrol,Manual,2,2013,1995,5,3.45 Lakh,345000
BMW 3 Series 320d Sport Line,50000,Diesel,Automatic,1,2014,1497,5,16.75 Lakh,1675000
Honda City i VTEC CVT SV,58000,Petrol,Automatic,1,2016,1497,5,7.35 Lakh,735000
Honda City VTEC,86108,Petrol,Manual,1,2006,1198,5,1.58 Lakh,158000
Nissan Micra XV,55630,Petrol,Manual,1,2011,1199,5,2.50 Lakh,250000
Chevrolet Beat LS,63723,Petrol,Manual,1,2010,2400,5,1.34 Lakh,134000
Volvo S60 D5 Summum,33000,Diesel,Automatic,2,2014,998,5,13.25 Lakh,1325000
Maruti Wagon R LXI CNG,75270,Cng,Manual,1,2016,1197,5,3.40 Lakh,340000
Hyundai i20 1.2 Asta,80502,Petrol,Manual,3,2011,1368,5,2.64 Lakh,264000
Fiat Linea 1.4 Emotion,39520,Petrol,Manual,1,2013,2498,5,2.24 Lakh,224000
Toyota Camry 2.5 Hybrid,38000,Petrol,Automatic,1,2017,2179,5,18 Lakh,1800000
Mahindra XUV500 W8 2WD,116509,Diesel,Manual,2,2012,2967,7,4.63 Lakh,463000
Audi A6 3.0 TDI Quattro Technology,76398,Diesel,Automatic,2,2012,1995,5,10.85 Lakh,1085000
BMW 3 Series 320d Luxury Line,36000,Diesel,Automatic,1,2017,1248,5,26.74 Lakh,2674000
Maruti Ciaz VDi Plus SHVS,64803,Diesel,Manual,1,2016,1197,5,6.04 Lakh,604000
Hyundai i20 1.2 Sportz,34453,Petrol,Manual,1,2010,1197,5,2.52 Lakh,252000
Maruti Swift Dzire AMT VXI,17348,Petrol,Automatic,2,2017,1968,5,5.75 Lakh,575000
Audi Q5 2.0 TDI Premium Plus,51000,Diesel,Automatic,2,2013,1497,5,14.65 Lakh,1465000
Honda City i VTEC VX Option,58000,Petrol,Manual,1,2014,1497,5,5.65 Lakh,565000
Tata Nexon 1.5 Revotorq XM,102732,Diesel,Manual,1,2018,1498,5,6 Lakh,600000
Nissan Sunny XL CVT,90592,Petrol,Automatic,1,2013,1995,5,4 Lakh,400000
BMW X1 sDrive 20d xLine,22000,Diesel,Automatic,1,2020,0,5,43.75 Lakh,4375000
Tata Nexon EV Prime XZ Plus,10000,Electric,Automatic,1,2022,2993,5,15.50 Lakh,1550000
BMW 7 Series 730Ld M Sport,22000,Diesel,Automatic,1,2017,1193,4,72.50 Lakh,7250000
Tata Zest Revotron 1.2T XMS,65000,Petrol,Manual,2,2015,1995,5,3.25 Lakh,325000
Hyundai Tucson 2.0 e-VGT 2WD AT GL,59000,Diesel,Automatic,1,2018,1199,5,16.25 Lakh,1625000
Honda Jazz 1.2 V AT i VTEC Privilege,42306,Petrol,Automatic,1,2015,1197,5,4.95 Lakh,495000
Maruti Swift Dzire VXI,26000,Petrol,Manual,1,2014,998,5,4.65 Lakh,465000
Maruti A-Star Vxi,71000,Petrol,Manual,3,2009,1984,5,1.60 Lakh,160000
Volkswagen Beetle 2.0,44000,Petrol,Automatic,1,2010,1999,4,11.75 Lakh,1175000
Land Rover Discovery Sport Si4 HSE,11000,Petrol,Automatic,1,2017,1198,5,37 Lakh,3700000
Honda Amaze VX i-Vtech,19062,Petrol,Manual,1,2015,1199,5,4.70 Lakh,470000
Honda WR-V i-VTEC VX,28000,Petrol,Manual,1,2018,2993,5,8.35 Lakh,835000
BMW X5 xDrive 30d,78000,Diesel,Automatic,1,2015,1197,5,32 Lakh,3200000
Hyundai Grand i10 Asta,28148,Petrol,Manual,1,2014,1199,5,3.90 Lakh,390000
Volkswagen Polo Diesel Highline 1.2L,83634,Diesel,Manual,1,2013,1373,5,3.98 Lakh,398000
Maruti Ertiga BSIV ZXI,36845,Petrol,Manual,1,2016,1798,7,7.11 Lakh,711000
Toyota Corolla Altis VL AT,57000,Petrol,Automatic,1,2015,1591,5,7.81 Lakh,781000
Hyundai Creta 1.6 VTVT SX Plus,43417,Petrol,Manual,1,2015,1199,5,8.25 Lakh,825000
Honda Amaze S CVT Petrol BSIV,4800,Petrol,Automatic,1,2019,1197,5,7.75 Lakh,775000
Maruti Ritz VXi,58955,Petrol,Manual,1,2014,2143,5,3 Lakh,300000
Mercedes-Benz E-Class E250 CDI,30000,Diesel,Automatic,2,2015,1591,5,20.25 Lakh,2025000
Hyundai Creta 1.6 VTVT SX Plus,45005,Petrol,Manual,1,2016,1493,5,9.11 Lakh,911000
Mahindra TUV 300 T8 AMT,42032,Diesel,Automatic,2,2016,1498,7,5.99 Lakh,599000
Honda Mobilio S i-DTEC,89653,Diesel,Manual,3,2014,3198,7,4.36 Lakh,436000
Ford Endeavour 3.2 Titanium AT 4X4,67000,Diesel,Automatic,1,2017,1373,7,26.50 Lakh,2650000
Maruti Ertiga VXI,75765,Petrol,Manual,2,2014,2354,7,6.25 Lakh,625000
Honda CR-V 2.4L 4WD AT,74007,Petrol,Automatic,1,2015,2179,5,12.50 Lakh,1250000
Mahindra XUV500 W8 FWD,63457,Diesel,Manual,2,2013,1591,7,5.90 Lakh,590000
Hyundai Verna 1.6 VTVT AT S Option,57000,Petrol,Automatic,2,2016,1197,5,6.25 Lakh,625000
Maruti Ignis 1.2 Delta BSIV,52217,Petrol,Manual,2,2017,1451,5,3.75 Lakh,375000
MG Hector Sharp DCT,28000,Petrol,Automatic,1,2019,1497,5,15.95 Lakh,1595000
Honda City 1.5 S AT,69000,Petrol,Automatic,1,2009,2967,5,2.85 Lakh,285000
Audi Q7 45 TDI Quattro Technology,75000,Diesel,Automatic,1,2016,1498,7,46.50 Lakh,4650000
Volkswagen Polo 1.5 TDI Comfortline,71033,Diesel,Manual,2,2014,1248,5,3.93 Lakh,393000
Maruti Swift Vdi BSIII,92860,Diesel,Manual,1,2008,1995,5,1.99 Lakh,199000
BMW 3 Series 320d Sport Line,48000,Diesel,Automatic,1,2013,2967,5,14.95 Lakh,1495000
Audi Q7 3.0 TDI Quattro Premium Plus,76000,Diesel,Automatic,1,2013,1199,7,22.50 Lakh,2250000
Tata Nexon XZA Plus (O) AMT,26000,Petrol,Automatic,1,2020,1373,5,11.15 Lakh,1115000
Maruti Ertiga BSIV VXI,23000,Petrol,Manual,1,2016,1497,7,6.99 Lakh,699000
Honda City E,77132,Petrol,Manual,1,2012,1498,5,3 Lakh,300000
Skoda Rapid 1.5 TDI AT Elegance Plus,52000,Diesel,Automatic,2,2015,1197,5,5.75 Lakh,575000
Hyundai Grand i10 Sportz,30000,Petrol,Manual,1,2016,2179,5,4.75 Lakh,475000
Mahindra Scorpio S10 7 Seater,58000,Diesel,Manual,1,2016,1896,7,10.35 Lakh,1035000
Skoda New Laura L and K AT,118971,Diesel,Automatic,2,2008,1197,5,1.35 Lakh,135000
Volkswagen Vento 1.2 TSI Comfortline AT,51000,Petrol,Automatic,1,2016,1298,5,6.24 Lakh,624000
Maruti Esteem VX - BSII,60000,Petrol,Manual,1,2007,1497,5,"59,000",59000
Honda City EXi,103000,Petrol,Manual,3,2008,1197,5,1.65 Lakh,165000
Toyota Etios Liva G,48150,Petrol,Manual,1,2014,1995,5,3.49 Lakh,349000
BMW 3 Series 320d,65000,Diesel,Automatic,1,2017,1298,5,20.50 Lakh,2050000
Maruti Swift 1.3 VXi,78598,Petrol,Manual,3,2008,1197,5,1.55 Lakh,155000
Maruti Swift Dzire VXI,53633,Petrol,Manual,1,2016,1796,5,5.15 Lakh,515000
Mercedes-Benz E-Class E 200 CGI Avantgarde,60000,Petrol,Automatic,1,2013,1498,5,15.11 Lakh,1511000
Honda City ZX CVT,6701,Petrol,Automatic,1,2021,1591,5,14.90 Lakh,1490000
Hyundai Creta 1.6 VTVT SX Plus,36000,Petrol,Manual,1,2017,2982,5,9.95 Lakh,995000
Toyota Fortuner 4x2 AT,63000,Diesel,Automatic,1,2015,1798,7,19.50 Lakh,1950000
Toyota Corolla Altis 1.8 G CVT,70000,Petrol,Automatic,1,2017,1598,5,10 Lakh,1000000
Volkswagen Vento Petrol Highline AT,71760,Petrol,Automatic,1,2010,998,5,2.73 Lakh,273000
Maruti Zen Estilo LXI BS IV,41000,Petrol,Manual,1,2008,1968,5,1.45 Lakh,145000
Skoda Octavia Elegance 2.0 TDI AT,84612,Diesel,Automatic,1,2014,2143,5,9.13 Lakh,913000
Mercedes-Benz E-Class E250 CDI Avantgarde,70000,Diesel,Automatic,1,2015,1248,5,18.65 Lakh,1865000
Maruti Ciaz VDI SHVS,124183,Diesel,Manual,1,2017,1493,5,5.93 Lakh,593000
Mahindra TUV 300 T8,33647,Diesel,Manual,1,2015,1248,7,7.65 Lakh,765000
Maruti Swift VDI BSIV,96000,Diesel,Manual,2,2014,2143,5,4.35 Lakh,435000
Mercedes-Benz C-Class C 220 CDI Avantgarde,42000,Diesel,Automatic,1,2017,1451,5,29.25 Lakh,2925000
MG Hector Sharp DCT,12800,Petrol,Automatic,1,2020,1197,5,17.25 Lakh,1725000
Hyundai i10 Magna,72504,Petrol,Manual,2,2009,998,5,2.01 Lakh,201000
Maruti Wagon R LXI CNG,47756,Cng,Manual,1,2016,4461,5,3.41 Lakh,341000
Toyota Land Cruiser VX,21000,Diesel,Automatic,1,2018,998,7,95 Lakh,9500000
Maruti Celerio VXI,80425,Petrol,Manual,1,2015,796,5,3.90 Lakh,390000
Maruti Alto LXi,41643,Petrol,Manual,1,2008,1591,5,1.40 Lakh,140000
Hyundai Verna 1.6 SX VTVT,37125,Petrol,Manual,1,2011,1497,5,3.75 Lakh,375000
Honda City i VTEC V,34511,Petrol,Manual,2,2015,1591,5,5.70 Lakh,570000
Hyundai Verna 1.6 SX VTVT,87013,Petrol,Manual,3,2013,1497,5,3.52 Lakh,352000
Honda City 1.5 S MT,149232,Petrol,Manual,1,2010,1598,5,2.71 Lakh,271000
Volkswagen Vento Petrol Highline,82145,Petrol,Manual,3,2012,2184,5,2.54 Lakh,254000
Mahindra Thar AX Opt 4-Str Convert Top Diesel,28000,Diesel,Manual,1,2020,1364,4,15.45 Lakh,1545000
Toyota Etios Liva GD,75805,Diesel,Manual,1,2011,1199,5,2.82 Lakh,282000
Tata Nexon XZA Plus (O) AMT,13093,Petrol,Automatic,1,2022,1497,5,12.15 Lakh,1215000
Honda City i VTEC S,47330,Petrol,Manual,1,2013,1498,5,3.99 Lakh,399000
Renault Duster Petrol RXS CVT,21000,Petrol,Automatic,1,2018,2755,5,8.81 Lakh,881000
Toyota Fortuner 2.8 2WD AT,59000,Diesel,Automatic,2,2017,1199,7,29.29 Lakh,2929000
Honda Jazz 1.2 VX i VTEC,48230,Petrol,Manual,1,2017,998,5,5.50 Lakh,550000
Maruti Wagon R VXI,69240,Petrol,Manual,1,2013,2184,5,3.15 Lakh,315000
Mahindra Thar LX 4-Str Convert Top Diesel AT,18000,Diesel,Automatic,1,2021,1497,4,17.40 Lakh,1740000
Honda City i VTEC CVT VX,79000,Petrol,Automatic,1,2014,1798,5,5.95 Lakh,595000
Toyota Corolla Altis G,109100,Petrol,Manual,2,2011,1373,5,3.50 Lakh,350000
Maruti Ertiga BSIV VXI,33000,Petrol,Manual,1,2016,1197,7,6.85 Lakh,685000
Hyundai i20 Asta Opt,900,Petrol,Manual,1,2022,1591,5,10 Lakh,1000000
Hyundai Creta 1.6 VTVT S,49000,Petrol,Manual,1,2016,1497,5,7.65 Lakh,765000
Honda City i VTEC V,55000,Petrol,Manual,1,2015,998,5,5.80 Lakh,580000
Maruti Baleno RS 1.0 Petrol,17700,Petrol,Manual,2,2017,3956,5,6.36 Lakh,636000
Toyota prado VX A/T,90000,Petrol,Automatic,3,2007,1061,8,13.50 Lakh,1350000
Maruti Wagon R LXI DUO BSIII,55700,Lpg,Manual,3,2009,1799,5,1.80 Lakh,180000
Honda Civic 1.8 V AT,102000,Petrol,Automatic,2,2009,1497,5,1.99 Lakh,199000
Honda City 1.5 V MT,101000,Petrol,Manual,1,2010,1995,5,2.75 Lakh,275000
BMW 5 Series 520d Luxury Line,72000,Diesel,Automatic,1,2015,1197,5,22 Lakh,2200000
Hyundai Grand i10 Nios AMT Sportz,39000,Petrol,Automatic,1,2020,998,5,6.75 Lakh,675000
Maruti Wagon R CNG LXI,72000,Cng,Manual,1,2015,1298,5,3.85 Lakh,385000
Maruti Swift Dzire VXi,91717,Petrol,Manual,2,2009,1197,5,1.90 Lakh,190000
Maruti Wagon R VXI 1.2,60000,Petrol,Manual,1,2015,1197,5,3.31 Lakh,331000
Maruti Swift VXI,61828,Petrol,Manual,1,2013,998,5,3.17 Lakh,317000
Maruti Wagon R LXI BS IV,98554,Petrol,Manual,1,2012,1373,5,2.38 Lakh,238000
Maruti Ertiga ZXI,112696,Petrol,Manual,2,2013,1968,7,4.62 Lakh,462000
Audi A3 35 TDI Premium,11000,Diesel,Automatic,1,2017,1086,5,29.50 Lakh,2950000
Hyundai Santro Xing GL,80000,Petrol,Manual,2,2008,2993,5,"90,000",90000
BMW 7 Series 730Ld,9329,Diesel,Automatic,1,2013,1498,5,24.18 Lakh,2418000
Skoda Rapid 1.5 TDI Style BSIV,64419,Diesel,Manual,1,2017,2987,5,6.66 Lakh,666000
Mercedes-Benz M-Class ML 350 4Matic,68000,Diesel,Automatic,1,2013,1248,5,26.74 Lakh,2674000
Maruti Swift Dzire VDI,91892,Diesel,Manual,1,2016,1197,5,5.63 Lakh,563000
Hyundai i20 Asta 1.2,50827,Petrol,Manual,2,2015,1197,5,4.79 Lakh,479000
Maruti Baleno 1.2 Alpha,69167,Petrol,Manual,1,2015,1995,5,5.53 Lakh,553000
BMW 5 Series 520d Luxury Line,7000,Diesel,Automatic,1,2021,998,5,65.75 Lakh,6575000
Maruti Wagon R LXI CNG,25000,Cng,Manual,2,2018,995,5,4 Lakh,400000
Chevrolet Spark 1.0 LT,84489,Petrol,Manual,3,2011,1493,5,"99,205",99205
Kia Seltos HTE D,35343,Diesel,Manual,1,2021,1995,5,11.82 Lakh,1182000
BMW 5 Series 520d Modern Line,41000,Diesel,Automatic,1,2017,998,5,29.50 Lakh,2950000
Maruti Wagon R VXI BS IV,100527,Petrol,Manual,1,2012,0,5,2.36 Lakh,236000
Tata Nexon EV Prime XZ Plus,54239,Electric,Automatic,1,2020,799,5,3.67 Lakh,367000
Renault KWID RXT Optional,26457,Petrol,Manual,3,2018,2967,5,3.13 Lakh,313000
Audi Q7 3.0 TDI Quattro Premium Plus,97000,Diesel,Automatic,2,2014,1373,7,21.74 Lakh,2174000
Maruti Ertiga VXI CNG,67231,Cng,Manual,1,2014,1061,7,4.86 Lakh,486000
Maruti Wagon R LXI Minor Duo LPG,74228,Lpg,Manual,1,2008,998,5,1.21 Lakh,121000
Maruti Celerio VXI CNG Optional BSIV,55362,Cng,Manual,1,2017,1582,5,4.51 Lakh,451000
Hyundai Creta 1.6 CRDi AT SX Plus,58000,Diesel,Automatic,1,2015,1197,5,9.41 Lakh,941000
Hyundai i10 Magna AT,80896,Petrol,Automatic,3,2010,2184,5,1.79 Lakh,179000
Mahindra Thar LX 4-Str Hard Top Diesel,36398,Diesel,Manual,1,2021,998,4,17.75 Lakh,1775000
Maruti Wagon R LXI CNG,50227,Cng,Manual,1,2014,2755,5,3.75 Lakh,375000
Toyota Fortuner Legender 4x4 AT,31000,Diesel,Automatic,1,2021,1197,7,44.45 Lakh,4445000
Maruti Baleno 1.2 Alpha,17359,Petrol,Manual,1,2016,999,5,6.95 Lakh,695000
Skoda Slavia 1.0 TSI Ambition,2263,Petrol,Manual,1,2022,1497,5,12.70 Lakh,1270000
Honda City i VTEC CVT VX,81437,Petrol,Automatic,1,2014,2179,5,6.65 Lakh,665000
Jaguar XF 2.2 Litre Luxury,34000,Diesel,Automatic,1,2016,2143,5,24.74 Lakh,2474000
Mercedes-Benz E-Class E250 CDI Avantgrade,80228,Diesel,Automatic,2,2014,1498,5,19.25 Lakh,1925000
Honda City i DTec V,65911,Diesel,Manual,1,2016,1197,5,7.15 Lakh,715000
Hyundai i20 Petrol CVT Asta,39898,Petrol,Automatic,1,2018,2995,5,7.95 Lakh,795000
Audi S5 3.0 TFSIq Tiptronic,11000,Petrol,Automatic,1,2018,1498,4,65 Lakh,6500000
Mahindra Bolero B4,25000,Diesel,Manual,1,2020,1197,7,8 Lakh,800000
Maruti Swift VXI,10218,Petrol,Manual,1,2019,1497,5,6.75 Lakh,675000
Honda City 1.5 S AT,88119,Petrol,Automatic,2,2009,1968,5,3.05 Lakh,305000
Audi A6 35 TDI,64000,Diesel,Automatic,2,2017,1462,5,21.85 Lakh,2185000
Maruti Vitara Brezza ZXI Plus,14572,Petrol,Manual,1,2021,1461,5,10.08 Lakh,1008000
Nissan Sunny Diesel XL,66512,Diesel,Manual,2,2014,1591,5,4.21 Lakh,421000
Hyundai Verna 1.6 SX VTVT (O) AT,66357,Petrol,Automatic,2,2014,2967,5,5.65 Lakh,565000
Audi A6 3.0 TDI Quattro Premium Plus,60000,Diesel,Automatic,3,2012,2494,5,11.65 Lakh,1165000
Toyota Innova 2.5 G4 Diesel 8-seater,91865,Diesel,Manual,1,2011,1493,8,5.66 Lakh,566000
Kia Seltos HTX Plus D,31409,Diesel,Manual,1,2020,1586,5,17.85 Lakh,1785000
Maruti SX4 Vxi BSIV,76247,Petrol,Manual,1,2010,1950,5,2.45 Lakh,245000
Mercedes-Benz C-Class Progressive C 200,52000,Petrol,Automatic,1,2016,1497,5,19.11 Lakh,1911000
Honda City V MT,48267,Petrol,Manual,1,2011,1497,5,3.61 Lakh,361000
Honda City i VTEC CVT VX,31441,Petrol,Automatic,1,2017,1396,5,9.45 Lakh,945000
Hyundai i20 1.4 CRDi Asta,59564,Diesel,Manual,1,2011,2354,5,3.65 Lakh,365000
Honda CR-V 2.4L 4WD AT,80000,Petrol,Automatic,2,2014,1586,5,8.40 Lakh,840000
Maruti SX4 ZXI MT BSIV,65115,Petrol,Manual,2,2010,1199,5,2.85 Lakh,285000
Honda Jazz 1.2 SV i VTEC,46149,Petrol,Manual,2,2015,1497,5,4.65 Lakh,465000
Honda City V MT,65598,Petrol,Manual,1,2010,2143,5,3.21 Lakh,321000
Mercedes-Benz GLC 220d 4MATIC Sport,72000,Diesel,Automatic,2,2018,1461,5,35.75 Lakh,3575000
Renault Duster 110PS Diesel RxL,72350,Diesel,Manual,1,2014,1197,5,5.65 Lakh,565000
Maruti Baleno 1.2 Zeta,18959,Petrol,Manual,1,2018,1497,5,7.25 Lakh,725000
Honda City V MT,80078,Petrol,Manual,1,2013,1968,5,4.21 Lakh,421000
Volkswagen Passat Diesel Highline 2.0 TDI,58000,Diesel,Automatic,2,2011,1591,5,6.50 Lakh,650000
Hyundai Verna 1.6 VTVT S,49613,Petrol,Manual,1,2017,1461,5,6.49 Lakh,649000
Renault Duster 85PS Diesel RxS,80002,Diesel,Manual,1,2019,1330,5,8.30 Lakh,830000
Nissan Kicks 1.3 Turbo XV,16194,Petrol,Manual,1,2020,1497,5,9.80 Lakh,980000
Honda City ZX CVT,55617,Petrol,Automatic,1,2020,1497,5,12.35 Lakh,1235000
Honda City i-VTEC VX,38409,Petrol,Manual,1,2019,1198,5,9.40 Lakh,940000
Honda Brio VX AT,68045,Petrol,Automatic,1,2014,1462,5,3.25 Lakh,325000
Maruti Ciaz Alpha BSIV,7342,Petrol,Manual,1,2019,1497,5,9.26 Lakh,926000
Honda City i-VTEC CVT ZX,27914,Petrol,Automatic,1,2017,998,5,9.45 Lakh,945000
Hyundai Venue SX Plus Turbo DCT,8639,Petrol,Automatic,1,2021,998,5,12.60 Lakh,1260000
Hyundai Venue SX Plus Turbo DCT,11069,Petrol,Automatic,1,2021,1497,5,11.85 Lakh,1185000
Honda City i-VTEC CVT ZX,73971,Petrol,Automatic,1,2018,1199,5,9.69 Lakh,969000
Honda Jazz 1.2 V i VTEC,70379,Petrol,Manual,1,2017,998,5,5.15 Lakh,515000
Hyundai Venue SX Turbo,19108,Petrol,Manual,1,2021,1591,5,9.99 Lakh,999000
Hyundai Verna VTVT 1.6 SX,37842,Petrol,Manual,1,2018,2494,5,8.99 Lakh,899000
Toyota Innova 2.5 EV Diesel MS 7 Str BSIII,120000,Diesel,Manual,1,2007,1950,7,2.25 Lakh,225000
Mercedes-Benz GLC 220d 4MATIC,24000,Diesel,Automatic,1,2020,1956,5,56.50 Lakh,5650000
Jeep Compass 2.0 Limited 4X4 Opt Diesel AT,35500,Diesel,Automatic,2,2021,1991,5,25 Lakh,2500000
Mercedes-Benz GLC 200,15000,Petrol,Automatic,1,2021,1997,5,61 Lakh,6100000
Jaguar F-Pace 2.0 R-Dynamic S Diesel,9900,Diesel,Automatic,1,2021,1998,5,74 Lakh,7400000
BMW X4 xDrive30i M Sport Silver Shadow Edition,7600,Petrol,Automatic,1,2022,1497,5,74.50 Lakh,7450000
Honda City i-VTEC CVT ZX,57826,Petrol,Automatic,2,2017,1497,5,8.90 Lakh,890000
Tata Nexon 1.5 Revotorq XM,91216,Diesel,Manual,1,2017,998,5,6.25 Lakh,625000
Hyundai Venue SX Turbo,13731,Petrol,Manual,1,2021,1497,5,9.99 Lakh,999000
Honda City i-VTEC V,60477,Petrol,Manual,1,2017,1248,5,7.50 Lakh,750000
Maruti Swift Dzire AMT ZDI,105911,Diesel,Automatic,1,2017,1591,5,6.39 Lakh,639000
Hyundai Verna VTVT 1.6 SX,18072,Petrol,Manual,2,2019,1197,5,9.25 Lakh,925000
Hyundai i20 1.2 Asta,53608,Petrol,Manual,1,2018,1197,5,6.99 Lakh,699000
Toyota Glanza G,17790,Petrol,Manual,1,2021,1197,5,7.99 Lakh,799000
Hyundai Grand i10 Nios Sportz,24154,Petrol,Manual,1,2020,799,5,6.69 Lakh,669000
Renault KWID RXT,24744,Petrol,Manual,1,2016,1197,5,3 Lakh,300000
Hyundai Grand i10 Nios Magna Corp Edition,38985,Petrol,Manual,2,2020,1197,5,5.78 Lakh,578000
Maruti Ritz VXi,41050,Petrol,Manual,1,2014,998,5,3.28 Lakh,328000
Maruti Alto K10 VXI,61714,Petrol,Manual,1,2017,1462,5,3.68 Lakh,368000
Maruti Vitara Brezza VXI,20092,Petrol,Manual,1,2020,999,5,8.74 Lakh,874000
Nissan Magnite XV Premium,74811,Petrol,Manual,1,2021,1462,5,6.76 Lakh,676000
Maruti Ertiga ZXI Plus,8702,Petrol,Manual,1,2019,1199,7,9.79 Lakh,979000
Honda Amaze S Petrol BSIV,34039,Petrol,Manual,1,2019,1497,5,6.10 Lakh,610000
Honda City i VTEC CVT VX,98285,Petrol,Automatic,2,2016,1956,5,6.70 Lakh,670000
Jeep Compass 2.0 Limited,72000,Diesel,Manual,1,2018,1197,5,13.50 Lakh,1350000
Hyundai Grand i10 Magna,50000,Petrol,Manual,1,2020,1395,5,4.80 Lakh,480000
Audi Q3 30 TFSI Premium FWD,120000,Petrol,Automatic,1,2018,2179,5,19.55 Lakh,1955000
Mahindra XUV500 W7 BSIV,76813,Diesel,Manual,1,2018,2487,7,10.74 Lakh,1074000
Maruti Omni E 8 Str STD,80000,Petrol,Manual,2,2011,1950,5,1.25 Lakh,125000
Toyota Camry Hybrid 2.5,20000,Petrol,Automatic,1,2019,2393,5,40.90 Lakh,4090000
Mercedes-Benz C-Class Progressive C 220d,24000,Diesel,Automatic,2,2020,1197,7,39 Lakh,3900000
Toyota Innova Crysta 2.4 G MT,43200,Diesel,Manual,1,2017,2143,5,18.90 Lakh,1890000
Hyundai i20 Magna Plus,42000,Petrol,Manual,1,2020,1461,5,6.50 Lakh,650000
Mercedes-Benz GLE 250d,49000,Diesel,Automatic,1,2017,2184,5,44 Lakh,4400000
Mahindra Verito 1.5 D4 BSIII,195000,Diesel,Manual,1,2013,1197,4,1.80 Lakh,180000
Mahindra Thar LX 4-Str Convert Top Diesel,12200,Diesel,Manual,1,2021,1950,5,16.50 Lakh,1650000
Hyundai Aura SX,23000,Petrol,Manual,1,2021,1582,5,6.90 Lakh,690000
Mercedes-Benz E-Class Expression E 220 d BSIV,17000,Diesel,Automatic,1,2020,1582,5,58 Lakh,5800000
Hyundai Creta 1.6 CRDi SX,70000,Diesel,Manual,1,2015,1197,5,8.45 Lakh,845000
Hyundai Creta 1.6 CRDi SX,75000,Diesel,Manual,2,2016,1995,5,9.25 Lakh,925000
Maruti Swift VXI,72521,Petrol,Manual,1,2018,1493,5,6.10 Lakh,610000
BMW X3 xDrive 20d Luxury Line,19000,Diesel,Automatic,1,2021,998,5,60 Lakh,6000000
Hyundai Venue SX Diesel,37233,Diesel,Manual,1,2020,1498,5,11.50 Lakh,1150000
Maruti S-Presso VXI Plus AT 2019-2022,2682,Petrol,Automatic,1,2020,1950,5,5.50 Lakh,550000
Volkswagen Polo 1.5 TDI Trendline,115000,Diesel,Manual,1,2016,1582,5,4.10 Lakh,410000
Mercedes-Benz GLC Coupe 300d 4MATIC,24900,Diesel,Automatic,1,2021,1199,5,71.50 Lakh,7150000
Hyundai Verna CRDi 1.6 SX Option,74000,Diesel,Manual,1,2019,624,5,10.95 Lakh,1095000
Honda Amaze S Petrol,25102,Petrol,Manual,1,2019,1997,4,6.40 Lakh,640000
Tata Nano Cx,16700,Petrol,Manual,2,2010,2523,5,"60,000",60000
Jaguar XF 2.0 Petrol Prestige,7500,Petrol,Automatic,1,2020,2494,2,47 Lakh,4700000
Mahindra Bolero Pik Up Extra Long FB 1.3T,60000,Diesel,Manual,1,2019,1197,7,8 Lakh,800000
Toyota Innova 2.5 EV (Diesel) MS 7 Seater BS IV,113000,Diesel,Manual,1,2011,4461,5,5.50 Lakh,550000
Maruti Baleno 1.2 Alpha,37800,Petrol,Manual,1,2018,1396,7,6.50 Lakh,650000
Toyota Land Cruiser VX,56000,Diesel,Automatic,1,2018,2393,5,1.58 Crore,15800000
Hyundai i20 Sportz 1.4 CRDi,100000,Diesel,Manual,2,2012,796,7,3 Lakh,300000
Toyota Innova Crysta 2.4 ZX 7 STR AT,250,Diesel,Automatic,1,2022,1993,5,30.50 Lakh,3050000
Maruti Alto LXi,80000,Petrol,Manual,3,2010,1197,5,1.51 Lakh,151000
Mercedes-Benz C-Class C 220d,4000,Diesel,Automatic,1,2022,1462,5,62 Lakh,6200000
Maruti Baleno Alpha,3731,Petrol,Manual,1,2021,1493,6,8.40 Lakh,840000
Maruti XL6 Zeta,4028,Petrol,Manual,1,2021,2925,7,11.25 Lakh,1125000
Mahindra TUV 300 T6 Plus,70000,Diesel,Manual,1,2016,998,5,6.50 Lakh,650000
Mercedes-Benz S-Class S 350 d,13000,Diesel,Automatic,2,2014,1495,5,47.75 Lakh,4775000
Maruti Alto K10 VXI,65000,Petrol,Manual,1,2019,1248,5,3.30 Lakh,330000
Hyundai Accent Executive LPG,73000,Lpg,Manual,2,2010,2925,5,1.70 Lakh,170000
Maruti Swift Dzire VDi,77200,Diesel,Manual,1,2014,1968,7,5.25 Lakh,525000
Mercedes-Benz GLS 400d 4MATIC,15000,Diesel,Automatic,2,2020,999,5,1.17 Crore,11700000
Audi A6 2.0 TDI,120000,Diesel,Automatic,4,2013,1497,5,14.50 Lakh,1450000
Renault KWID 1.0 AMT RXT,45200,Petrol,Automatic,2,2016,2993,5,3 Lakh,300000
Honda City V AT,75200,Petrol,Automatic,1,2013,998,5,4.25 Lakh,425000
BMW X5 xDrive 30d xLine,25000,Diesel,Automatic,1,2020,2179,5,83 Lakh,8300000
Maruti Alto K10 2010-2014 VXI,80000,Petrol,Manual,4,2013,1197,7,2 Lakh,200000
Mahindra XUV500 W8 4WD,160000,Diesel,Manual,2,2013,2967,5,4.50 Lakh,450000
Maruti Swift LXI,65150,Petrol,Manual,1,2017,1248,7,4.75 Lakh,475000
Audi Q7 45 TDI Quattro Technology,65000,Diesel,Automatic,1,2017,2179,5,46 Lakh,4600000
Maruti Swift Dzire VDI,80000,Diesel,Manual,2,2014,1582,7,4.60 Lakh,460000
Mahindra XUV500 W4,50000,Diesel,Manual,2,2017,2987,5,9 Lakh,900000
Hyundai Creta 1.6 SX Automatic Diesel,108000,Diesel,Automatic,2,2015,1497,7,8.50 Lakh,850000
Mercedes-Benz GLS 350d Grand Edition,45000,Diesel,Automatic,2,2016,2499,5,59.50 Lakh,5950000
Honda City EXi,139000,Petrol,Manual,3,2006,1995,7,1.29 Lakh,129000
Chevrolet Tavera B1-7 seats BSII,120000,Diesel,Manual,2,2011,1498,5,2.90 Lakh,290000
BMW 5 Series 520d Luxury Line,29000,Diesel,Automatic,1,2019,1248,5,48 Lakh,4800000
Honda Amaze VX CVT Diesel BSIV,80105,Diesel,Automatic,2,2016,999,5,4.50 Lakh,450000
Maruti Vitara Brezza ZDi Plus,60000,Diesel,Manual,1,2019,2143,5,8.75 Lakh,875000
Renault KWID 1.0 RXT,70000,Petrol,Manual,1,2017,1197,5,2.50 Lakh,250000
Mercedes-Benz GLE 250d,45000,Diesel,Automatic,1,2019,1248,5,56 Lakh,5600000
Hyundai Xcent 1.2 Kappa AT SX Option,110000,Petrol,Automatic,1,2014,1248,5,3.75 Lakh,375000
Maruti Swift Dzire VDi,120000,Diesel,Manual,2,2009,2995,5,2.40 Lakh,240000
Maruti SX4 S Cross DDiS 200 Zeta,72568,Diesel,Manual,1,2017,995,5,7.25 Lakh,725000
Land Rover Range Rover 3.0 Petrol LWB Vogue BSIV,40000,Petrol,Automatic,1,2019,1199,5,1.92 Crore,19200000
Chevrolet Spark 1.0 E,81000,Petrol,Manual,1,2009,1248,5,1.05 Lakh,105000
Chevrolet Sail Hatchback 1.2 LS,30000,Petrol,Manual,1,2017,1998,5,3.65 Lakh,365000
Maruti Vitara Brezza ZDi Plus,100000,Diesel,Manual,2,2019,1950,5,8 Lakh,800000
Volvo XC60 B5 Inscripition,7000,Petrol,Automatic,1,2022,1582,5,68.50 Lakh,6850000
Mercedes-Benz E-Class Exclusive E 220d,18770,Diesel,Automatic,1,2018,1497,5,56 Lakh,5600000
Hyundai Verna 1.6 CRDI SX Option,85680,Diesel,Manual,1,2017,1995,5,9.25 Lakh,925000
Honda City i VTEC V,61548,Petrol,Manual,1,2016,998,5,7.25 Lakh,725000
BMW X1 sDrive 20d xLine,25000,Diesel,Automatic,1,2019,1248,5,30 Lakh,3000000
Maruti A-Star Vxi,100000,Petrol,Manual,4,2009,1197,5,1.40 Lakh,140000
Maruti Swift LDI BSIV,80000,Diesel,Manual,1,2016,2987,5,4.25 Lakh,425000
Hyundai i20 Magna,5000,Petrol,Manual,1,2021,1396,5,7 Lakh,700000
Maserati Ghibli Diesel BSIV,12000,Diesel,Automatic,1,2016,2179,5,66 Lakh,6600000
Hyundai i20 1.4 Asta,84250,Diesel,Manual,2,2017,1197,8,6.90 Lakh,690000
Mahindra Scorpio 2.6 SLX CRDe,120000,Diesel,Manual,3,2002,2143,5,1.80 Lakh,180000
Hyundai Venue S,35000,Petrol,Manual,1,2020,1197,5,8 Lakh,800000
Mercedes-Benz C-Class C 220 CDI Avantgarde,37000,Diesel,Automatic,2,2015,1248,5,21.50 Lakh,2150000
Hyundai i20 Sportz Option 1.2,72000,Petrol,Manual,1,2016,1498,5,5.65 Lakh,565000
Maruti SX4 S Cross Zeta DDiS 200 SH,72000,Diesel,Manual,1,2019,2967,5,8.45 Lakh,845000
Skoda Rapid 1.5 TDI Ambition,80250,Diesel,Manual,2,2014,1396,5,4.50 Lakh,450000
Porsche Cayenne Diesel Platinum Edition,50000,Diesel,Automatic,1,2016,1197,5,58 Lakh,5800000
Hyundai i20 Asta 1.4 CRDi,75000,Diesel,Manual,1,2016,1498,5,5.20 Lakh,520000
Maruti Baleno Alpha CVT,48763,Petrol,Automatic,1,2018,1991,5,7 Lakh,700000
Honda City i DTec S,34142,Diesel,Manual,1,2016,1199,5,7.25 Lakh,725000
Mercedes-Benz E-Class Exclusive E 200,8900,Petrol,Automatic,1,2021,999,5,67 Lakh,6700000
Honda WR-V i-VTEC S,25000,Petrol,Manual,1,2019,1462,7,6.75 Lakh,675000
Renault Triber RXZ,25000,Petrol,Manual,1,2021,1950,7,7 Lakh,700000
Maruti Ertiga VXI,70000,Petrol,Manual,2,2019,1199,5,7.70 Lakh,770000
Mercedes-Benz C-Class Progressive C 200,28000,Petrol,Automatic,1,2019,1197,5,42.50 Lakh,4250000
Tata Altroz XT,21000,Petrol,Manual,1,2020,998,5,6.50 Lakh,650000
Hyundai i20 Magna,40000,Petrol,Manual,1,2020,1995,5,5.70 Lakh,570000
Maruti Wagon R LXI BS IV,40000,Petrol,Manual,1,2014,2179,5,3.15 Lakh,315000
BMW 5 Series 525d Luxury Line,65500,Diesel,Automatic,1,2015,1388,7,25.75 Lakh,2575000
Tata Safari Storme EX,90000,Diesel,Manual,1,2014,2523,5,5.80 Lakh,580000
Ford Fiesta 1.4 ZXi Duratec,179000,Petrol,Manual,2,2009,4461,7,1.50 Lakh,150000
Mahindra Bolero EX NON AC,40000,Diesel,Manual,1,2016,1197,7,5.10 Lakh,510000
Toyota Land Cruiser VX,27000,Diesel,Automatic,1,2019,796,5,1.69 Crore,16900000
Hyundai i20 Sportz 1.2,70000,Petrol,Manual,3,2016,1598,5,5.25 Lakh,525000
Maruti Alto LX,60000,Petrol,Manual,2,2005,1998,5,"65,000",65000
Volkswagen Vento Magnific 1.6 Highline,40000,Petrol,Manual,1,2015,1373,5,4.99 Lakh,499000
BMW X1 sDrive20i xLine,10000,Petrol,Automatic,1,2021,1061,7,40 Lakh,4000000
Maruti Ertiga VXI,40000,Petrol,Manual,2,2015,1197,5,5.95 Lakh,595000
Maruti Zen Estilo 1.1 LX BSIII,29081,Petrol,Manual,3,2006,2179,5,"89,000",89000
Hyundai Xcent 1.2 VTVT S,30000,Petrol,Manual,1,2018,1984,7,5.36 Lakh,536000
Tata Hexa XT,66000,Diesel,Manual,1,2017,1197,5,10.95 Lakh,1095000
Audi Q5 2.0 TFSI Quattro,80000,Petrol,Automatic,2,2012,1198,5,12 Lakh,1200000
Maruti Swift Dzire VXI,6200,Petrol,Manual,1,2022,1998,2,7.20 Lakh,720000
Maruti Super Carry STD,20000,Petrol,Manual,2,2021,796,4,4.70 Lakh,470000
Mini 3 DOOR John Cooper Works 2019-2020,40000,Petrol,Automatic,2,2017,1197,4,34.50 Lakh,3450000
Maruti 800 Std MPFi,80000,Petrol,Manual,2,2003,1599,5,"65,000",65000
Maruti Baleno Delta,20000,Petrol,Manual,1,2020,2400,5,6.50 Lakh,650000
Chevrolet Optra 1.6,60000,Petrol,Manual,3,2006,796,5,1.50 Lakh,150000
Volvo XC60 D5 Inscription,34000,Diesel,Automatic,1,2019,2179,4,54.50 Lakh,5450000
Maruti 800 DX 5 Speed,30000,Petrol,Manual,1,2002,796,7,"55,000",55000
Mahindra Scorpio S5 BSIV,120000,Diesel,Manual,1,2019,1999,4,11.50 Lakh,1150000
Maruti 800 Std,50000,Petrol,Manual,4,2000,1197,7,"45,000",45000
Land Rover Discovery Sport TD4 HSE 7S,38000,Diesel,Automatic,1,2020,1799,5,48.75 Lakh,4875000
Maruti Swift VXI with ABS,85000,Petrol,Manual,2,2006,998,5,1.25 Lakh,125000
Honda Civic ZX,25000,Petrol,Automatic,1,2019,2925,5,17 Lakh,1700000
Maruti Zen Estilo VXI BSIII,120000,Petrol,Manual,2,2007,1498,5,"95,000",95000
Mercedes-Benz S-Class S 350d,1400,Diesel,Automatic,1,2022,2499,7,1.77 Crore,17700000
Honda BR-V i-DTEC E MT,65500,Diesel,Manual,1,2017,1461,7,6.50 Lakh,650000
Chevrolet Tavera B2 8 Seats BSIII,380000,Diesel,Manual,4,2008,998,8,1.70 Lakh,170000
Renault Lodgy Stepway Edition 8 Seater,50000,Diesel,Manual,2,2016,993,5,7 Lakh,700000
Maruti S-Presso VXI Plus 2019-2022,40000,Petrol,Manual,1,2019,796,5,3.90 Lakh,390000
Maruti Zen LXI,100000,Petrol,Manual,2,2000,1396,5,"39,000",39000
Maruti Alto 800 tour H1 (O),5000,Petrol,Manual,1,2021,2523,5,3.78 Lakh,378000
Hyundai i20 Sportz 1.4 CRDi,90000,Diesel,Manual,1,2016,998,5,5.50 Lakh,550000
Mahindra Marshal DI,100000,Diesel,Manual,1,2004,2179,8,4.90 Lakh,490000
Maruti Alto K10 VXI,50000,Petrol,Manual,3,2018,2179,8,2.90 Lakh,290000
Mahindra Scorpio Sle,110000,Diesel,Manual,4,2010,1461,5,3.50 Lakh,350000
Mahindra Scorpio VLS AT 2.2 mHAWK,120000,Diesel,Automatic,2,2012,998,5,4.80 Lakh,480000
Renault Duster 85PS Diesel RxL,116000,Diesel,Manual,1,2015,1968,5,4.75 Lakh,475000
Maruti Wagon R AMT VXI,25000,Petrol,Automatic,1,2017,2523,7,4.26 Lakh,426000
Skoda Octavia 2.0 TDI AT Style Plus,75000,Diesel,Automatic,2,2017,1299,5,14 Lakh,1400000
Mahindra Bolero SLX 2WD BSIII,120000,Diesel,Manual,4,2013,1061,5,4 Lakh,400000
Ford Ikon 1.3 CLXi,70000,Petrol,Manual,2,2004,796,5,1.20 Lakh,120000
Maruti Wagon R LXI Minor,90000,Petrol,Manual,1,2009,799,5,1.60 Lakh,160000
Maruti Alto LX BSIII,120000,Petrol,Manual,4,2010,1493,5,1 Lakh,100000
Renault KWID RXT,25000,Petrol,Manual,1,2020,1196,7,4.30 Lakh,430000
Honda City 1.5 EXI,263000,Petrol,Manual,1,2004,998,5,1.75 Lakh,175000
Maruti Eeco 7 Seater Standard BSIV,110000,Petrol,Manual,1,2017,1061,5,2.70 Lakh,270000
Maruti Wagon R VXI Optional,10000,Petrol,Manual,3,2018,1248,5,4 Lakh,400000
Maruti Wagon R LX Minor Duo LPG,137535,Lpg,Manual,1,2007,1196,5,1 Lakh,100000
Maruti Swift VDI Optional,90000,Diesel,Manual,2,2015,1956,5,3.70 Lakh,370000
Maruti Eeco CNG 5 Seater AC,35000,Cng,Manual,1,2021,1196,5,4.03 Lakh,403000
Jeep Compass 2.0 Limited,40000,Diesel,Manual,1,2019,1582,5,16 Lakh,1600000
Maruti Eeco 5 Seater STD 2020-2022,39000,Petrol,Manual,1,2020,1582,5,5.20 Lakh,520000
Hyundai Creta 1.6 SX Automatic Diesel,73200,Diesel,Automatic,1,2018,998,5,15.90 Lakh,1590000
Hyundai Verna 1.6 CRDi SX,88500,Diesel,Manual,1,2017,1197,5,9.90 Lakh,990000
Maruti Alto K10 VXI,49000,Petrol,Manual,1,2018,1497,5,3.60 Lakh,360000
Hyundai i20 Asta Option,45000,Petrol,Manual,1,2018,1498,5,7.40 Lakh,740000
Honda City GXi,114862,Petrol,Manual,1,2008,1199,5,1.81 Lakh,181000
Honda City i DTEC V,147947,Diesel,Manual,1,2015,1061,5,9.50 Lakh,950000
Honda Amaze VX CVT,4391,Petrol,Automatic,1,2022,1198,5,9.47 Lakh,947000
Maruti Wagon R LXI Minor Duo LPG,115549,Lpg,Manual,1,2007,1598,5,"63,803",63803
Honda Amaze SX i-VTEC,38738,Petrol,Manual,1,2016,1462,5,4.45 Lakh,445000
Maruti SX4 S Cross DDiS 320 Delta,85762,Diesel,Manual,1,2015,1497,5,6.35 Lakh,635000
Toyota Urban cruiser Mid,27987,Petrol,Manual,1,2022,1197,5,7.82 Lakh,782000
Honda City 1.5 V MT,141918,Petrol,Manual,1,2010,1120,5,3.02 Lakh,302000
Maruti Baleno Zeta,39558,Petrol,Manual,1,2021,1248,5,7.23 Lakh,723000
Hyundai Grand i10 CRDi Asta Option,68456,Diesel,Manual,2,2013,998,5,3.44 Lakh,344000
Maruti Swift VDI,86000,Diesel,Manual,1,2011,796,5,3.40 Lakh,340000
Maruti S-Presso VXI Plus 2019-2022,29782,Petrol,Manual,1,2021,1248,5,4.40 Lakh,440000
Maruti Alto LX,95046,Petrol,Manual,2,2011,2179,8,1.15 Lakh,115000
Maruti Ciaz ZDi Plus SHVS,133053,Diesel,Manual,1,2016,1198,5,4.96 Lakh,496000
Mahindra Scorpio VLX 2WD AT BSIV,151537,Diesel,Automatic,2,2013,796,8,4.62 Lakh,462000
Honda Amaze S i-VTEC,91437,Petrol,Manual,1,2017,2143,5,4.40 Lakh,440000
Maruti Omni E MPI STD BSIV,11615,Petrol,Manual,1,2015,1197,5,1.78 Lakh,178000
Mercedes-Benz E-Class E250 CDI Avantgarde,85471,Diesel,Automatic,2,2012,1396,5,11.21 Lakh,1121000
Hyundai i20 Sportz 1.2,82591,Petrol,Manual,1,2013,1461,5,3.40 Lakh,340000
Hyundai i20 1.4 Asta Option,73000,Diesel,Manual,1,2017,1495,5,7.25 Lakh,725000
Renault Duster 110PS Diesel RxZ Plus,68000,Diesel,Manual,1,2012,1497,5,4.21 Lakh,421000
Hyundai Accent Executive LPG,73592,Lpg,Manual,2,2010,1248,5,1.28 Lakh,128000
Honda City 1.5 S MT,114361,Petrol,Manual,5,2009,1198,5,2.48 Lakh,248000
Maruti Ciaz ZDi,84193,Diesel,Manual,2,2014,1497,5,5.16 Lakh,516000
Volkswagen Ameo 1.2 MPI Highline Plus,57000,Petrol,Manual,2,2017,1462,5,5.25 Lakh,525000
Honda City i VTEC VX,48727,Petrol,Manual,1,2014,1199,5,5.93 Lakh,593000
Maruti Brezza Zxi,6510,Petrol,Manual,1,2022,1598,5,10.43 Lakh,1043000
Honda Amaze S Petrol,33088,Petrol,Manual,1,2021,1197,5,6.65 Lakh,665000
Skoda Rapid 1.6 TDI Elegance,151434,Diesel,Manual,3,2011,1598,5,2.45 Lakh,245000
Maruti Swift Dzire VXI 1.2,21166,Petrol,Manual,1,2017,1086,5,5.47 Lakh,547000
Volkswagen Vento Diesel Trendline,106647,Diesel,Manual,2,2012,1197,5,2.51 Lakh,251000
Hyundai i10 Sportz 1.1L,37930,Petrol,Manual,4,2014,2494,8,2.76 Lakh,276000
Hyundai Grand i10 Magna,128281,Petrol,Manual,1,2014,1198,5,3.01 Lakh,301000
Toyota Innova 2.5 VX (Diesel) 8 Seater BS IV,168062,Diesel,Manual,3,2010,2489,7,4.69 Lakh,469000
Nissan Micra XL Option CVT,13333,Petrol,Automatic,1,2019,1968,5,4.93 Lakh,493000
Mahindra Xylo D4,151026,Diesel,Manual,2,2014,1598,5,2.59 Lakh,259000
Skoda Superb Elegance 2.0 TDI CR AT,134521,Diesel,Automatic,2,2011,1995,5,3.93 Lakh,393000
Skoda Rapid 1.6 TDI Elegance,132996,Diesel,Manual,2,2012,1498,5,2.90 Lakh,290000
BMW X4 M Sport X xDrive20d,29000,Diesel,Automatic,1,2019,1598,5,56.50 Lakh,5650000
Honda City ZX MT,19534,Petrol,Manual,1,2020,998,5,12.92 Lakh,1292000
Skoda Rapid 1.6 MPI Ambition BSIV,88673,Petrol,Manual,1,2019,1198,5,6.44 Lakh,644000
Hyundai i20 Asta Opt Turbo DCT,32272,Petrol,Automatic,1,2020,1086,5,10.93 Lakh,1093000
Volkswagen Polo 1.2 MPI Trendline,26850,Petrol,Manual,2,2017,814,5,4.33 Lakh,433000
Hyundai i10 Era 1.1,120426,Petrol,Manual,4,2009,1598,5,"98,497",98497
Hyundai EON Era Plus,21796,Petrol,Manual,1,2015,1496,5,2.46 Lakh,246000
Volkswagen Vento Diesel Comfortline,118881,Diesel,Manual,1,2012,1197,5,2.69 Lakh,269000
Toyota Yaris G BSIV,32039,Petrol,Manual,2,2018,2179,7,7.75 Lakh,775000
Maruti Baleno 1.2 Alpha,124763,Petrol,Manual,1,2017,2179,7,5.37 Lakh,537000
Mahindra Scorpio S8 7C Seater,201197,Diesel,Manual,3,2015,1197,5,6.95 Lakh,695000
Mahindra XUV500 W10 2WD,81672,Diesel,Manual,2,2015,998,5,8.51 Lakh,851000
Maruti Swift Dzire VXI,20248,Petrol,Manual,1,2021,998,5,7.32 Lakh,732000
Maruti Wagon R VXI BS IV,73639,Petrol,Manual,1,2012,1198,5,2.21 Lakh,221000
Maruti Wagon R VXI BS IV,82028,Petrol,Manual,2,2010,1248,5,1.55 Lakh,155000
Honda Amaze S i-Vtech,32375,Petrol,Manual,4,2016,2179,5,3.87 Lakh,387000
Maruti Ciaz ZDi Plus,182048,Diesel,Manual,1,2015,2393,8,4.75 Lakh,475000
Land Rover Freelander 2 SE,158108,Diesel,Automatic,1,2014,999,5,13.28 Lakh,1328000
Toyota Innova Crysta 2.4 G MT 8S BSIV,74176,Diesel,Manual,1,2016,998,5,11.30 Lakh,1130000
Skoda Rapid 1.0 TSI Ambition,17805,Petrol,Manual,2,2020,1061,5,9.04 Lakh,904000
Maruti Zen Estilo LXI BS IV,105209,Petrol,Manual,1,2009,1248,5,1.31 Lakh,131000
Maruti Wagon R LXI Minor Duo LPG,72792,Lpg,Manual,1,2008,1956,5,"98,429",98429
Maruti Swift LDI BSIV,93411,Diesel,Manual,2,2014,1396,5,3.70 Lakh,370000
Tata Harrier XZ Dark Edition BSIV,51954,Diesel,Manual,1,2019,1197,5,14.52 Lakh,1452000
Hyundai Verna 1.4 EX,199085,Diesel,Manual,1,2013,1120,5,3.86 Lakh,386000
Maruti Swift Dzire 1.2 Vxi BSIV,213709,Petrol,Manual,1,2011,936,5,2.47 Lakh,247000
Hyundai Grand i10 CRDi Magna,134698,Diesel,Manual,1,2013,1197,5,2.65 Lakh,265000
Chevrolet Beat Diesel PS,82983,Diesel,Manual,1,2012,624,4,1.07 Lakh,107000
Hyundai Grand i10 Magna,81678,Petrol,Manual,1,2013,2498,6,2.96 Lakh,296000
Tata Nano Twist XT,50789,Petrol,Manual,2,2014,1497,5,"86,503",86503
Mahindra Thar CRDe,46994,Diesel,Manual,1,2018,2179,7,7.82 Lakh,782000
Honda City i VTEC VX Option,19528,Petrol,Manual,1,2016,1497,5,7.29 Lakh,729000
Tata Hexa XE,68315,Diesel,Manual,2,2017,1248,5,7.25 Lakh,725000
Ford Ecosport 1.5 Petrol Trend BSIV,69720,Petrol,Manual,1,2017,1061,5,5.82 Lakh,582000
Maruti SX4 S Cross DDiS 200 Sigma,110655,Diesel,Manual,1,2016,1396,5,5.15 Lakh,515000
Maruti Wagon R LXI Minor Duo LPG,87100,Lpg,Manual,2,2009,1399,5,1.07 Lakh,107000
Hyundai i20 Sportz 1.4 CRDi,124012,Diesel,Manual,2,2013,1299,5,3.19 Lakh,319000
Ford Figo Diesel ZXI,92251,Diesel,Manual,2,2010,1498,7,1.34 Lakh,134000
Ford Ikon 1.3 Flair,61127,Petrol,Manual,2,2008,1197,5,"80,902",80902
Honda Mobilio V i-DTEC,141083,Diesel,Manual,1,2014,1248,5,3.99 Lakh,399000
Maruti Swift LXI BSIV,61802,Petrol,Manual,2,2014,1197,5,3.25 Lakh,325000
Chevrolet Sail Hatchback 1.3 TCDi,147215,Diesel,Manual,3,2015,998,5,2.31 Lakh,231000
Maruti Ignis 1.2 Delta BSIV,74295,Petrol,Manual,1,2017,1248,5,4.43 Lakh,443000
Maruti Wagon R VXI BS IV,66290,Petrol,Manual,2,2017,1197,5,3.49 Lakh,349000
Maruti Vitara Brezza ZDi Plus Dual Tone,92485,Diesel,Manual,1,2018,1086,5,8.22 Lakh,822000
Maruti Baleno 1.2 Delta,57563,Petrol,Manual,1,2018,1197,5,5.36 Lakh,536000
Hyundai i10 Magna 1.1L,30675,Petrol,Manual,1,2011,1199,5,2.25 Lakh,225000
Maruti Swift Dzire VXI,58835,Petrol,Manual,1,2013,1582,5,3.37 Lakh,337000
Volkswagen Polo Diesel Comfortline 1.2L,122571,Diesel,Manual,3,2013,1399,5,2.58 Lakh,258000
Hyundai Verna 1.6 SX,116064,Diesel,Manual,2,2013,5461,5,4.07 Lakh,407000
Ford Classic 1.4 Duratorq Titanium,128396,Diesel,Manual,1,2012,3996,4,1.58 Lakh,158000
Mercedes-Benz G G63 AMG,47000,Petrol,Automatic,2,2017,1199,5,1.52 Crore,15200000
Porsche Panamera GTS,10000,Petrol,Automatic,1,2019,1950,5,1.75 Crore,17500000
Chevrolet Beat LT,37275,Petrol,Manual,1,2014,1950,5,2.55 Lakh,255000
Mercedes-Benz E-Class Exclusive E 220 d BSIV,44000,Diesel,Automatic,1,2017,1086,5,44 Lakh,4400000
Mercedes-Benz E-Class Exclusive E 220 d BSIV,39000,Diesel,Automatic,1,2017,1991,5,43.50 Lakh,4350000
Hyundai Santro Xing XG,97767,Petrol,Manual,5,2005,1198,5,"84,637",84637
Mercedes-Benz GLC 200,32000,Petrol,Automatic,1,2020,1248,5,56.50 Lakh,5650000
Honda Amaze S i-VTEC,53931,Petrol,Manual,1,2018,1199,5,5 Lakh,500000
Fiat Avventura MULTIJET Active,73818,Diesel,Manual,1,2014,2498,6,3.47 Lakh,347000
Honda Jazz 1.2 V AT i VTEC,27200,Petrol,Automatic,1,2017,1462,5,6.90 Lakh,690000
Mahindra Thar CRDe,46365,Diesel,Manual,1,2017,1461,5,7.72 Lakh,772000
Maruti Ciaz Alpha BSIV,82496,Petrol,Manual,1,2019,1248,5,8.72 Lakh,872000
Renault Duster 110PS Diesel RxL AMT,73656,Diesel,Automatic,1,2016,1493,7,6.51 Lakh,651000
Maruti Ciaz ZDi SHVS,92530,Diesel,Manual,1,2016,1368,5,5.43 Lakh,543000
Mahindra TUV 300 mHAWK100 T8,68364,Diesel,Manual,2,2017,1197,5,6.58 Lakh,658000
Jeep Compass 1.4 Sport,30224,Petrol,Manual,1,2018,1462,5,12.61 Lakh,1261000
Maruti Baleno 1.2 Alpha,88658,Petrol,Manual,1,2017,2498,6,5.85 Lakh,585000
Maruti Vitara Brezza ZXI,26396,Petrol,Manual,1,2020,998,5,10.53 Lakh,1053000
Mahindra Thar CRDe,60020,Diesel,Manual,1,2017,1462,5,7.46 Lakh,746000
Maruti Alto K10 2010-2014 VXI,55107,Petrol,Manual,1,2014,796,5,2.68 Lakh,268000
Maruti Ciaz Alpha AT,3925,Petrol,Automatic,1,2022,1197,5,12.43 Lakh,1243000
Maruti Alto 800 LXI,21949,Petrol,Manual,1,2017,1995,5,3.23 Lakh,323000
Maruti Swift Dzire VXI,41899,Petrol,Manual,1,2016,2400,5,5 Lakh,500000
BMW 5 Series 520d Luxury Line,43000,Diesel,Automatic,1,2019,1950,5,46 Lakh,4600000
Volvo XC60 D5 Inscription,20000,Diesel,Automatic,1,2021,1968,5,61 Lakh,6100000
Mercedes-Benz GLC 220d 4MATIC,24000,Diesel,Automatic,1,2020,2987,5,56.50 Lakh,5650000
Audi Q3 35 TDI Quattro Premium Plus,39356,Diesel,Automatic,1,2015,2143,5,17.50 Lakh,1750000
Mercedes-Benz S-Class S 350 CDI,18000,Diesel,Automatic,1,2017,998,5,71.50 Lakh,7150000
Mercedes-Benz C-Class 220 CDI AT,40000,Diesel,Automatic,1,2013,1248,5,13.75 Lakh,1375000
Maruti Alto K10 VXI,30555,Petrol,Manual,1,2016,1197,5,3.15 Lakh,315000
Maruti Ciaz VDi Plus SHVS,119878,Diesel,Manual,1,2015,1248,5,4.78 Lakh,478000
Hyundai i20 1.2 Magna Opt,84557,Petrol,Manual,1,2011,1997,7,2.43 Lakh,243000
Maruti Ciaz VDi Option SHVS,96528,Diesel,Manual,1,2017,999,5,5.36 Lakh,536000
Mahindra XUV500 W10 1.99 mHawk,44081,Diesel,Manual,1,2017,1248,5,11.24 Lakh,1124000
Renault Kiger RXT AMT,6494,Petrol,Automatic,1,2021,998,5,7.75 Lakh,775000
Maruti Swift VDI BSIV,118631,Diesel,Manual,1,2014,1198,5,3.40 Lakh,340000
Maruti Alto K10 VXI,47133,Petrol,Manual,1,2018,1197,5,3.51 Lakh,351000
Honda Amaze S i-VTEC,94025,Petrol,Manual,1,2017,998,5,4.56 Lakh,456000
Hyundai i20 Magna 1.2,68841,Petrol,Manual,1,2016,1582,5,5.02 Lakh,502000
Hyundai Venue SX Plus Turbo DCT BSIV,31952,Petrol,Automatic,1,2019,998,5,10.46 Lakh,1046000
Hyundai Creta 1.6 CRDi SX,66518,Diesel,Manual,2,2019,1582,5,11.30 Lakh,1130000
Hyundai Venue SX Plus Turbo DCT BSIV,26684,Petrol,Automatic,2,2019,1199,5,10.53 Lakh,1053000
Hyundai Creta 1.6 CRDi SX,38280,Diesel,Manual,1,2015,1197,5,7.90 Lakh,790000
Tata Tiago 1.2 Revotron XZ,96392,Petrol,Manual,1,2017,2179,7,3.77 Lakh,377000
Maruti Swift Dzire 1.2 ZXi BSIV,92613,Petrol,Manual,1,2011,1498,5,2.86 Lakh,286000
Mahindra Scorpio S7 120,40011,Diesel,Manual,1,2018,1396,5,11.78 Lakh,1178000
Honda City i DTEC VX,98772,Diesel,Manual,2,2015,1248,5,5.33 Lakh,533000
Hyundai i20 Asta 1.4 CRDi,38931,Diesel,Manual,1,2013,1396,5,3.50 Lakh,350000
Maruti Swift LDI BSIV,82392,Diesel,Manual,1,2017,2179,7,4.27 Lakh,427000
Hyundai i20 1.4 Asta,96805,Diesel,Manual,1,2017,998,5,5.72 Lakh,572000
Mahindra Scorpio S5 BSIV,68307,Diesel,Manual,1,2018,1197,5,9.98 Lakh,998000
Maruti Wagon R LXI BS IV,30404,Petrol,Manual,1,2016,1248,5,3.75 Lakh,375000
Maruti Baleno 1.2 Alpha,36438,Petrol,Manual,2,2018,2179,7,6.30 Lakh,630000
Maruti Swift VDI BSIV,115206,Diesel,Manual,1,2015,1451,5,3.76 Lakh,376000
Mahindra XUV500 W6 2WD,104537,Diesel,Manual,1,2015,2755,7,6.23 Lakh,623000
MG Hector Sharp DCT,29827,Petrol,Automatic,2,2019,1968,5,16.13 Lakh,1613000
Toyota Innova Crysta 2.8 GX AT BSIV,55000,Diesel,Automatic,1,2017,3198,7,15.75 Lakh,1575000
Audi A6 35 TDI,68000,Diesel,Automatic,1,2016,2755,7,24.50 Lakh,2450000
Ford Endeavour 3.2 Titanium AT 4X4,80000,Diesel,Automatic,1,2018,814,5,28.75 Lakh,2875000
Toyota Innova Crysta 2.8 GX AT BSIV,55000,Diesel,Automatic,1,2019,1497,5,19.45 Lakh,1945000
Hyundai EON Era Plus,67885,Petrol,Manual,1,2013,998,5,2.30 Lakh,230000
Kia Seltos HTX IVT G,28000,Petrol,Automatic,1,2021,1197,5,16.50 Lakh,1650000
Hyundai EON 1.0 Era Plus,48421,Petrol,Manual,1,2013,1582,5,2.30 Lakh,230000
Maruti Swift Dzire VXI,49000,Petrol,Manual,1,2014,1995,5,4.25 Lakh,425000
Hyundai Verna 1.6 SX,75000,Diesel,Manual,1,2013,1198,5,4.50 Lakh,450000
BMW 5 Series 520d Sport Line,55000,Diesel,Automatic,2,2018,1493,5,40.50 Lakh,4050000
Honda Amaze S Option i-VTEC,6357,Petrol,Manual,1,2017,1199,5,4.71 Lakh,471000
Hyundai Venue SX Opt Executive Diesel,24237,Diesel,Manual,1,2022,2755,7,10.24 Lakh,1024000
Honda Amaze E Petrol,10282,Petrol,Manual,1,2020,1396,5,5.89 Lakh,589000
Toyota Innova Crysta 2.8 ZX AT BSIV,111337,Diesel,Automatic,1,2018,1582,5,17.10 Lakh,1710000
Hyundai Venue SX Opt Diesel BSIV,64104,Diesel,Manual,1,2019,1968,5,9.82 Lakh,982000
Hyundai Verna 1.6 CRDi SX,42234,Diesel,Manual,2,2016,1197,5,5.60 Lakh,560000
Audi Q5 30 TDI quattro Premium,80000,Diesel,Automatic,3,2015,1197,5,14.75 Lakh,1475000
Maruti Ignis Sigma,2294,Petrol,Manual,1,2022,1396,5,5.02 Lakh,502000
Maruti Baleno Delta,38736,Petrol,Manual,1,2020,998,5,6.31 Lakh,631000
Hyundai i20 Asta 1.4 CRDi,130432,Diesel,Manual,1,2014,2694,7,3.81 Lakh,381000
Hyundai Venue SX Opt iMT,10000,Petrol,Manual,1,2021,2967,5,11.50 Lakh,1150000
Toyota Fortuner 2.7 2WD AT,44000,Petrol,Automatic,2,2019,1086,5,31 Lakh,3100000
Audi Q5 3.0 TDI Quattro,68000,Diesel,Automatic,3,2011,2967,5,9.95 Lakh,995000
Hyundai i10 Magna 1.1L,38000,Petrol,Manual,1,2011,1197,5,2.25 Lakh,225000
Audi Q5 3.0 TDI Quattro Technology,35000,Diesel,Automatic,1,2015,2179,7,21 Lakh,2100000
Maruti Swift Dzire VXI 1.2 BS IV,65000,Petrol,Manual,1,2019,1582,5,6.50 Lakh,650000
Mahindra Scorpio S5,12001,Diesel,Manual,1,2022,2967,7,15.85 Lakh,1585000
Hyundai Creta 1.6 SX Automatic Diesel,36000,Diesel,Automatic,2,2020,1969,5,14.25 Lakh,1425000
Audi Q7 45 TDI Quattro Premium Plus,43000,Diesel,Automatic,2,2014,1968,5,18.75 Lakh,1875000
Volvo XC60 Inscription D5,7500,Diesel,Automatic,1,2020,1798,5,60 Lakh,6000000
Audi Q3 2.0 TDI Quattro Premium Plus,56500,Diesel,Automatic,1,2014,1582,5,13 Lakh,1300000
Audi A6 35 TFSI Matrix,30000,Petrol,Automatic,1,2018,1950,5,36.75 Lakh,3675000
Hyundai Verna CRDi 1.6 AT SX Plus,63500,Diesel,Automatic,1,2017,1995,5,10 Lakh,1000000
Mercedes-Benz C-Class Progressive C 220d,26500,Diesel,Automatic,1,2019,2179,7,41 Lakh,4100000
BMW X1 xDrive 20d xLine,38500,Diesel,Automatic,1,2018,1498,5,28.50 Lakh,2850000
Mahindra XUV500 R W10 FWD,65000,Diesel,Manual,1,2015,1493,5,8.90 Lakh,890000
Honda Amaze VX CVT Diesel,44500,Diesel,Automatic,1,2019,2993,5,9.25 Lakh,925000
Hyundai i20 Sportz Diesel,15500,Diesel,Manual,1,2022,1991,5,9.75 Lakh,975000
BMW X5 xDrive 30d xLine,20500,Diesel,Automatic,1,2022,1995,5,1 Crore,10000000
Mercedes-Benz E-Class Expression E 200 BSIV,65000,Petrol,Automatic,1,2018,2143,5,44 Lakh,4400000
BMW 3 Series 320d GT Luxury Line,64593,Diesel,Automatic,3,2014,2755,7,18.50 Lakh,1850000
Mercedes-Benz E-Class E250 CDI Avantgarde,63203,Diesel,Automatic,2,2015,1995,4,22 Lakh,2200000
Toyota Fortuner 2.8 2WD AT,60500,Diesel,Automatic,1,2017,1248,7,29 Lakh,2900000
BMW 6 Series GT 620d Luxury Line 2019-2021,50000,Diesel,Automatic,1,2020,796,5,60.50 Lakh,6050000
Maruti Ertiga ZDI,43000,Diesel,Manual,2,2014,2987,7,6 Lakh,600000
Maruti Alto 800 LXI,31458,Petrol,Manual,1,2021,1582,5,3.07 Lakh,307000
Mercedes-Benz GLS 350d 4MATIC,70000,Diesel,Automatic,2,2016,998,5,52 Lakh,5200000
Hyundai Elantra CRDi S,70372,Diesel,Manual,1,2013,624,4,5.25 Lakh,525000
Maruti Wagon R LXI CNG,129325,Cng,Manual,1,2012,1991,5,1.90 Lakh,190000
Tata Nano Twist XT,59290,Petrol,Manual,4,2015,2993,5,"85,671",85671
Mercedes-Benz GLC 200,15000,Petrol,Automatic,1,2021,1968,5,61 Lakh,6100000
BMW X6 xDrive 40d M Sport,75000,Diesel,Automatic,2,2015,2143,5,37.90 Lakh,3790000
Audi Q5 2.0 TDI Premium Plus,94002,Diesel,Automatic,2,2014,2494,5,16 Lakh,1600000
Mercedes-Benz C-Class C 220 CDI Avantgarde,90004,Diesel,Automatic,3,2014,2993,5,11.90 Lakh,1190000
Toyota Camry 2.5 Hybrid,47000,Petrol,Automatic,1,2017,1498,5,23.50 Lakh,2350000
BMW X5 xDrive 30d M Sport,83005,Diesel,Automatic,2,2014,1595,5,29 Lakh,2900000
Ford Ecosport 1.5 Diesel Titanium,62500,Diesel,Manual,1,2015,2143,5,4.75 Lakh,475000
Mercedes-Benz B Class B180 Sports,67000,Petrol,Automatic,2,2013,1197,5,12.90 Lakh,1290000
Mercedes-Benz GLE 250d,64000,Diesel,Automatic,1,2016,2967,4,36.50 Lakh,3650000
Maruti Swift ZXI BSIV,39889,Petrol,Manual,2,2017,1997,5,4.41 Lakh,441000
Audi A8 L 50 TDI Quattro Premium Plus,81250,Diesel,Automatic,1,2015,1498,5,42 Lakh,4200000
Jaguar F-Pace 2.0 R-Dynamic S Diesel,9900,Diesel,Automatic,1,2021,1498,5,74 Lakh,7400000
Ford Ecosport 1.5 Diesel Titanium Plus,43000,Diesel,Manual,1,2016,1998,5,5.25 Lakh,525000
MG Astor Sharp CVT,2400,Petrol,Automatic,1,2022,2993,4,17.25 Lakh,1725000
BMW X4 xDrive30i M Sport Silver Shadow Edition,7600,Petrol,Automatic,1,2022,1798,5,74.50 Lakh,7450000
Jaguar XJ 3.0L LWB Ultimate,79004,Diesel,Automatic,2,2012,2143,5,22.90 Lakh,2290000
Toyota Corolla Altis VL AT,99300,Petrol,Automatic,2,2015,2987,5,8.75 Lakh,875000
Mercedes-Benz M-Class ML 250 CDI,80000,Diesel,Automatic,2,2014,4367,5,21.90 Lakh,2190000
Mercedes-Benz S-Class S 350 CDI,40000,Diesel,Automatic,1,2015,1968,5,51 Lakh,5100000
Land Rover Range Rover Vogue SE 4.4 SDV8,87002,Diesel,Automatic,2,2013,1968,5,35.25 Lakh,3525000
Audi Q5 2.0 TDI Premium Plus,94002,Diesel,Automatic,2,2013,2487,5,14.25 Lakh,1425000
Audi A6 2.0 TDI Premium Plus,82005,Diesel,Automatic,2,2013,4367,5,14.25 Lakh,1425000
Toyota Camry Hybrid 2.5,20000,Petrol,Automatic,1,2019,1998,5,40.90 Lakh,4090000
Land Rover Range Rover Vogue SE 4.4 SDV8,95004,Diesel,Automatic,1,2013,1498,5,39.75 Lakh,3975000
BMW X1 sDrive20i xLine,68753,Petrol,Automatic,2,2019,1956,5,28.10 Lakh,2810000
Ford Ecosport 1.5 DV5 MT Titanium,62500,Diesel,Manual,1,2015,1582,5,4.75 Lakh,475000
Jeep Compass 2.0 Sport Plus BSIV,62000,Diesel,Manual,1,2019,1498,5,15.75 Lakh,1575000
Hyundai Creta 1.6 CRDi AT S Plus,85000,Diesel,Automatic,1,2017,1248,5,8.95 Lakh,895000
Honda WR-V i-DTEC VX,58000,Diesel,Manual,1,2017,2143,5,6.99 Lakh,699000
Maruti Baleno 1.3 Zeta,55500,Diesel,Manual,1,2018,1248,5,6.20 Lakh,620000
Mercedes-Benz GLE 250d,49000,Diesel,Automatic,1,2017,1956,5,44 Lakh,4400000
Maruti Baleno 1.3 Zeta,54000,Diesel,Manual,1,2018,1956,5,6.25 Lakh,625000
Tata Harrier XM,32500,Diesel,Manual,1,2019,1950,5,12.50 Lakh,1250000
Tata Harrier XM,33500,Diesel,Manual,1,2019,0,5,12.60 Lakh,1260000
Mercedes-Benz E-Class Expression E 220 d BSIV,17000,Diesel,Automatic,1,2020,1950,5,58 Lakh,5800000
MG ZS EV Exclusive,38000,Electric,Automatic,1,2020,1950,5,21.10 Lakh,2110000
Mercedes-Benz C-Class Progressive C 200,16500,Petrol,Automatic,1,2018,1998,5,36.50 Lakh,3650000
Mercedes-Benz E-Class Exclusive E 220d,2000,Diesel,Automatic,1,2022,1950,5,76.25 Lakh,7625000
Mini Cooper D,29000,Diesel,Automatic,2,2014,1197,5,18.90 Lakh,1890000
Mercedes-Benz C-Class Progressive C 220d,24000,Diesel,Automatic,2,2020,1995,5,39 Lakh,3900000
Maruti Swift LXI,37229,Petrol,Manual,1,2020,2179,7,4.83 Lakh,483000
BMW X3 xDrive 20d Luxury Line,19000,Diesel,Automatic,1,2021,1968,5,60 Lakh,6000000
Mahindra XUV500 W6 2WD,90928,Diesel,Manual,1,2013,1373,7,4.31 Lakh,431000
Audi A3 35 TDI Premium Plus,39000,Diesel,Automatic,1,2020,1950,5,25.80 Lakh,2580000
Maruti Ertiga VXI CNG,44000,Cng,Manual,1,2016,1399,5,7.25 Lakh,725000
Mercedes-Benz C-Class Progressive C 200,12000,Petrol,Automatic,1,2021,1497,5,49.90 Lakh,4990000
Ford Figo Diesel Titanium,86483,Diesel,Manual,3,2014,1598,5,1.93 Lakh,193000
Honda City Edge Edition SV,20000,Petrol,Manual,1,2019,1950,5,9 Lakh,900000
Renault Duster Petrol RxL,49000,Petrol,Manual,2,2017,2755,7,5.75 Lakh,575000
Mercedes-Benz C-Class Progressive C 200,12000,Petrol,Automatic,1,2021,1197,5,47.90 Lakh,4790000
Toyota Innova Crysta 2.8 GX AT BSIV,26000,Diesel,Automatic,1,2018,1248,5,18.75 Lakh,1875000
Toyota Glanza G,40252,Petrol,Manual,1,2020,1997,5,6.06 Lakh,606000
Maruti Swift VDI BSIV,97947,Diesel,Manual,2,2014,1582,5,3.23 Lakh,323000
Land Rover Range Rover Velar R-Dynamic S Petrol MY21,38000,Petrol,Automatic,1,2020,1197,5,85 Lakh,8500000
Hyundai Creta 1.6 CRDi AT SX Plus,150715,Diesel,Automatic,1,2015,1968,5,7.16 Lakh,716000
Hyundai i10 Sportz,102820,Petrol,Manual,1,2010,1996,7,1.58 Lakh,158000
Skoda New Laura Ambiente 2.0 TDI CR AT,109403,Diesel,Automatic,3,2012,1462,7,2.53 Lakh,253000
MG Gloster Savvy 7-Str,11000,Diesel,Automatic,2,2021,1197,5,39.65 Lakh,3965000
Maruti Ertiga VXI AT,37377,Petrol,Automatic,1,2019,1461,5,8.58 Lakh,858000
Maruti Swift Dzire VXI,84728,Petrol,Manual,2,2015,1969,5,3.67 Lakh,367000
Renault Duster 85PS Diesel RxE,53548,Diesel,Manual,2,2013,1968,5,3.24 Lakh,324000
Volvo S90 D4 Inscription BSIV,20000,Diesel,Automatic,1,2018,1197,5,44.75 Lakh,4475000
Audi A6 2.0 TDI,29397,Diesel,Automatic,1,2014,1997,7,16.19 Lakh,1619000
Hyundai Grand i10 Asta,30346,Petrol,Manual,1,2016,1248,5,4.06 Lakh,406000
Mahindra XUV500 W10 1.99 mHawk,42119,Diesel,Manual,1,2017,1248,5,10.63 Lakh,1063000
Maruti Swift Dzire VDI,120450,Diesel,Manual,2,2014,1451,5,3.27 Lakh,327000
Maruti Swift LDI BSIV,148393,Diesel,Manual,3,2014,2993,5,2.67 Lakh,267000
MG Hector Hybrid Sharp MT,21549,Petrol,Manual,1,2020,1248,5,13.39 Lakh,1339000
BMW X5 xDrive 30d,85000,Diesel,Automatic,2,2015,1799,5,29.75 Lakh,2975000
Maruti Vitara Brezza VDi Option,90468,Diesel,Manual,1,2016,1497,5,5.90 Lakh,590000
Honda Civic ZX BSIV,20900,Petrol,Automatic,1,2019,1950,5,15.56 Lakh,1556000
Hyundai Creta SX,19234,Petrol,Manual,1,2021,1497,5,13.87 Lakh,1387000
Mercedes-Benz GLC Coupe 300d 4MATIC,24900,Diesel,Automatic,1,2021,1493,5,71.50 Lakh,7150000
Tata Nexon 1.5 Revotorq XZA Plus DualTone,73269,Diesel,Automatic,1,2018,1353,5,8.75 Lakh,875000
Kia Seltos HTX Plus D,48101,Diesel,Manual,1,2020,1997,5,15.25 Lakh,1525000
Kia Seltos GTX Plus,24001,Petrol,Manual,1,2020,1999,7,14.95 Lakh,1495000
Jaguar XF 2.0 Petrol Prestige,7500,Petrol,Automatic,1,2020,1956,5,47 Lakh,4700000
Hyundai Alcazar Platinum 7-Seater,9701,Petrol,Manual,1,2022,999,5,19.49 Lakh,1949000
Tata Harrier XZA AT,27133,Diesel,Automatic,1,2021,4461,7,19.90 Lakh,1990000
Renault KWID Climber 1.0 AMT Opt,18270,Petrol,Automatic,1,2022,1373,5,5.25 Lakh,525000
Toyota Land Cruiser VX,56000,Diesel,Automatic,1,2018,1197,5,1.58 Crore,15800000
Maruti Ciaz VXi,50001,Petrol,Manual,1,2015,1197,5,5.50 Lakh,550000
Maruti Swift VXI 2018,56681,Petrol,Manual,1,2018,1197,5,5.60 Lakh,560000
Maruti Baleno Alpha,2755,Petrol,Manual,1,2022,2179,7,9.80 Lakh,980000
Maruti Baleno 1.2 Alpha,46201,Petrol,Manual,1,2017,1197,5,6.50 Lakh,650000
Mahindra XUV500 W10 2WD,85001,Diesel,Manual,1,2016,1993,5,9.50 Lakh,950000
Hyundai Grand i10 AT Asta,64836,Petrol,Automatic,1,2015,1197,5,4.65 Lakh,465000
Mercedes-Benz C-Class C 220d,4000,Diesel,Automatic,1,2022,1353,5,62 Lakh,6200000
Hyundai Grand i10 Nios AMT Sportz,24057,Petrol,Automatic,1,2020,1956,7,6.90 Lakh,690000
Hyundai Creta SX Turbo Dualtone,49559,Petrol,Automatic,1,2020,1497,5,16.95 Lakh,1695000
Tata New Safari XZA Plus AT,10289,Diesel,Automatic,1,2022,1956,5,23.50 Lakh,2350000
Honda City i VTEC CVT VX,64000,Petrol,Automatic,1,2016,1451,5,7.75 Lakh,775000
MG Hector Smart Diesel MT BSIV,54001,Diesel,Manual,2,2019,1798,5,14.50 Lakh,1450000
MG Hector Sharp DCT,27779,Petrol,Automatic,1,2021,1396,5,18.25 Lakh,1825000
Skoda Octavia 1.8 TSI AT Style Plus,70000,Petrol,Automatic,1,2017,2499,5,13.49 Lakh,1349000
Hyundai Creta 1.4 CRDi S,70000,Diesel,Manual,1,2017,1498,5,8.35 Lakh,835000
Lexus NX 300h Luxury,49000,Petrol,Automatic,1,2019,2925,5,48 Lakh,4800000
Volkswagen Polo 1.5 TDI Trendline,115000,Diesel,Manual,1,2016,1462,6,4.10 Lakh,410000
Mercedes-Benz S-Class S 350 d,13000,Diesel,Automatic,2,2014,1353,5,47.75 Lakh,4775000
Maruti XL6 Alpha AT,35000,Petrol,Automatic,1,2021,1798,5,12 Lakh,1200000
Kia Seltos GTX Plus DCT,3900,Petrol,Automatic,2,2021,2925,7,18.95 Lakh,1895000
Toyota Corolla Altis G AT,63000,Petrol,Automatic,1,2014,1968,5,8.95 Lakh,895000
Mercedes-Benz GLS 400d 4MATIC,15000,Diesel,Automatic,2,2020,2143,5,1.17 Crore,11700000
Audi A4 2.0 TDI,60000,Diesel,Automatic,1,2014,1998,5,11.49 Lakh,1149000
Mercedes-Benz C-Class C 220 CDI Avantgarde,23000,Diesel,Automatic,1,2013,2993,5,12.45 Lakh,1245000
BMW 5 Series 530i M Sport,6000,Petrol,Automatic,1,2022,1968,5,66 Lakh,6600000
BMW X5 xDrive 30d xLine,25000,Diesel,Automatic,1,2020,1950,5,83 Lakh,8300000
Audi Q3 2.0 TDI Quattro Premium Plus,64000,Diesel,Automatic,2,2014,1461,5,12.50 Lakh,1250000
Mercedes-Benz C-Class Progressive C 200,17000,Petrol,Automatic,1,2018,2184,4,36 Lakh,3600000
Renault Duster 110PS Diesel RxS AMT,40000,Diesel,Automatic,2,2016,1198,5,6.95 Lakh,695000
Mahindra Thar LX 4-Str Convert Top Diesel AT,30000,Diesel,Automatic,1,2020,1451,5,18.75 Lakh,1875000
Honda Brio S MT,79000,Petrol,Manual,1,2012,1199,5,2.60 Lakh,260000
MG Hector Sharp DCT,26000,Petrol,Automatic,1,2020,2967,7,17 Lakh,1700000
Honda Amaze S Petrol,25102,Petrol,Manual,1,2019,1198,5,6.40 Lakh,640000
Audi Q7 45 TDI Quattro Technology,65000,Diesel,Automatic,1,2017,1197,5,46 Lakh,4600000
Volkswagen Polo Petrol Comfortline 1.2L,35000,Petrol,Manual,1,2014,1991,5,3.90 Lakh,390000
Hyundai Grand i10 Magna,33000,Petrol,Manual,2,2014,2987,7,3.40 Lakh,340000
Mercedes-Benz GLC 300 4MATIC Sport,29000,Petrol,Automatic,1,2019,1998,5,48.10 Lakh,4810000
Mercedes-Benz GLS 350d Grand Edition,45000,Diesel,Automatic,2,2016,2499,5,59.50 Lakh,5950000
BMW X3 xDrive 30i Luxury Line,25500,Petrol,Automatic,1,2018,2755,7,45 Lakh,4500000
Lexus NX 300h Luxury,48000,Petrol,Automatic,1,2019,1995,5,48.25 Lakh,4825000
Toyota Fortuner 2.8 4WD MT BSIV,100000,Diesel,Manual,1,2017,1498,5,24.45 Lakh,2445000
BMW 5 Series 520d Luxury Line,29000,Diesel,Automatic,1,2019,1198,5,48 Lakh,4800000
Nissan Sunny XV,83000,Petrol,Manual,1,2012,2498,7,2.85 Lakh,285000
Nissan Micra XV,57000,Petrol,Manual,1,2011,2143,5,2 Lakh,200000
Mahindra Thar 4X4,59000,Diesel,Manual,2,2014,2179,5,5.90 Lakh,590000
Mercedes-Benz GLE 250d,45000,Diesel,Automatic,1,2019,2179,5,56 Lakh,5600000
Land Rover Range Rover Evoque 2.2L Prestige,69000,Diesel,Automatic,2,2014,2987,7,25.90 Lakh,2590000
Land Rover Range Rover Evoque 2.2L Prestige,69000,Diesel,Automatic,1,2015,5950,4,29.90 Lakh,2990000
Mercedes-Benz GL-Class 350 CDI Blue Efficiency,79000,Diesel,Automatic,3,2015,2143,5,34.90 Lakh,3490000
Bentley Flying Spur W12,44000,Petrol,Automatic,1,2013,2967,5,68.90 Lakh,6890000
Mercedes-Benz GLC 220d 4MATIC Sport,69000,Diesel,Automatic,1,2017,2755,7,38.90 Lakh,3890000
Audi A6 3.0 TDI Quattro Premium Plus,68000,Diesel,Automatic,2,2013,1796,5,11.25 Lakh,1125000
Toyota Fortuner 2.8 2WD MT BSIV,60000,Diesel,Manual,1,2019,2477,7,31 Lakh,3100000
Mercedes-Benz C-Class C 200 CGI Elegance,86000,Petrol,Automatic,1,2011,1197,5,8.25 Lakh,825000
Mitsubishi Pajero Sport 4X2 AT Dual Tone,39000,Diesel,Automatic,1,2017,1198,5,16.45 Lakh,1645000
Hyundai Grand i10 Nios Magna,12000,Petrol,Manual,2,2020,1999,5,6.25 Lakh,625000
Honda Amaze EX i-Vtech,85000,Petrol,Manual,1,2014,1248,5,3.60 Lakh,360000
Land Rover Discovery Sport TD4 HSE,120000,Diesel,Automatic,1,2016,2996,7,29.50 Lakh,2950000
Maruti SX4 S Cross Zeta DDiS 200 SH,90000,Diesel,Manual,1,2018,2993,5,7.51 Lakh,751000
Mercedes-Benz GLS 400 4MATIC,80000,Petrol,Automatic,1,2017,1248,5,62.50 Lakh,6250000
BMW X5 xDrive 30d Expedition,34000,Diesel,Automatic,1,2019,1451,6,56.50 Lakh,5650000
Maruti Ciaz VDi Plus,72000,Diesel,Manual,1,2015,1950,5,4.65 Lakh,465000
MG Hector Plus Sharp DCT,18000,Petrol,Automatic,1,2021,2143,5,19 Lakh,1900000
Mercedes-Benz C-Class Progressive C 200,11000,Petrol,Automatic,1,2021,1595,5,47.90 Lakh,4790000
Mercedes-Benz E-Class E250 CDI Avantgarde,60625,Diesel,Automatic,2,2016,1197,5,25.90 Lakh,2590000
Mercedes-Benz A Class A180 Sport,68000,Petrol,Automatic,1,2017,4663,5,17 Lakh,1700000
Maruti Baleno 1.2 CVT Delta,75000,Petrol,Automatic,1,2016,1968,5,5.25 Lakh,525000
Mercedes-Benz S-Class S 500 L,70000,Petrol,Automatic,2,2015,2987,7,49 Lakh,4900000
Audi Q3 2.0 TDI Quattro Premium Plus,73000,Diesel,Automatic,1,2015,1968,5,15.89 Lakh,1589000
Mercedes-Benz GLS 350d 4MATIC,65000,Diesel,Automatic,1,2017,2995,5,58.85 Lakh,5885000
Audi Q3 35 TDI Quattro Premium Plus,70011,Diesel,Automatic,1,2015,2755,7,17.50 Lakh,1750000
Land Rover Range Rover 3.0 Petrol LWB Vogue BSIV,40000,Petrol,Automatic,1,2019,1968,5,1.92 Crore,19200000
Toyota Innova Crysta 2.8 ZX AT BSIV,67011,Diesel,Automatic,1,2017,1497,5,17.50 Lakh,1750000
Skoda Yeti Ambition 4X2,103000,Diesel,Manual,1,2013,1998,5,3.25 Lakh,325000
Honda City i-VTEC CVT ZX,50000,Petrol,Automatic,2,2017,1197,5,9.49 Lakh,949000
Volvo XC60 B5 Inscripition,7000,Petrol,Automatic,1,2022,3198,7,68.50 Lakh,6850000
Maruti Swift Dzire VXI 1.2,30000,Petrol,Manual,1,2019,1991,5,6.40 Lakh,640000
Ford Endeavour Titanium Plus 4X4,44000,Diesel,Automatic,1,2018,1353,5,31.49 Lakh,3149000
Mercedes-Benz GLC 300 4MATIC Sport,28500,Petrol,Automatic,1,2019,1248,5,48 Lakh,4800000
Hyundai Creta SX Opt Turbo,8000,Petrol,Automatic,1,2021,1497,5,19.75 Lakh,1975000
Maruti Swift VDI,60000,Diesel,Manual,1,2019,1197,5,5.90 Lakh,590000
Honda City V AT,70000,Petrol,Automatic,2,2012,1995,5,3.94 Lakh,394000
Maruti Ignis 1.2 Alpha BSIV,80000,Petrol,Manual,1,2018,1497,5,4.35 Lakh,435000
BMW X1 sDrive 20d xLine,25000,Diesel,Automatic,1,2019,796,5,30 Lakh,3000000
Honda City V MT,2000,Petrol,Manual,1,2022,2694,7,10.50 Lakh,1050000
Maruti Alto 800 LXI,35000,Petrol,Manual,1,2018,2987,5,3.20 Lakh,320000
Toyota Innova Crysta 2.7 ZX AT,26000,Petrol,Automatic,1,2018,2184,4,20 Lakh,2000000
Maserati Ghibli Diesel BSIV,12000,Diesel,Automatic,1,2016,1197,5,66 Lakh,6600000
Mahindra Thar LX 4-Str Convert Top Diesel AT,13001,Diesel,Automatic,1,2022,2143,5,17.75 Lakh,1775000
Hyundai Xcent 1.2 VTVT S,60000,Petrol,Manual,2,2019,1199,5,4.75 Lakh,475000
Mercedes-Benz C-Class C 220 CDI Avantgarde,37000,Diesel,Automatic,2,2015,2498,6,21.50 Lakh,2150000
Honda Jazz 1.2 V AT i VTEC,27200,Petrol,Automatic,1,2017,1462,5,6.90 Lakh,690000
Mahindra Thar CRDe,46365,Diesel,Manual,1,2017,1461,5,7.72 Lakh,772000
Maruti Ciaz Alpha BSIV,82496,Petrol,Manual,1,2019,1248,5,8.72 Lakh,872000
Renault Duster 110PS Diesel RxL AMT,73656,Diesel,Automatic,1,2016,1493,7,6.51 Lakh,651000
Maruti Ciaz ZDi SHVS,92530,Diesel,Manual,1,2016,1368,5,5.43 Lakh,543000
Mahindra TUV 300 mHAWK100 T8,68364,Diesel,Manual,2,2017,1197,5,6.58 Lakh,658000
Jeep Compass 1.4 Sport,30224,Petrol,Manual,1,2018,1462,5,12.61 Lakh,1261000
Maruti Baleno 1.2 Alpha,88658,Petrol,Manual,1,2017,2498,6,5.85 Lakh,585000
Maruti Vitara Brezza ZXI,26396,Petrol,Manual,1,2020,998,5,10.53 Lakh,1053000
Mahindra Thar CRDe,60020,Diesel,Manual,1,2017,1462,5,7.46 Lakh,746000
Maruti Alto K10 2010-2014 VXI,55107,Petrol,Manual,1,2014,796,5,2.68 Lakh,268000
Maruti Ciaz Alpha AT,3925,Petrol,Automatic,1,2022,1197,5,12.43 Lakh,1243000
Maruti Alto 800 LXI,21949,Petrol,Manual,1,2017,1598,5,3.23 Lakh,323000
Maruti Swift Dzire VXI,41899,Petrol,Manual,1,2016,1497,5,5 Lakh,500000
Nissan Terrano XL P,30000,Petrol,Manual,1,2018,2400,5,7.25 Lakh,725000
Honda City i-VTEC V,28000,Petrol,Manual,1,2018,1950,5,8.65 Lakh,865000
Volvo XC60 D5 Inscription,20000,Diesel,Automatic,1,2021,1950,5,61 Lakh,6100000
Mercedes-Benz GLC 220d 4MATIC,24000,Diesel,Automatic,1,2020,1798,5,56.50 Lakh,5650000
Mercedes-Benz GLE 300d,13000,Diesel,Automatic,1,2021,998,5,89 Lakh,8900000
Skoda Superb Style 1.8 TSI AT,54000,Petrol,Automatic,1,2017,1248,5,21.75 Lakh,2175000
Maruti Alto K10 VXI,30555,Petrol,Manual,1,2016,1197,5,3.15 Lakh,315000
Maruti Ciaz VDi Plus SHVS,119878,Diesel,Manual,1,2015,1248,5,4.78 Lakh,478000
Hyundai i20 1.2 Magna Opt,84557,Petrol,Manual,1,2011,1997,7,2.43 Lakh,243000
Maruti Ciaz VDi Option SHVS,96528,Diesel,Manual,1,2017,999,5,5.36 Lakh,536000
Mahindra XUV500 W10 1.99 mHawk,44081,Diesel,Manual,1,2017,1248,5,11.24 Lakh,1124000
Renault Kiger RXT AMT,6494,Petrol,Automatic,1,2021,998,5,7.75 Lakh,775000
Maruti Swift VDI BSIV,118631,Diesel,Manual,1,2014,1198,5,3.40 Lakh,340000
Maruti Alto K10 VXI,47133,Petrol,Manual,1,2018,1197,5,3.51 Lakh,351000
Honda Amaze S i-VTEC,94025,Petrol,Manual,1,2017,998,5,4.56 Lakh,456000
Hyundai i20 Magna 1.2,68841,Petrol,Manual,1,2016,1582,5,5.02 Lakh,502000
Hyundai Venue SX Plus Turbo DCT BSIV,31952,Petrol,Automatic,1,2019,998,5,10.46 Lakh,1046000
Hyundai Creta 1.6 CRDi SX,66518,Diesel,Manual,2,2019,1582,5,11.30 Lakh,1130000
Hyundai Venue SX Plus Turbo DCT BSIV,26684,Petrol,Automatic,2,2019,1199,5,10.53 Lakh,1053000
Hyundai Creta 1.6 CRDi SX,38280,Diesel,Manual,1,2015,1197,5,7.90 Lakh,790000
Tata Tiago 1.2 Revotron XZ,96392,Petrol,Manual,1,2017,2179,7,3.77 Lakh,377000
Maruti Swift Dzire 1.2 ZXi BSIV,92613,Petrol,Manual,1,2011,1498,5,2.86 Lakh,286000
Mahindra Scorpio S7 120,40011,Diesel,Manual,1,2018,1396,5,11.78 Lakh,1178000
Honda City i DTEC VX,98772,Diesel,Manual,2,2015,1248,5,5.33 Lakh,533000
Hyundai i20 Asta 1.4 CRDi,38931,Diesel,Manual,1,2013,1396,5,3.50 Lakh,350000
Maruti Swift LDI BSIV,82392,Diesel,Manual,1,2017,2179,7,4.27 Lakh,427000
Hyundai i20 1.4 Asta,96805,Diesel,Manual,1,2017,998,5,5.72 Lakh,572000
Mahindra Scorpio S5 BSIV,68307,Diesel,Manual,1,2018,1197,5,9.98 Lakh,998000
Maruti Wagon R LXI BS IV,30404,Petrol,Manual,1,2016,1248,5,3.75 Lakh,375000
Maruti Baleno 1.2 Alpha,36438,Petrol,Manual,2,2018,2179,7,6.30 Lakh,630000
Maruti Swift VDI BSIV,115206,Diesel,Manual,1,2015,1451,5,3.76 Lakh,376000
Mahindra XUV500 W6 2WD,104537,Diesel,Manual,1,2015,1995,5,6.23 Lakh,623000
MG Hector Sharp DCT,29827,Petrol,Automatic,2,2019,1968,5,16.13 Lakh,1613000
BMW 3 Series Luxury Edition,9200,Diesel,Automatic,1,2020,2755,7,44.50 Lakh,4450000
Audi Q3 35 TDI Quattro Premium Plus,39356,Diesel,Automatic,1,2015,3198,7,17.50 Lakh,1750000
Toyota Innova Crysta 2.8 GX AT BSIV,55000,Diesel,Automatic,1,2017,2755,7,15.75 Lakh,1575000
Ford Endeavour 3.2 Titanium AT 4X4,80000,Diesel,Automatic,1,2018,2987,5,28.75 Lakh,2875000
Toyota Innova Crysta 2.8 GX AT BSIV,55000,Diesel,Automatic,1,2019,1248,5,19.45 Lakh,1945000
Mercedes-Benz S-Class S 350 CDI,18000,Diesel,Automatic,1,2017,1497,5,71.50 Lakh,7150000
Maruti Vitara Brezza VDi AMT,43000,Diesel,Automatic,1,2018,814,5,7.50 Lakh,750000
Hyundai Creta EX,1000,Petrol,Manual,1,2021,2143,5,12.73 Lakh,1273000
Hyundai EON Era Plus,67885,Petrol,Manual,1,2013,998,5,2.30 Lakh,230000
Mercedes-Benz C-Class 220 CDI AT,40000,Diesel,Automatic,1,2013,1396,5,13.75 Lakh,1375000
Hyundai EON 1.0 Era Plus,48421,Petrol,Manual,1,2013,1197,5,2.30 Lakh,230000
Hyundai i20 Active 1.4 S,110000,Diesel,Manual,1,2018,1582,5,6.50 Lakh,650000
Maruti Swift Dzire VXI,49000,Petrol,Manual,1,2014,1498,5,4.25 Lakh,425000
Hyundai Verna 1.6 SX,75000,Diesel,Manual,1,2013,1150,5,4.50 Lakh,450000
Ford Ecosport 1.5 DV5 MT Titanium,71000,Diesel,Manual,1,2014,1968,5,4.10 Lakh,410000
Chevrolet Aveo U-VA 1.2,78000,Petrol,Manual,2,2009,1248,7,"90,000",90000
Audi A6 35 TDI,68000,Diesel,Automatic,1,2016,1198,5,24.50 Lakh,2450000
Maruti Ertiga ZDI,94944,Diesel,Manual,1,2015,1493,5,5.18 Lakh,518000
Honda Amaze S Option i-VTEC,6357,Petrol,Manual,1,2017,1497,5,4.71 Lakh,471000
Hyundai Venue SX Opt Executive Diesel,24237,Diesel,Manual,1,2022,1199,5,10.24 Lakh,1024000
Kia Seltos HTX IVT G,28000,Petrol,Automatic,1,2021,2755,7,16.50 Lakh,1650000
Honda Amaze E Petrol,10282,Petrol,Manual,1,2020,2982,7,5.89 Lakh,589000
Toyota Innova Crysta 2.8 ZX AT BSIV,111337,Diesel,Automatic,1,2018,1995,5,17.10 Lakh,1710000
Toyota Fortuner 4x2 Manual,127429,Diesel,Manual,1,2014,1461,5,12.62 Lakh,1262000
BMW 5 Series 520d Sport Line,55000,Diesel,Automatic,2,2018,1197,5,40.50 Lakh,4050000
Nissan Sunny Diesel XL,61034,Diesel,Manual,2,2015,1120,5,3.39 Lakh,339000
Maruti Swift AMT ZXI,76036,Petrol,Automatic,2,2018,1968,5,5.64 Lakh,564000
Hyundai Grand i10 CRDi Sportz,65000,Diesel,Manual,2,2014,1396,5,2.75 Lakh,275000
Audi Q5 30 TDI quattro Premium,80000,Diesel,Automatic,3,2015,2755,7,14.75 Lakh,1475000
Hyundai Venue SX Opt Diesel BSIV,64104,Diesel,Manual,1,2019,1582,5,9.82 Lakh,982000
Toyota Innova Crysta 2.8 GX AT BSIV,116378,Diesel,Automatic,1,2018,998,5,15.76 Lakh,1576000
Hyundai Verna 1.6 CRDi SX,42234,Diesel,Manual,2,2016,2179,7,5.60 Lakh,560000
Hyundai Venue SX Opt iMT,10000,Petrol,Manual,1,2021,1197,5,11.50 Lakh,1150000
Mahindra XUV500 W6 2WD,49812,Diesel,Manual,2,2013,1198,5,4.44 Lakh,444000
Maruti Ignis Sigma,2294,Petrol,Manual,1,2022,2967,5,5.02 Lakh,502000
Skoda Fabia 1.2 MPI Ambiente,94679,Petrol,Manual,5,2010,1248,5,1.17 Lakh,117000
Audi Q5 3.0 TDI Quattro Technology,35000,Diesel,Automatic,1,2015,998,5,21 Lakh,2100000
Maruti Ciaz ZDi,57122,Diesel,Manual,1,2014,1186,5,4.76 Lakh,476000
Maruti Wagon R VXI BS IV,25122,Petrol,Manual,1,2017,1582,5,3.32 Lakh,332000
Hyundai Grand i10 1.2 CRDi Magna,60000,Diesel,Manual,2,2017,1197,5,3.50 Lakh,350000
Hyundai Creta 1.6 SX Automatic Diesel,36000,Diesel,Automatic,2,2020,1396,5,14.25 Lakh,1425000
Maruti Baleno Delta,38736,Petrol,Manual,1,2020,2694,7,6.31 Lakh,631000
Hyundai i20 Asta 1.4 CRDi,130432,Diesel,Manual,1,2014,1798,5,3.81 Lakh,381000
Toyota Fortuner 2.7 2WD AT,44000,Petrol,Automatic,2,2019,2967,5,31 Lakh,3100000
Audi A6 35 TFSI Matrix,30000,Petrol,Automatic,1,2018,1086,5,36.75 Lakh,3675000
Audi Q5 3.0 TDI Quattro,68000,Diesel,Automatic,3,2011,2179,7,9.95 Lakh,995000
Hyundai i10 Magna 1.1L,38000,Petrol,Manual,1,2011,1197,5,2.25 Lakh,225000
Mahindra XUV500 R W10 FWD,65000,Diesel,Manual,1,2015,2179,7,8.90 Lakh,890000
Maruti Swift Dzire VXI 1.2 BS IV,65000,Petrol,Manual,1,2019,1368,5,6.50 Lakh,650000
Mahindra Scorpio S5,12001,Diesel,Manual,1,2022,1991,5,15.85 Lakh,1585000
Jeep Compass 1.4 Sport Plus BSIV,23000,Petrol,Manual,1,2019,2967,7,13.75 Lakh,1375000
Mercedes-Benz E-Class Expression E 200 BSIV,65000,Petrol,Automatic,1,2018,1198,5,44 Lakh,4400000
Audi Q7 45 TDI Quattro Premium Plus,43000,Diesel,Automatic,2,2014,1969,5,18.75 Lakh,1875000
Honda Brio S MT,25000,Petrol,Manual,1,2012,1995,4,2.65 Lakh,265000
Volvo XC60 Inscription D5,7500,Diesel,Automatic,1,2020,1198,6,60 Lakh,6000000
BMW 6 Series GT 620d Luxury Line 2019-2021,50000,Diesel,Automatic,1,2020,2359,5,60.50 Lakh,6050000
Mahindra KUV 100 NXT G80 K8 Dual Tone,36000,Petrol,Manual,1,2017,1968,5,4.35 Lakh,435000
Hyundai Sonata 2.4 GDi MT,86000,Petrol,Manual,1,2012,2987,7,4.75 Lakh,475000
Audi Q3 2.0 TDI Quattro Premium Plus,56500,Diesel,Automatic,1,2014,1196,5,13 Lakh,1300000
Mercedes-Benz GLS 350d 4MATIC,70000,Diesel,Automatic,2,2016,1582,5,52 Lakh,5200000
Ford Figo Petrol ZXI,68000,Petrol,Manual,1,2013,1950,5,2.65 Lakh,265000
Hyundai Verna CRDi 1.6 AT SX Plus,63500,Diesel,Automatic,1,2017,1991,5,10 Lakh,1000000
Mercedes-Benz C-Class Progressive C 220d,26500,Diesel,Automatic,1,2019,1995,5,41 Lakh,4100000
Mercedes-Benz GLC 200,15000,Petrol,Automatic,1,2021,1498,5,61 Lakh,6100000
BMW X1 xDrive 20d xLine,38500,Diesel,Automatic,1,2018,1493,5,28.50 Lakh,2850000
Honda Amaze VX CVT Diesel,44500,Diesel,Automatic,1,2019,2494,5,9.25 Lakh,925000
Hyundai i20 Sportz Diesel,15500,Diesel,Manual,1,2022,2755,7,9.75 Lakh,975000
Toyota Camry 2.5 Hybrid,47000,Petrol,Automatic,1,2017,2993,5,23.50 Lakh,2350000
Toyota Fortuner 2.8 2WD AT BSIV,12000,Diesel,Automatic,1,2018,1995,5,33.50 Lakh,3350000
BMW X5 xDrive 30d xLine,20500,Diesel,Automatic,1,2022,2143,5,1 Crore,10000000
BMW 3 Series 320d GT Luxury Line,64593,Diesel,Automatic,3,2014,1197,5,18.50 Lakh,1850000
Mercedes-Benz GLE 250d,64000,Diesel,Automatic,1,2016,2143,5,36.50 Lakh,3650000
Toyota Glanza G,70000,Petrol,Manual,1,2021,2755,7,7 Lakh,700000
Mercedes-Benz E-Class E250 CDI Avantgarde,63203,Diesel,Automatic,2,2015,1997,5,22 Lakh,2200000
Toyota Fortuner 2.8 2WD AT,60500,Diesel,Automatic,1,2017,799,5,29 Lakh,2900000
Jaguar F-Pace 2.0 R-Dynamic S Diesel,9900,Diesel,Automatic,1,2021,998,5,74 Lakh,7400000
Renault KWID RXL,25000,Petrol,Manual,1,2016,4367,5,2.85 Lakh,285000
Maruti Wagon R CNG LXI BSIV,65000,Cng,Manual,2,2011,1248,7,1.91 Lakh,191000
Land Rover Range Rover 4.4 Diesel LWB Autobiography,68500,Diesel,Automatic,1,2019,1497,5,1.90 Crore,19000000
Maruti Ertiga ZDI,43000,Diesel,Manual,2,2014,1396,5,6 Lakh,600000
Honda City i VTEC VX,70000,Petrol,Manual,1,2015,1998,5,5.90 Lakh,590000
Hyundai i20 Sportz 1.4 CRDi,150000,Diesel,Manual,3,2013,796,5,2.75 Lakh,275000
BMW X4 xDrive30i M Sport Silver Shadow Edition,7600,Petrol,Automatic,1,2022,1582,5,74.50 Lakh,7450000
Maruti Alto 800 LXI,31458,Petrol,Manual,1,2021,998,5,3.07 Lakh,307000
Hyundai Elantra CRDi S,70372,Diesel,Manual,1,2013,2998,7,5.25 Lakh,525000
Maruti Wagon R LXI CNG,129325,Cng,Manual,1,2012,1497,5,1.90 Lakh,190000
BMW X7 xDrive 40i,39000,Petrol,Automatic,1,2019,2694,7,1.15 Crore,11500000
Honda City V MT,17000,Petrol,Manual,1,2021,2143,5,10.15 Lakh,1015000
Toyota Fortuner 2.7 2WD AT,20000,Petrol,Automatic,1,2020,2987,5,35 Lakh,3500000
Mercedes-Benz B Class B180 CDI,57000,Diesel,Automatic,3,2013,1498,5,7.65 Lakh,765000
Mercedes-Benz S-Class S 350 CDI,40000,Diesel,Automatic,1,2015,1196,5,51 Lakh,5100000
Ford Ecosport 1.5 Diesel Titanium,46000,Diesel,Manual,1,2020,624,4,9.50 Lakh,950000
Maruti Eeco CNG 5 Seater AC BSIV,18000,Cng,Manual,1,2019,2487,5,5 Lakh,500000
Tata Nano Twist XT,59290,Petrol,Manual,4,2015,1196,5,"85,671",85671
Toyota Camry Hybrid 2.5,20000,Petrol,Automatic,1,2019,1198,5,40.90 Lakh,4090000
Maruti Eeco 5 Seater AC BSIV,18000,Petrol,Manual,1,2012,1198,5,2.10 Lakh,210000
Nissan Micra Active XV,56000,Petrol,Manual,1,2018,1995,5,3.55 Lakh,355000
Volkswagen Ameo 1.2 MPI Highline,66000,Petrol,Manual,2,2016,1461,5,4.55 Lakh,455000
BMW 5 Series 520d Luxury Line,43000,Diesel,Automatic,1,2019,2993,5,46 Lakh,4600000
Nissan Terrano XL 85 PS,67000,Diesel,Manual,1,2014,1493,7,4.25 Lakh,425000
BMW X6 xDrive 40d M Sport,75000,Diesel,Automatic,2,2015,998,5,37.90 Lakh,3790000
Mahindra TUV 300 mHAWK100 T8,47000,Diesel,Manual,1,2017,1968,5,6.45 Lakh,645000
Hyundai Venue SX Sport iMT,8800,Petrol,Manual,1,2021,1197,5,10.75 Lakh,1075000
Audi Q5 2.0 TDI Premium Plus,94002,Diesel,Automatic,2,2014,1797,5,16 Lakh,1600000
Maruti Ignis Sigma,12000,Petrol,Manual,1,2021,1956,5,5.25 Lakh,525000
Hyundai Elantra SX AT,75000,Petrol,Automatic,1,2015,2143,5,7.65 Lakh,765000
Jeep Compass 2.0 Sport Plus BSIV,62000,Diesel,Manual,1,2019,2993,5,15.75 Lakh,1575000
Mercedes-Benz C-Class C 220 CDI Avantgarde,90004,Diesel,Automatic,3,2014,1997,7,11.90 Lakh,1190000
BMW X5 xDrive 30d M Sport,83005,Diesel,Automatic,2,2014,2143,5,29 Lakh,2900000
Mahindra XUV500 W10 1.99 mHawk,47000,Diesel,Manual,1,2018,2494,7,10.95 Lakh,1095000
Mercedes-Benz GLE 250d,49000,Diesel,Automatic,1,2017,1498,5,44 Lakh,4400000
Toyota Innova 2.5 ZX Diesel 7 Seater BSIII,70000,Diesel,Manual,1,2015,1498,5,12 Lakh,1200000
Ford Ecosport 1.5 Diesel Titanium,62500,Diesel,Manual,1,2015,1950,5,4.75 Lakh,475000
Ford Ecosport 1.5 Diesel Titanium,49036,Diesel,Manual,1,2017,1595,5,7.25 Lakh,725000
Mercedes-Benz E-Class Expression E 220 d BSIV,17000,Diesel,Automatic,1,2020,1197,5,58 Lakh,5800000
Mercedes-Benz B Class B180 Sports,67000,Petrol,Automatic,2,2013,1950,5,12.90 Lakh,1290000
Maruti Swift ZXI BSIV,39889,Petrol,Manual,2,2017,2967,4,4.41 Lakh,441000
Mercedes-Benz E-Class Exclusive E 220d,2000,Diesel,Automatic,1,2022,1498,5,76.25 Lakh,7625000
Audi A8 L 50 TDI Quattro Premium Plus,81250,Diesel,Automatic,1,2015,1995,5,42 Lakh,4200000
Ford Ecosport 1.5 Diesel Titanium Plus,43000,Diesel,Manual,1,2016,1196,5,5.25 Lakh,525000
BMW X3 xDrive 20d Luxury Line,19000,Diesel,Automatic,1,2021,1498,5,60 Lakh,6000000
Ford Figo 1.2P Titanium Plus MT,29000,Petrol,Manual,2,2016,2993,4,3.95 Lakh,395000
MG Astor Sharp CVT,2400,Petrol,Automatic,1,2022,1796,5,17.25 Lakh,1725000
Jaguar XJ 3.0L LWB Ultimate,79004,Diesel,Automatic,2,2012,1798,5,22.90 Lakh,2290000
Mercedes-Benz C-Class C 200 CGI Grand Edition,28000,Petrol,Automatic,1,2018,2143,5,36.50 Lakh,3650000
Toyota Corolla Altis VL AT,99300,Petrol,Automatic,2,2015,4367,5,8.75 Lakh,875000
Mercedes-Benz M-Class ML 250 CDI,80000,Diesel,Automatic,2,2014,2993,4,21.90 Lakh,2190000
Land Rover Range Rover Vogue SE 4.4 SDV8,87002,Diesel,Automatic,2,2013,1968,5,35.25 Lakh,3525000
BMW 7 Series 730Ld DPE Signature,19000,Diesel,Automatic,1,2021,1968,5,1.30 Crore,13000000
Audi Q5 2.0 TDI Premium Plus,94002,Diesel,Automatic,2,2013,4367,5,14.25 Lakh,1425000
Audi A6 2.0 TDI Premium Plus,82005,Diesel,Automatic,2,2013,1796,5,14.25 Lakh,1425000
Land Rover Range Rover Vogue SE 4.4 SDV8,95004,Diesel,Automatic,1,2013,1998,5,39.75 Lakh,3975000
Mercedes-Benz C-Class C 200 CGI Grand Edition,25000,Petrol,Automatic,1,2018,1498,5,36.50 Lakh,3650000
BMW X1 sDrive20i xLine,68753,Petrol,Automatic,2,2019,1582,5,28.10 Lakh,2810000
Ford Ecosport 1.5 DV5 MT Titanium,62500,Diesel,Manual,1,2015,1950,5,4.75 Lakh,475000
Hyundai Creta 1.6 CRDi AT S Plus,85000,Diesel,Automatic,1,2017,1498,5,8.95 Lakh,895000
Mercedes-Benz C-Class Progressive C 200,12000,Petrol,Automatic,1,2021,1248,5,49.90 Lakh,4990000
Honda WR-V i-DTEC VX,58000,Diesel,Manual,1,2017,1248,5,6.99 Lakh,699000
Maruti Baleno 1.3 Zeta,55500,Diesel,Manual,1,2018,1950,5,6.20 Lakh,620000
Maruti Baleno 1.3 Zeta,54000,Diesel,Manual,1,2018,1956,5,6.25 Lakh,625000
Mercedes-Benz C-Class Progressive C 200,12000,Petrol,Automatic,1,2021,1956,5,47.90 Lakh,4790000
Tata Harrier XM,32500,Diesel,Manual,1,2019,1086,5,12.50 Lakh,1250000
Tata Harrier XM,33500,Diesel,Manual,1,2019,1997,5,12.60 Lakh,1260000
Hyundai i10 Era 1.1 iTech SE,60000,Petrol,Manual,1,2012,2523,7,2.21 Lakh,221000
Land Rover Range Rover Velar R-Dynamic S Petrol MY21,38000,Petrol,Automatic,1,2020,1248,5,85 Lakh,8500000
Mahindra Bolero SLX 2WD BSIII,120000,Diesel,Manual,1,2015,998,5,4.50 Lakh,450000
Maruti Vitara Brezza LDi Option,64000,Diesel,Manual,1,2017,1996,7,6.35 Lakh,635000
Maruti Wagon R CNG LXI BSIV,59000,Cng,Manual,1,2017,1451,5,4 Lakh,400000
MG Gloster Savvy 7-Str,11000,Diesel,Automatic,2,2021,999,5,39.65 Lakh,3965000
MG Hector Sharp DCT,12023,Petrol,Automatic,1,2021,1969,5,18 Lakh,1800000
Renault KWID Climber 1.0 AMT BSIV,30000,Petrol,Automatic,1,2019,0,5,4.70 Lakh,470000
Volvo S90 D4 Inscription BSIV,20000,Diesel,Automatic,1,2018,1950,5,44.75 Lakh,4475000
MG ZS EV Exclusive,38000,Electric,Automatic,1,2020,1998,5,21.10 Lakh,2110000
Mercedes-Benz C-Class Progressive C 200,16500,Petrol,Automatic,1,2018,1950,5,36.50 Lakh,3650000
Mini Cooper D,29000,Diesel,Automatic,2,2014,1197,5,18.90 Lakh,1890000
Mercedes-Benz C-Class Progressive C 220d,24000,Diesel,Automatic,2,2020,1498,5,39 Lakh,3900000
Maruti Swift LXI,37229,Petrol,Manual,1,2020,2993,5,4.83 Lakh,483000
Honda City i DTEC VX,100000,Diesel,Manual,3,2015,2179,7,4.90 Lakh,490000
BMW X5 xDrive 30d,85000,Diesel,Automatic,2,2015,1968,5,29.75 Lakh,2975000
Mahindra XUV500 W6 2WD,90928,Diesel,Manual,1,2013,1498,5,4.31 Lakh,431000
Audi A3 35 TDI Premium Plus,39000,Diesel,Automatic,1,2020,1950,5,25.80 Lakh,2580000
Volkswagen Vento 1.5 TDI Highline AT,78000,Diesel,Automatic,1,2015,1373,7,5 Lakh,500000
Mercedes-Benz GLC Coupe 300d 4MATIC,24900,Diesel,Automatic,1,2021,1399,5,71.50 Lakh,7150000
Maruti Ertiga VXI CNG,44000,Cng,Manual,1,2016,1497,5,7.25 Lakh,725000
Ford Figo Diesel Titanium,86483,Diesel,Manual,3,2014,1997,5,1.93 Lakh,193000
Honda City Edge Edition SV,20000,Petrol,Manual,1,2019,1598,5,9 Lakh,900000
Jaguar XF 2.0 Petrol Prestige,7500,Petrol,Automatic,1,2020,2755,7,47 Lakh,4700000
Renault Duster Petrol RxL,49000,Petrol,Manual,2,2017,1462,7,5.75 Lakh,575000
Toyota Innova Crysta 2.8 GX AT BSIV,26000,Diesel,Automatic,1,2018,4461,7,18.75 Lakh,1875000
Maruti Ertiga CNG VXI,65000,Cng,Manual,1,2015,1197,5,6.75 Lakh,675000
Toyota Land Cruiser VX,56000,Diesel,Automatic,1,2018,1248,5,1.58 Crore,15800000
Toyota Glanza G,40252,Petrol,Manual,1,2020,1582,5,6.06 Lakh,606000
Maruti Swift VDI BSIV,97947,Diesel,Manual,2,2014,1197,5,3.23 Lakh,323000
Hyundai Creta 1.6 CRDi AT SX Plus,150715,Diesel,Automatic,1,2015,1968,5,7.16 Lakh,716000
Hyundai i10 Sportz,102820,Petrol,Manual,1,2010,1462,7,1.58 Lakh,158000
Skoda New Laura Ambiente 2.0 TDI CR AT,109403,Diesel,Automatic,3,2012,1993,5,2.53 Lakh,253000
Maruti Ertiga VXI AT,37377,Petrol,Automatic,1,2019,1197,5,8.58 Lakh,858000
Mercedes-Benz C-Class C 220d,4000,Diesel,Automatic,1,2022,1461,5,62 Lakh,6200000
Maruti Swift Dzire VXI,84728,Petrol,Manual,2,2015,1968,5,3.67 Lakh,367000
Renault Duster 85PS Diesel RxE,53548,Diesel,Manual,2,2013,1497,5,3.24 Lakh,324000
Audi A6 2.0 TDI,29397,Diesel,Automatic,1,2014,1197,5,16.19 Lakh,1619000
Honda City i VTEC CVT VX,64000,Petrol,Automatic,1,2016,1997,7,7.75 Lakh,775000
Hyundai Grand i10 Asta,30346,Petrol,Manual,1,2016,1248,5,4.06 Lakh,406000
Mahindra XUV500 W10 1.99 mHawk,42119,Diesel,Manual,1,2017,1396,5,10.63 Lakh,1063000
Maruti Swift Dzire VDI,120450,Diesel,Manual,2,2014,1198,5,3.27 Lakh,327000
Hyundai Creta 1.4 CRDi S,70000,Diesel,Manual,1,2017,1991,4,8.35 Lakh,835000
Honda Amaze S i-Vtech,59534,Petrol,Manual,2,2015,1373,5,4.40 Lakh,440000
Chevrolet Cruze LTZ AT,90000,Diesel,Automatic,2,2016,2494,8,6.50 Lakh,650000
Maruti Ciaz 1.4 Zeta,63001,Petrol,Manual,1,2017,1950,5,7.50 Lakh,750000
Toyota Innova 2.5 VX (Diesel) 8 Seater,153000,Diesel,Manual,1,2014,1197,5,13.50 Lakh,1350000
Mercedes-Benz C-Class Progressive C 220d,65000,Diesel,Automatic,1,2014,1462,6,16 Lakh,1600000
Hyundai Grand i10 Asta Option,60000,Petrol,Manual,2,2015,1968,5,4.60 Lakh,460000
Maruti XL6 Zeta,17000,Petrol,Manual,1,2021,1197,5,11 Lakh,1100000
Audi A4 2.0 TDI,55000,Diesel,Automatic,3,2013,1997,7,13 Lakh,1300000
Hyundai i20 Petrol Asta Option,24000,Petrol,Manual,1,2019,1298,5,7.90 Lakh,790000
Mahindra XUV500 W10 1.99 mHawk,102000,Diesel,Manual,1,2016,1199,5,12 Lakh,1200000
Maruti Swift 1.3 VXi,40000,Petrol,Manual,1,2010,999,7,3.20 Lakh,320000
Tata Tiago 1.2 Revotron XM,92195,Petrol,Manual,1,2016,1598,5,3.05 Lakh,305000
Renault Triber RXL EASY-R AMT,13780,Petrol,Automatic,1,2020,1798,5,6.65 Lakh,665000
Skoda Rapid 1.6 MPI AT Ambition BSIV,24700,Petrol,Automatic,1,2019,1199,5,9.75 Lakh,975000
Skoda Octavia 1.8 TSI AT Style,41000,Petrol,Automatic,1,2019,1582,5,19.50 Lakh,1950000
Honda Jazz V CVT,18000,Petrol,Automatic,2,2017,1373,5,6.80 Lakh,680000
Hyundai Creta 1.6 CRDi AT SX Plus,7000,Diesel,Automatic,1,2016,1248,5,12.25 Lakh,1225000
Maruti Ciaz 1.4 AT Alpha,39600,Petrol,Automatic,1,2018,1197,5,9.50 Lakh,950000
Maruti Swift VDI BSIV,39500,Diesel,Manual,1,2018,2755,7,6.90 Lakh,690000
Maruti Swift Dzire AMT ZXI Plus,11800,Petrol,Automatic,1,2020,1969,5,8.75 Lakh,875000
Toyota Fortuner 2.8 2WD MT BSIV,77000,Diesel,Manual,2,2017,2982,7,28.05 Lakh,2805000
Volvo S60 D4 KINETIC,99000,Diesel,Automatic,1,2017,1497,5,16.80 Lakh,1680000
Toyota Fortuner 4x2 Manual,177000,Diesel,Manual,1,2014,1497,5,16.10 Lakh,1610000
Kia Seltos HTX G,43000,Petrol,Manual,1,2019,1995,5,13.90 Lakh,1390000
Mahindra XUV300 W8 Diesel BSIV,40000,Diesel,Manual,1,2019,1968,5,12.60 Lakh,1260000
BMW X1 sDrive 20d xLine,65000,Diesel,Automatic,1,2019,1248,5,32.50 Lakh,3250000
Audi A3 35 TDI Premium Plus,39000,Diesel,Automatic,1,2020,1497,7,25.80 Lakh,2580000
Maruti Vitara Brezza ZDi,48000,Diesel,Manual,1,2018,1582,5,9.80 Lakh,980000
Mahindra Marazzo M2 BSIV,77000,Diesel,Manual,1,2019,1493,7,10.25 Lakh,1025000
Hyundai Creta 1.6 CRDi SX Plus,52000,Diesel,Manual,1,2018,1498,7,10.25 Lakh,1025000
Mahindra TUV 300 T10,27000,Diesel,Manual,1,2018,1497,5,9.70 Lakh,970000
Honda BR-V i-DTEC V MT,47000,Diesel,Manual,1,2018,1498,5,9.65 Lakh,965000
Tata Nexon 1.5 Revotorq XZ Plus,42000,Diesel,Manual,2,2019,1591,5,9.55 Lakh,955000
Honda WR-V i-DTEC VX,42000,Diesel,Manual,1,2018,1598,5,9.30 Lakh,930000
Hyundai Creta 1.6 VTVT SX Plus,48000,Petrol,Manual,1,2016,1198,5,8.95 Lakh,895000
Maruti SX4 S Cross DDiS 320 Zeta,59000,Diesel,Manual,1,2017,1493,7,8.55 Lakh,855000
Tata Nexon 1.2 Revotron XM,27000,Petrol,Manual,1,2019,999,7,8.35 Lakh,835000
Mahindra TUV 300 T8,44000,Diesel,Manual,1,2016,1248,7,8 Lakh,800000
Renault Triber RXZ EASY-R AMT,5000,Petrol,Automatic,1,2021,1498,5,8 Lakh,800000
Maruti Ertiga ZDI,78000,Diesel,Manual,1,2013,1497,7,7.40 Lakh,740000
Ford Ecosport 1.5 TDCi Titanium Plus BE BSIV,57000,Diesel,Manual,1,2016,999,5,7 Lakh,700000
Honda Mobilio V Option i-VTEC,48000,Petrol,Manual,2,2014,1498,5,6.05 Lakh,605000
Ford Ecosport 1.0 Ecoboost Titanium Optional,56000,Petrol,Manual,1,2014,1461,5,5.90 Lakh,590000
Volkswagen Vento 1.5 TDI Highline,15000,Diesel,Manual,1,2013,1497,5,5.50 Lakh,550000
Renault Duster 110PS Diesel RXZ Optional with Nav,77000,Diesel,Manual,2,2012,2179,5,5.65 Lakh,565000
Honda City i-VTEC V,60000,Petrol,Manual,1,2018,1198,5,8.50 Lakh,850000
Land Rover Range Rover Evoque 2.2L Pure,65000,Diesel,Automatic,2,2013,1199,5,20 Lakh,2000000
Honda Jazz X,61985,Petrol,Manual,1,2012,1197,5,3.90 Lakh,390000
Honda Amaze V Petrol BSIV,19000,Petrol,Manual,1,2019,1199,5,8.20 Lakh,820000
Maruti Swift Dzire VXI 1.2,30000,Petrol,Manual,1,2019,1197,5,7.50 Lakh,750000
Honda Jazz 1.2 S i VTEC,41000,Petrol,Manual,1,2018,1197,5,7 Lakh,700000
Hyundai Grand i10 Nios Sportz,6834,Petrol,Manual,1,2020,1591,5,6.75 Lakh,675000
Maruti Swift Dzire VXI,112160,Petrol,Manual,1,2013,1462,5,3.70 Lakh,370000
Hyundai Creta 1.6 SX Automatic,16118,Petrol,Automatic,1,2018,1461,5,11 Lakh,1100000
Maruti Ciaz Alpha,47000,Petrol,Manual,1,2020,1598,5,9.90 Lakh,990000
Renault Duster 110PS Diesel RxZ,80000,Diesel,Manual,2,2012,1462,5,4.20 Lakh,420000
Skoda Rapid 1.6 MPI Active BSIV,24000,Petrol,Manual,1,2020,998,5,8.93 Lakh,893000
Maruti Ciaz Alpha Automatic BSIV,46000,Petrol,Automatic,1,2018,1197,5,8.65 Lakh,865000
Maruti Baleno RS 1.0 Petrol,30000,Petrol,Manual,1,2017,1197,5,7.85 Lakh,785000
Hyundai i20 Active 1.2 SX,30000,Petrol,Manual,1,2017,1396,5,7.65 Lakh,765000
Maruti Swift Dzire ZXI 1.2,31000,Petrol,Manual,1,2017,1248,5,7.55 Lakh,755000
Hyundai Elite i20 2018 Diesel Asta Option,46000,Diesel,Manual,1,2018,1199,5,7.50 Lakh,750000
Maruti Baleno 1.3 Zeta,44000,Diesel,Manual,1,2016,1498,5,7.43 Lakh,743000
Honda Jazz V,40000,Petrol,Manual,1,2019,1197,5,7.30 Lakh,730000
Honda City i DTec S,39000,Diesel,Manual,1,2016,1197,5,7.05 Lakh,705000
Hyundai i20 Asta 1.2,63759,Petrol,Manual,1,2013,1199,5,4.50 Lakh,450000
Hyundai i20 Active S Petrol,29000,Petrol,Manual,2,2018,1197,5,6.99 Lakh,699000
Honda Jazz 1.2 SV i VTEC,42000,Petrol,Manual,1,2017,1197,5,6.95 Lakh,695000
Hyundai i20 Sportz 1.2,37000,Petrol,Manual,1,2017,1497,5,6.75 Lakh,675000
Maruti Swift VXI,40000,Petrol,Manual,1,2019,1199,5,6.75 Lakh,675000
Honda City i VTEC SV,33000,Petrol,Manual,1,2014,998,5,6.45 Lakh,645000
Honda Jazz 1.2 S i VTEC,26000,Petrol,Manual,1,2018,1373,5,6.40 Lakh,640000
Hyundai Venue SX Plus Turbo DCT DT,24000,Petrol,Automatic,1,2021,1497,7,11.95 Lakh,1195000
Maruti Ciaz VXi,156596,Petrol,Manual,1,2015,1798,5,4.50 Lakh,450000
Honda BR-V i-VTEC VX MT,98778,Petrol,Manual,1,2017,1197,5,5.80 Lakh,580000
Skoda Superb Elegance 1.8 TSI AT,145000,Petrol,Automatic,2,2010,1968,5,8 Lakh,800000
Hyundai i20 1.2 Asta Option,26000,Petrol,Manual,1,2018,1197,5,7.90 Lakh,790000
Skoda Octavia 2.0 TDI AT Style Plus,60000,Diesel,Automatic,2,2017,1199,5,17.50 Lakh,1750000
Maruti Baleno 1.2 Zeta,560000,Petrol,Manual,1,2017,1199,5,5.60 Lakh,560000
Honda Jazz 1.2 VX i VTEC,45000,Petrol,Manual,1,2017,1598,5,6.35 Lakh,635000
Tata Tiago XZA,27000,Petrol,Automatic,1,2019,1798,5,6.25 Lakh,625000
Skoda Rapid 1.6 MPI AT Ambition BSIV,43000,Petrol,Automatic,1,2018,1968,5,8.60 Lakh,860000
Toyota Corolla Altis GL MT,37000,Petrol,Manual,1,2015,1197,5,9.90 Lakh,990000
Audi Q3 2.0 TDI Quattro Premium Plus,46000,Diesel,Automatic,1,2014,1199,5,19.90 Lakh,1990000
Hyundai i10 Sportz AT,51366,Petrol,Automatic,1,2011,1497,5,2.80 Lakh,280000
Honda Jazz 1.2 V AT i VTEC,77331,Petrol,Automatic,1,2017,1984,5,6.30 Lakh,630000
Honda City i VTEC V,77783,Petrol,Manual,1,2016,1493,7,6.30 Lakh,630000
Skoda Superb LK 2.0 TDI AT,44000,Diesel,Automatic,1,2016,1198,5,22.50 Lakh,2250000
Mahindra TUV 300 T10 AMT,56276,Diesel,Automatic,2,2018,1248,5,6.25 Lakh,625000
Honda Brio V MT,44408,Petrol,Manual,2,2012,999,5,2.90 Lakh,290000
Tata Manza Aqua Quadrajet,80000,Diesel,Manual,1,2010,1368,5,1.50 Lakh,150000
Volkswagen Ameo 1.0 MPI Highline Plus,20000,Petrol,Manual,1,2019,2198,7,6.10 Lakh,610000
Jeep Compass 1.4 Limited Opt DCT,19000,Petrol,Automatic,1,2021,1462,5,23.90 Lakh,2390000
Ford Endeavour 2.2 Titanium AT 4X2,73500,Diesel,Automatic,1,2019,1248,5,27 Lakh,2700000
Maruti Ciaz Delta Automatic BSIV,28783,Petrol,Automatic,1,2019,1422,5,8.10 Lakh,810000
Maruti Vitara Brezza ZDi,43000,Diesel,Manual,1,2018,1197,5,9.75 Lakh,975000
Skoda Fabia 1.4 TDI Classic,117500,Diesel,Manual,2,2010,1198,5,1.50 Lakh,150000
Maruti Swift Dzire VXi AT,46352,Petrol,Automatic,1,2012,1197,5,4.50 Lakh,450000
Volkswagen Ameo 1.2 MPI Comfortline Plus,84123,Petrol,Manual,1,2017,796,5,4.40 Lakh,440000
Hyundai i20 Asta Option BSIV,22773,Petrol,Manual,1,2019,1199,5,7.80 Lakh,780000
Maruti Alto 800 LXI,20000,Petrol,Manual,2,2017,2143,5,3 Lakh,300000
Chevrolet Beat LT,77075,Petrol,Manual,3,2011,999,5,1.75 Lakh,175000
Mercedes-Benz GLC Progressive 220d,38000,Diesel,Automatic,1,2018,2143,5,43 Lakh,4300000
Renault KWID 1.0 RXT,70000,Petrol,Manual,1,2016,1242,5,2.10 Lakh,210000
Mercedes-Benz GLA Class 200 d Sport,40000,Diesel,Automatic,1,2016,1197,5,20.50 Lakh,2050000
Fiat Palio 1.2 ELX,20000,Petrol,Manual,1,2002,796,5,"60,000",60000
Hyundai Grand i10 Magna,60000,Petrol,Manual,1,2016,998,5,3.85 Lakh,385000
Maruti Alto LXi,19521,Petrol,Manual,1,2008,2393,7,1.85 Lakh,185000
Maruti Alto K10 VXI AMT,19800,Petrol,Automatic,2,2017,1364,5,3.80 Lakh,380000
Toyota Innova Crysta 2.4 G MT,50000,Diesel,Manual,1,2019,1497,5,19.75 Lakh,1975000
Toyota Etios VXD,50000,Diesel,Manual,1,2012,1493,7,5.85 Lakh,585000
Honda City i-VTEC VX,37000,Petrol,Manual,1,2019,1498,5,10.50 Lakh,1050000
Mahindra TUV 300 T10,40000,Diesel,Manual,1,2019,1497,5,8 Lakh,800000
Honda WR-V i-DTEC S,10700,Diesel,Manual,1,2017,1197,5,8.25 Lakh,825000
Honda City i VTEC V,31800,Petrol,Manual,1,2014,1199,5,6.10 Lakh,610000
Maruti Baleno 1.2 Zeta,32400,Petrol,Manual,1,2016,1197,5,5.79 Lakh,579000
Honda Amaze VX Petrol,4700,Petrol,Manual,1,2020,1248,5,7.85 Lakh,785000
Hyundai Grand i10 1.2 Kappa Sportz BSIV,33500,Petrol,Manual,1,2018,1582,5,5.25 Lakh,525000
Maruti Swift Dzire VDI,54800,Diesel,Manual,1,2018,998,5,6.99 Lakh,699000
Hyundai Verna CRDi 1.6 EX,44000,Diesel,Manual,1,2017,1199,5,7.99 Lakh,799000
Maruti Wagon R VXI BS IV,19000,Petrol,Manual,1,2014,1197,5,4.15 Lakh,415000
Honda Jazz VX CVT,22000,Petrol,Automatic,1,2019,1199,5,7.89 Lakh,789000
Hyundai i20 Sportz,12900,Petrol,Manual,1,2020,998,5,7.85 Lakh,785000
Honda Amaze V CVT Petrol BSIV,22700,Petrol,Automatic,1,2019,1086,5,7.80 Lakh,780000
Maruti Zen Estilo VXI BSIV,69000,Petrol,Manual,2,2010,1197,5,1.89 Lakh,189000
Hyundai Santro Xing GL Plus,60000,Petrol,Manual,1,2012,1497,5,2.69 Lakh,269000
Hyundai i20 Sportz,9500,Petrol,Manual,1,2020,1497,5,9 Lakh,900000
Honda City i-VTEC SV,15000,Petrol,Manual,1,2021,2393,7,9.80 Lakh,980000
Kia Seltos HTK Plus G,19000,Petrol,Manual,1,2020,1196,5,12.60 Lakh,1260000
Toyota Innova Crysta 2.4 ZX 7 STR AT,3500,Diesel,Automatic,1,2022,998,5,30.50 Lakh,3050000
Ford Figo Petrol ZXI,81721,Petrol,Manual,1,2010,1196,5,1.90 Lakh,190000
Maruti Zen Estilo LXI BS IV,109656,Petrol,Manual,1,2012,998,5,2.10 Lakh,210000
Ford Figo Petrol ZXI,87955,Petrol,Manual,1,2012,1197,5,1.95 Lakh,195000
Maruti Alto K10 VXI AMT,50000,Petrol,Automatic,1,2015,2993,5,3.30 Lakh,330000
Maruti Swift Dzire AMT ZXI Plus,12990,Petrol,Automatic,1,2019,2987,7,8 Lakh,800000
BMW 5 Series 530d M Sport,75099,Diesel,Automatic,1,2014,1498,5,29.99 Lakh,2999000
Mercedes-Benz GL-Class 350 CDI Luxury,120000,Diesel,Automatic,1,2010,1197,5,14.50 Lakh,1450000
Skoda Rapid 1.5 TDI AT Elegance Black Package,70000,Diesel,Automatic,2,2015,1330,5,5.95 Lakh,595000
Hyundai i20 Asta,90000,Petrol,Manual,2,2009,1591,5,2.50 Lakh,250000
Renault Duster RXS Turbo CVT,10000,Petrol,Automatic,2,2021,1598,5,12.50 Lakh,1250000
Hyundai Creta 1.6 SX Automatic,44000,Petrol,Automatic,1,2018,1198,5,12.75 Lakh,1275000
Skoda Rapid Ultima 1.6 MPI AT Elegance,29500,Petrol,Automatic,1,2013,1493,7,6.89 Lakh,689000
Honda Brio V MT,81200,Petrol,Manual,1,2013,1498,5,3.15 Lakh,315000
Mahindra TUV 300 mHAWK100 T8 AMT,50000,Diesel,Automatic,1,2016,1199,5,7 Lakh,700000
Volkswagen Vento 1.5 TDI Highline AT,141383,Diesel,Automatic,1,2016,1582,5,6.10 Lakh,610000
Honda Amaze VX CVT Petrol BSIV,34392,Petrol,Automatic,1,2019,1197,5,8 Lakh,800000
Hyundai Verna SX CRDi AT,90000,Diesel,Automatic,1,2013,1998,5,6 Lakh,600000
Hyundai Grand i10 Magna,47681,Petrol,Manual,1,2014,1086,5,3.90 Lakh,390000
Mini Cooper Countryman Cooper S,25900,Petrol,Automatic,1,2019,993,5,40.99 Lakh,4099000
Hyundai Santro Xing GL,120000,Petrol,Manual,3,2009,1197,5,1.55 Lakh,155000
Maruti Zen LXI,68952,Petrol,Manual,2,2003,1497,5,"99,000",99000
Hyundai i10 Asta,41525,Petrol,Manual,2,2011,1353,5,3.35 Lakh,335000
Tata Altroz XZ Diesel,15000,Diesel,Manual,1,2021,1956,5,8.90 Lakh,890000
Kia Seltos GTX DCT,11000,Petrol,Automatic,1,2021,1498,5,18.25 Lakh,1825000
Jeep Compass 2.0 Limited,29990,Diesel,Manual,1,2019,1493,5,19.50 Lakh,1950000
Honda City ZX CVT,25000,Petrol,Automatic,1,2020,1498,5,14.50 Lakh,1450000
Hyundai Verna SX AT Diesel,20000,Diesel,Automatic,1,2022,1498,5,15 Lakh,1500000
Ford Figo 1.5D Base MT,90000,Diesel,Manual,2,2016,1497,5,4 Lakh,400000
Honda WR-V i-DTEC VX,80000,Diesel,Manual,1,2018,2179,8,8.75 Lakh,875000
Honda City i VTEC CVT VX,50000,Petrol,Automatic,2,2016,1798,5,8.50 Lakh,850000
Mahindra Scorpio SLE BSIV,90000,Diesel,Manual,2,2010,1197,5,4.80 Lakh,480000
Toyota Corolla Altis G AT,70000,Petrol,Automatic,2,2015,999,5,9.26 Lakh,926000
Maruti Ignis Delta AMT,20000,Petrol,Automatic,1,2020,796,5,6 Lakh,600000
Skoda Rapid 1.0 TSI Style AT,25000,Petrol,Automatic,1,2018,1968,5,9.90 Lakh,990000
Maruti Alto LXi,60000,Petrol,Manual,2,2006,1497,5,"45,000",45000
Audi Q3 35 TDI Quattro Premium,56000,Diesel,Automatic,1,2015,1496,5,22.05 Lakh,2205000
Honda City i VTEC CVT VX,53000,Petrol,Automatic,1,2016,1968,5,8.50 Lakh,850000
Ford Ecosport Sports Petrol,10000,Petrol,Manual,1,2020,2393,7,9.70 Lakh,970000
Audi A4 2.0 TDI Multitronic,110000,Diesel,Automatic,1,2012,1598,5,10.50 Lakh,1050000
Toyota Innova Crysta 2.4 ZX MT BSIV,99990,Diesel,Manual,1,2018,1995,5,22 Lakh,2200000
Skoda Rapid 1.6 MPI Elegance Plus Black Package,68000,Petrol,Manual,2,2014,1197,5,4.20 Lakh,420000
BMW 5 Series 520d Modern Line,68500,Diesel,Automatic,4,2014,999,5,21 Lakh,2100000
Maruti Swift ZXi BSIV,50599,Petrol,Manual,2,2015,1497,5,5.75 Lakh,575000
Volkswagen Polo 1.0 MPI Comfortline,54431,Petrol,Manual,2,2015,1498,5,4.85 Lakh,485000
Honda City i-VTEC CVT VX,65855,Petrol,Automatic,1,2019,0,5,9.50 Lakh,950000
Ford Ecosport 1.5 DV5 MT Titanium,113706,Diesel,Manual,2,2014,2523,8,4.85 Lakh,485000
Tata Nexon EV Prime XZ Plus LUX,40000,Electric,Automatic,1,2020,1497,8,14.50 Lakh,1450000
Mahindra Scorpio EX,100000,Diesel,Manual,2,2012,1599,5,5.50 Lakh,550000
Mahindra Marazzo M6 Plus 8Str,36700,Diesel,Manual,1,2021,2393,7,14.85 Lakh,1485000
Hyundai Verna 1.6 i ABS,40000,Petrol,Manual,2,2009,2755,7,2.50 Lakh,250000
Toyota Innova Crysta 2.4 VX MT,50000,Diesel,Manual,1,2020,1197,5,24.50 Lakh,2450000
Toyota Innova Crysta 2.8 ZX AT BSIV,50000,Diesel,Automatic,1,2019,2987,7,26.50 Lakh,2650000
Hyundai Grand i10 Nios Sportz,40000,Petrol,Manual,1,2019,1199,5,6 Lakh,600000
Mercedes-Benz GLS 350d 4MATIC,135000,Diesel,Automatic,1,2018,1968,5,65 Lakh,6500000
Honda Jazz 1.2 SV i VTEC,40000,Petrol,Manual,1,2016,1591,5,6.10 Lakh,610000
Audi A6 35 TDI,15000,Diesel,Automatic,1,2016,2987,5,33 Lakh,3300000
Hyundai Creta 1.6 SX Automatic,39000,Petrol,Automatic,1,2016,1364,5,10.35 Lakh,1035000
Mercedes-Benz GLE 350d,60000,Diesel,Automatic,2,2016,2755,7,47.50 Lakh,4750000
Toyota Etios GD,120000,Diesel,Manual,4,2013,2143,5,3.20 Lakh,320000
Toyota Innova Crysta 2.8 ZX AT BSIV,60000,Diesel,Automatic,1,2019,1995,5,25.75 Lakh,2575000
Mercedes-Benz GLE 250d,45000,Diesel,Automatic,1,2017,2179,7,49.50 Lakh,4950000
BMW X1 sDrive 20d xLine,23000,Diesel,Automatic,1,2019,1198,6,36.75 Lakh,3675000
Mahindra XUV500 W11 AT BSIV,46952,Diesel,Automatic,1,2019,1598,5,17 Lakh,1700000
Mahindra KUV 100 NXT D75 K8 Dual Tone,35000,Diesel,Manual,2,2017,1582,5,4.50 Lakh,450000
Skoda Rapid 1.6 MPI Elegance,70000,Petrol,Manual,2,2014,998,5,4.30 Lakh,430000
Hyundai Verna CRDi 1.6 SX,90000,Diesel,Manual,2,2018,1197,5,8.80 Lakh,880000
Maruti Celerio X ZXI BSIV,35000,Petrol,Manual,1,2018,1197,5,4.25 Lakh,425000
Hyundai Grand i10 1.2 Kappa Sportz BSIV,19400,Petrol,Manual,1,2018,1197,5,5.25 Lakh,525000
Hyundai i20 1.2 Sportz,80000,Petrol,Manual,2,2012,1353,5,3.05 Lakh,305000
Hyundai Grand i10 Magna,30900,Petrol,Manual,1,2015,2199,7,4.50 Lakh,450000
Kia Seltos GTX Plus DCT,30000,Petrol,Automatic,1,2021,1591,5,17.50 Lakh,1750000
Hyundai Santa Fe 4x4 AT,77000,Diesel,Automatic,1,2013,1591,5,13 Lakh,1300000
Hyundai Creta 1.6 SX,36000,Petrol,Manual,1,2018,1498,5,13.50 Lakh,1350000
Hyundai Creta 1.6 SX Automatic,19000,Petrol,Automatic,1,2019,1395,5,14.50 Lakh,1450000
Ford Ecosport 1.5 Diesel Titanium Plus BSIV,70000,Diesel,Manual,1,2017,1984,5,8.25 Lakh,825000
Skoda Octavia Ambition 1.4 TSI MT,85000,Petrol,Manual,1,2014,1968,5,12 Lakh,1200000
Audi A4 2.0 TFSI,23000,Petrol,Automatic,1,2010,2982,7,15 Lakh,1500000
Skoda Octavia Elegance 2.0 TDI AT,75000,Diesel,Automatic,1,2015,1798,5,16 Lakh,1600000
Toyota Fortuner 4x4 AT,85000,Diesel,Automatic,1,2013,2494,5,19.50 Lakh,1950000
Toyota Corolla Altis 1.8 J,50000,Petrol,Manual,1,2012,2982,7,7.75 Lakh,775000
Toyota Camry Hybrid,50000,Electric,Automatic,1,2015,1969,7,23 Lakh,2300000
Toyota Fortuner 4x4 AT,60000,Diesel,Automatic,1,2016,1984,5,25.50 Lakh,2550000
Volvo XC 90 D5 Inscription,60000,Diesel,Automatic,1,2018,2400,5,65 Lakh,6500000
Volvo S60 D4 SUMMUM,36000,Diesel,Automatic,1,2015,2698,5,22 Lakh,2200000
Volvo XC60 D5 Inscription,120000,Diesel,Automatic,1,2015,1968,5,24 Lakh,2400000
Audi A6 2.7 TDI,70000,Diesel,Automatic,1,2010,1998,4,13 Lakh,1300000
Audi Q3 2.0 TDI WCI,94000,Diesel,Automatic,2,2013,2967,7,16 Lakh,1600000
Mini 3 DOOR Cooper S,9000,Petrol,Automatic,1,2018,2967,7,37.50 Lakh,3750000
Audi Q7 3.0 TDI quattro,135000,Diesel,Automatic,1,2013,1995,5,23 Lakh,2300000
Audi Q7 45 TDI Quattro Premium Plus,70000,Diesel,Automatic,1,2018,1995,5,58 Lakh,5800000
BMW 3 Series 320d,39000,Diesel,Automatic,1,2011,1995,5,15 Lakh,1500000
BMW 3 Series 320d,50000,Diesel,Automatic,1,2012,2993,5,16 Lakh,1600000
BMW 3 Series 320d Sport,8000,Diesel,Automatic,1,2020,2925,5,45 Lakh,4500000
BMW X3 xDrive30d M Sport,50000,Diesel,Automatic,1,2016,1995,5,40 Lakh,4000000
Mercedes-Benz S-Class S 350 d,14000,Diesel,Automatic,1,2020,1199,5,1.30 Crore,13000000
BMW 5 Series 520d Luxury Line,40000,Diesel,Automatic,1,2018,1498,5,46 Lakh,4600000
Volkswagen Polo Diesel Comfortline 1.2L,196000,Diesel,Manual,2,2013,1497,5,3.75 Lakh,375000
Volkswagen Vento 1.5 TDI Highline Plus AT,95000,Diesel,Automatic,1,2018,1796,5,8.50 Lakh,850000
Tata Nexon 1.5 Revotorq XM,48632,Diesel,Manual,1,2018,1498,5,7.50 Lakh,750000
Mercedes-Benz C-Class 200 K AT,90000,Petrol,Automatic,2,2008,2143,5,8 Lakh,800000
Volkswagen Vento 1.5 TDI Highline Plus AT,95000,Diesel,Automatic,1,2018,1950,5,8.50 Lakh,850000
Mercedes-Benz C-Class C 220 CDI Avantgarde,55000,Diesel,Automatic,1,2018,2143,5,39 Lakh,3900000
Mercedes-Benz E-Class Exclusive E 220d,18000,Diesel,Automatic,1,2017,1496,5,47 Lakh,4700000
Mercedes-Benz GLC 220d 4MATIC Sport,29000,Diesel,Automatic,1,2018,2993,5,50 Lakh,5000000
Toyota Yaris J CVT,5000,Petrol,Automatic,1,2020,1197,5,11 Lakh,1100000
BMW 7 Series 730Ld DPE Signature,25000,Diesel,Automatic,1,2017,814,5,70 Lakh,7000000
Hyundai i10 Asta,41000,Petrol,Manual,2,2011,999,5,3.25 Lakh,325000
Hyundai EON Era,63463,Petrol,Manual,1,2013,796,5,2.50 Lakh,250000
Renault Kiger RXT Turbo CVT,20000,Petrol,Automatic,1,2021,1197,5,8.99 Lakh,899000
Maruti Alto 800 LXI Anniversary Edition,69852,Petrol,Manual,1,2014,998,5,2.67 Lakh,267000
Hyundai Grand i10 Magna AT,29584,Petrol,Automatic,1,2016,999,7,5.25 Lakh,525000
Maruti Wagon R VXI BS IV,27514,Petrol,Manual,1,2014,1197,5,3.95 Lakh,395000
Renault Triber RXZ BSIV,30339,Petrol,Manual,1,2019,998,5,6.90 Lakh,690000
Maruti Baleno Alpha CVT,39386,Petrol,Automatic,1,2019,1086,5,8.50 Lakh,850000
Maruti Wagon R VXI BS IV,64671,Petrol,Manual,1,2012,1248,5,3 Lakh,300000
Hyundai Santro Sportz BSIV,30670,Petrol,Manual,1,2019,1197,5,4.90 Lakh,490000
Maruti Swift VDI,46086,Diesel,Manual,1,2018,998,5,6.70 Lakh,670000
Maruti Baleno 1.2 Delta,70346,Petrol,Manual,1,2015,1198,5,5.50 Lakh,550000
Maruti Wagon R VXI,50000,Petrol,Manual,1,2005,998,5,1.50 Lakh,150000
Honda Amaze S i-Vtech,80000,Petrol,Manual,1,2015,998,5,4 Lakh,400000
Maruti Wagon R AMT VXI Option,58365,Petrol,Automatic,1,2016,1197,5,4.49 Lakh,449000
Maruti Wagon R VXI Plus,12000,Petrol,Manual,1,2017,1197,5,4.99 Lakh,499000
Hyundai i20 Magna,58182,Petrol,Manual,1,2009,1248,5,2.90 Lakh,290000
Hyundai Grand i10 Magna,325000,Petrol,Manual,1,2013,1956,5,3.25 Lakh,325000
Fiat Punto 1.3 Active,127152,Diesel,Manual,1,2014,1248,5,2.70 Lakh,270000
Jeep Compass 2.0 Limited,98492,Diesel,Manual,1,2018,1968,5,12.20 Lakh,1220000
Maruti Swift Dzire AGS ZDI Plus,23000,Diesel,Automatic,1,2018,2755,7,7.75 Lakh,775000
Audi A3 35 TDI Premium Plus,45000,Diesel,Automatic,1,2017,3198,7,20.75 Lakh,2075000
Toyota Innova Crysta 2.8 ZX AT BSIV,63001,Diesel,Automatic,1,2019,1462,6,24.90 Lakh,2490000
Ford Endeavour 3.2 Trend AT 4X4,72000,Diesel,Automatic,1,2016,2755,7,20.50 Lakh,2050000
Maruti XL6 Zeta,26000,Petrol,Manual,1,2020,2393,7,11.45 Lakh,1145000
Toyota Innova Crysta 2.8 GX AT BSIV,46000,Diesel,Automatic,2,2019,998,5,20.75 Lakh,2075000
Toyota Innova Crysta 2.4 VX MT,140000,Diesel,Manual,1,2018,1248,5,19.50 Lakh,1950000
Hyundai Venue SX Plus Turbo DCT,3500,Petrol,Automatic,1,2021,1969,7,10.60 Lakh,1060000
Maruti Ciaz ZDi SHVS,120000,Diesel,Manual,1,2015,1498,5,5.40 Lakh,540000
Volvo XC 90 D5 Inscription,39000,Diesel,Automatic,1,2018,998,5,65 Lakh,6500000
Volkswagen Vento 1.5 TDI Highline AT,79100,Diesel,Automatic,1,2017,1462,6,9.50 Lakh,950000
Maruti Zen Estilo LXI BS IV,60000,Petrol,Manual,2,2009,1497,5,1.75 Lakh,175000
Maruti XL6 Alpha,30000,Petrol,Manual,1,2022,1598,5,10 Lakh,1000000
Tata Altroz XZ Diesel,46000,Diesel,Manual,1,2020,1199,5,8.25 Lakh,825000
Volkswagen Vento 1.6 Comfortline,65232,Petrol,Manual,1,2018,1493,7,8.60 Lakh,860000
Volkswagen Polo Diesel Comfortline 1.2L,106865,Diesel,Manual,1,2010,2609,7,2.70 Lakh,270000
Mahindra TUV 300 T8 AMT,49900,Diesel,Automatic,1,2016,1498,5,8 Lakh,800000
Mahindra Scorpio SLX 2.6 Turbo 7 Str,100000,Diesel,Manual,3,2007,1086,5,2.65 Lakh,265000
Ford Aspire 1.5 TDCi Titanium Plus,110000,Diesel,Manual,1,2015,1462,5,5.25 Lakh,525000
Hyundai Santro Magna Corp Edition AMT,9000,Petrol,Automatic,1,2020,3198,7,5.76 Lakh,576000
Maruti SX4 S Cross Alpha,15000,Petrol,Manual,1,2020,1248,5,9.45 Lakh,945000
Ford Endeavour Titanium Plus 4X4,45000,Diesel,Automatic,1,2019,1497,7,32.50 Lakh,3250000
Maruti Swift VDI,100000,Diesel,Manual,2,2013,1396,5,4.50 Lakh,450000
Honda BR-V i-VTEC V CVT,80000,Petrol,Automatic,2,2017,998,5,8.15 Lakh,815000
Hyundai i20 Sportz 1.4 CRDi,80000,Diesel,Manual,1,2015,1497,5,5.32 Lakh,532000
Hyundai i20 Asta Turbo DCT DT,11000,Petrol,Automatic,1,2021,1396,5,11.25 Lakh,1125000
Honda City i VTEC CVT VX,50000,Petrol,Automatic,2,2015,1197,5,7.25 Lakh,725000
Hyundai i20 Asta 1.4 CRDi,90000,Diesel,Manual,1,2015,1498,5,5.75 Lakh,575000
Hyundai Grand i10 1.2 Kappa Asta,90000,Petrol,Manual,1,2018,1591,5,5 Lakh,500000
Skoda Rapid 1.5 TDI AT Style BSIV,93500,Diesel,Automatic,1,2019,998,5,9.75 Lakh,975000
Hyundai Creta 1.6 VTVT AT SX Plus,32000,Petrol,Automatic,2,2017,936,5,9.99 Lakh,999000
Maruti Wagon R VXI BS IV,60000,Petrol,Manual,1,2014,1498,5,3.40 Lakh,340000
Chevrolet Beat Diesel LS,70000,Diesel,Manual,2,2015,1984,4,2.15 Lakh,215000
Honda City ZX CVT,70000,Petrol,Automatic,2,2017,1799,5,8.60 Lakh,860000
Volkswagen Beetle 2.0,18999,Petrol,Automatic,2,2010,1248,5,15.25 Lakh,1525000
Honda Civic 1.8 V AT,110000,Petrol,Automatic,2,2007,1197,5,3.50 Lakh,350000
Maruti Swift Dzire VDi,145000,Diesel,Manual,2,2011,1461,5,3.15 Lakh,315000
Hyundai i10 Magna 1.2 iTech SE,60000,Petrol,Manual,1,2008,998,5,1.90 Lakh,190000
Renault Pulse RxL Optional,50000,Diesel,Manual,1,2012,1197,5,2.50 Lakh,250000
Maruti Wagon R VXI BS IV,70000,Petrol,Manual,2,2015,2999,7,3.30 Lakh,330000
Hyundai i20 Active 1.2 S,48000,Petrol,Manual,1,2015,1186,5,5.90 Lakh,590000
Isuzu MU 7 4x2 BS III,80000,Diesel,Manual,3,2014,1582,5,8 Lakh,800000
Hyundai Aura S Diesel,40000,Diesel,Manual,1,2020,1248,5,7.75 Lakh,775000
Hyundai Verna 1.6 CRDi SX,50000,Diesel,Manual,1,2015,1995,5,7 Lakh,700000
Fiat Punto Pure 1.3L Advanced Multi-Jet,158763,Diesel,Manual,1,2012,2179,7,2 Lakh,200000
BMW 3 Series 320d Luxury Line,35000,Diesel,Automatic,1,2017,2179,7,31.50 Lakh,3150000
Tata Safari Storme LX,90000,Diesel,Manual,2,2012,1497,5,3.10 Lakh,310000
Mahindra XUV500 W8 AWD,120000,Diesel,Manual,3,2013,2179,7,7.50 Lakh,750000
Honda City i VTEC V,60000,Petrol,Manual,2,2015,1497,5,5.50 Lakh,550000
Mahindra XUV500 W8 2WD,70000,Diesel,Manual,1,2015,1598,5,9 Lakh,900000
Honda City E,97320,Petrol,Manual,1,2012,1199,5,4.25 Lakh,425000
Volkswagen Vento Diesel Highline,118393,Diesel,Manual,1,2014,1368,5,4.90 Lakh,490000
Honda Jazz ZX,24774,Petrol,Manual,1,2021,999,5,8.90 Lakh,890000
Fiat Linea Emotion,50000,Petrol,Manual,1,2010,1968,5,1.70 Lakh,170000
Renault KWID Climber 1.0 AMT,13800,Petrol,Automatic,1,2020,1198,5,4.90 Lakh,490000
Skoda Yeti Ambition 4X2,147000,Diesel,Manual,2,2011,998,5,4 Lakh,400000
Honda Amaze SX i-VTEC,50000,Petrol,Manual,3,2016,1498,7,4.80 Lakh,480000
Hyundai EON 1.0 Era Plus,50000,Petrol,Manual,2,2017,2494,8,3.20 Lakh,320000
Honda BR-V i-DTEC S MT,30000,Diesel,Manual,1,2018,1498,5,8.50 Lakh,850000
Toyota Innova 2.5 VX (Diesel) 8 Seater BS IV,56001,Diesel,Manual,1,2014,1798,5,14.90 Lakh,1490000
Honda City i DTec V,60000,Diesel,Manual,1,2016,998,5,7.25 Lakh,725000
Toyota Corolla Altis VL AT,32976,Petrol,Automatic,2,2016,1198,5,10.39 Lakh,1039000
Maruti Wagon R VXI BS IV,6830,Petrol,Manual,1,2014,814,5,3.54 Lakh,354000
Nissan Micra Active XV S,76018,Petrol,Manual,1,2016,1591,5,3.28 Lakh,328000
Hyundai EON Magna Plus,65841,Petrol,Manual,1,2016,2179,7,2.70 Lakh,270000
Hyundai Creta 1.6 VTVT E Plus,29943,Petrol,Manual,2,2017,993,5,7.99 Lakh,799000
Tata New Safari DICOR 2.2 EX 4x2,35383,Diesel,Manual,1,2014,1798,5,5.01 Lakh,501000
Maruti Zen VXI BSII,90000,Petrol,Manual,3,2004,1199,5,"95,000",95000
Skoda Superb Elegance 1.8 TSI AT,50000,Petrol,Automatic,2,2012,998,5,4.75 Lakh,475000
Chevrolet Beat LS,63723,Petrol,Manual,1,2010,1197,5,1.34 Lakh,134000
Maruti Wagon R LXI CNG,75270,Cng,Manual,1,2016,1368,5,3.40 Lakh,340000
Hyundai i20 1.2 Asta,80502,Petrol,Manual,3,2011,1198,5,2.64 Lakh,264000
Fiat Linea 1.4 Emotion,39520,Petrol,Manual,1,2013,1198,5,2.24 Lakh,224000
Volkswagen Polo Petrol Highline 1.2L,60000,Petrol,Manual,1,2011,1498,5,2.95 Lakh,295000
Volkswagen Polo Petrol Highline 1.2L,79000,Petrol,Manual,1,2010,2179,7,2.65 Lakh,265000
Volkswagen CrossPolo 1.5 TDI,66000,Diesel,Manual,1,2015,2967,5,4.85 Lakh,485000
Mahindra XUV500 W8 2WD,116509,Diesel,Manual,2,2012,2894,4,4.63 Lakh,463000
Audi A6 3.0 TDI Quattro Technology,76398,Diesel,Automatic,2,2012,1197,5,10.85 Lakh,1085000
Audi RS5 Coupe,55000,Petrol,Automatic,2,2011,2179,5,35 Lakh,3500000
Hyundai i20 Sportz 1.2,61000,Petrol,Manual,1,2014,1248,5,4.47 Lakh,447000
Land Rover Freelander 2 SE,80000,Diesel,Automatic,2,2014,1197,5,18.50 Lakh,1850000
Maruti Ciaz VDi Plus SHVS,64803,Diesel,Manual,1,2016,1197,5,6.04 Lakh,604000
Hyundai i20 1.2 Sportz,34453,Petrol,Manual,1,2010,1497,5,2.52 Lakh,252000
Maruti Swift Dzire AMT VXI,17348,Petrol,Automatic,2,2017,1498,5,5.75 Lakh,575000
Tata Nexon 1.5 Revotorq XM,102732,Diesel,Manual,1,2018,1248,5,6 Lakh,600000
Nissan Sunny XL CVT,90592,Petrol,Automatic,1,2013,1198,5,4 Lakh,400000
Maruti Baleno Alpha Diesel,80000,Diesel,Manual,1,2018,2354,5,7.50 Lakh,750000
Honda Amaze VX i-Vtech,19062,Petrol,Manual,1,2015,2360,5,4.70 Lakh,470000
Honda CR-V 2.4L 4WD AT,65000,Petrol,Automatic,1,2015,1199,5,10.75 Lakh,1075000
Mitsubishi Outlander 2.4,45000,Petrol,Automatic,1,2011,2987,5,5.25 Lakh,525000
Volkswagen Polo Diesel Highline 1.2L,83634,Diesel,Manual,1,2013,1493,7,3.98 Lakh,398000
Mercedes-Benz M-Class ML 350 4Matic,103000,Diesel,Automatic,2,2013,1498,7,20.50 Lakh,2050000
Mahindra TUV 300 T8 AMT,42032,Diesel,Automatic,2,2016,2143,5,5.99 Lakh,599000
Honda Mobilio S i-DTEC,89653,Diesel,Manual,3,2014,2987,7,4.36 Lakh,436000
Mercedes-Benz GLC 220d 4MATIC Sport,57000,Diesel,Automatic,1,2018,1995,5,45 Lakh,4500000
Mercedes-Benz GL-Class 350 CDI Blue Efficiency,80000,Diesel,Automatic,1,2014,1968,5,32.75 Lakh,3275000
BMW X1 sDrive 20D xLine,82000,Diesel,Automatic,3,2013,2487,5,9.50 Lakh,950000
Audi A4 2.0 TDI,50000,Diesel,Automatic,1,2013,1498,5,12.25 Lakh,1225000
Toyota Camry Hybrid 2.5,98000,Petrol,Automatic,1,2018,1794,5,18.75 Lakh,1875000
Volkswagen Polo 1.5 TDI Comfortline,71033,Diesel,Manual,2,2014,2179,7,3.93 Lakh,393000
Toyota Corolla Altis 1.8 VL AT,95000,Petrol,Automatic,3,2009,1968,5,3.25 Lakh,325000
Mahindra XUV500 W10 AWD,68000,Diesel,Manual,2,2018,1248,5,12 Lakh,1200000
Audi A6 2.0 TDI Premium Plus,98000,Diesel,Automatic,2,2013,1497,5,12.75 Lakh,1275000
Maruti Swift Vdi BSIII,92860,Diesel,Manual,1,2008,1896,5,1.99 Lakh,199000
Honda City E,77132,Petrol,Manual,1,2012,0,5,3 Lakh,300000
Skoda New Laura L and K AT,118971,Diesel,Automatic,2,2008,1598,5,1.35 Lakh,135000
MG ZS EV Exclusive,28000,Electric,Automatic,1,2021,1968,5,21.85 Lakh,2185000
Volkswagen Vento Petrol Highline AT,71760,Petrol,Automatic,1,2010,1248,5,2.73 Lakh,273000
Skoda Octavia Elegance 2.0 TDI AT,84612,Diesel,Automatic,1,2014,998,5,9.13 Lakh,913000
Maruti Ciaz VDI SHVS,124183,Diesel,Manual,1,2017,2993,5,5.93 Lakh,593000
Maruti Wagon R LXI CNG,47756,Cng,Manual,1,2016,1591,5,3.41 Lakh,341000
BMW X5 xDrive 30d M Sport,65000,Diesel,Automatic,1,2017,1591,5,52 Lakh,5200000
Hyundai Verna 1.6 SX VTVT,37125,Petrol,Manual,1,2011,1497,5,3.75 Lakh,375000
Hyundai Verna 1.6 SX VTVT,87013,Petrol,Manual,3,2013,1598,5,3.52 Lakh,352000
Honda City 1.5 S MT,149232,Petrol,Manual,1,2010,1364,5,2.71 Lakh,271000
Volkswagen Vento Petrol Highline,82145,Petrol,Manual,3,2012,1461,5,2.54 Lakh,254000
Toyota Etios Liva GD,75805,Diesel,Manual,1,2011,1298,5,2.82 Lakh,282000
Renault Duster 110PS Diesel RxL,73000,Diesel,Manual,1,2015,1197,5,5.75 Lakh,575000
Maruti Swift Dzire VXi,91717,Petrol,Manual,2,2009,998,5,1.90 Lakh,190000
Maruti Swift VXI,61828,Petrol,Manual,1,2013,1373,7,3.17 Lakh,317000
Maruti Wagon R LXI BS IV,98554,Petrol,Manual,1,2012,2993,5,2.38 Lakh,238000
Maruti Ertiga ZXI,112696,Petrol,Manual,2,2013,1498,5,4.62 Lakh,462000
BMW 7 Series 730Ld,9329,Diesel,Automatic,1,2013,1248,5,24.18 Lakh,2418000
Skoda Rapid 1.5 TDI Style BSIV,64419,Diesel,Manual,1,2017,1197,5,6.66 Lakh,666000
Maruti Swift Dzire VDI,91892,Diesel,Manual,1,2016,1197,5,5.63 Lakh,563000
Hyundai i20 Asta 1.2,50827,Petrol,Manual,2,2015,995,5,4.79 Lakh,479000
Maruti Baleno 1.2 Alpha,69167,Petrol,Manual,1,2015,1493,5,5.53 Lakh,553000
Chevrolet Spark 1.0 LT,84489,Petrol,Manual,3,2011,998,5,"99,205",99205
Kia Seltos HTE D,35343,Diesel,Manual,1,2021,0,5,11.82 Lakh,1182000
Maruti Wagon R VXI BS IV,100527,Petrol,Manual,1,2012,799,5,2.36 Lakh,236000
Tata Nexon EV Prime XZ Plus,54239,Electric,Automatic,1,2020,1373,7,3.67 Lakh,367000
Renault KWID RXT Optional,26457,Petrol,Manual,3,2018,1061,5,3.13 Lakh,313000
Maruti Ertiga VXI CNG,67231,Cng,Manual,1,2014,998,5,4.86 Lakh,486000
Maruti Wagon R LXI Minor Duo LPG,74228,Lpg,Manual,1,2008,1197,5,1.21 Lakh,121000
Maruti Celerio VXI CNG Optional BSIV,55362,Cng,Manual,1,2017,999,5,4.51 Lakh,451000
Hyundai i10 Magna AT,80896,Petrol,Automatic,3,2010,1493,5,1.79 Lakh,179000
Skoda Slavia 1.0 TSI Ambition,2263,Petrol,Manual,1,2022,1462,5,12.70 Lakh,1270000
Hyundai Creta SX Diesel,25000,Diesel,Manual,1,2021,2494,8,17.50 Lakh,1750000
Maruti Vitara Brezza ZXI Plus,14572,Petrol,Manual,1,2021,1498,7,10.08 Lakh,1008000
Toyota Innova 2.5 G4 Diesel 8-seater,91865,Diesel,Manual,1,2011,1197,5,5.66 Lakh,566000
Honda Mobilio S i-DTEC,77000,Diesel,Manual,1,2015,5000,4,5.95 Lakh,595000
Hyundai Grand i10 Magna,36109,Petrol,Manual,1,2014,2755,7,3.95 Lakh,395000
Jaguar XJ 5.0 L V8 Supercharged,72000,Petrol,Automatic,2,2012,2499,7,29.75 Lakh,2975000
Toyota Fortuner 2.8 2WD AT,73500,Diesel,Automatic,1,2018,1497,5,30 Lakh,3000000
Chevrolet Tavera Neo 3 LS 7 C BSIII,212171,Diesel,Manual,1,2015,2755,7,5.96 Lakh,596000
Honda City i VTEC VX Option,73079,Petrol,Manual,1,2016,1373,5,7.12 Lakh,712000
Toyota Innova Crysta 2.8 GX AT BSIV,47791,Diesel,Automatic,1,2017,1086,5,15.46 Lakh,1546000
Maruti Ciaz ZXi,89982,Petrol,Manual,2,2015,1198,5,4.90 Lakh,490000
Hyundai Santro Xing GLS,100694,Petrol,Manual,3,2008,1197,5,1.13 Lakh,113000
Volkswagen Polo Petrol Comfortline 1.2L,42788,Petrol,Manual,2,2013,1248,5,3.03 Lakh,303000
Maruti Swift VXI,53127,Petrol,Manual,2,2012,2982,7,2.76 Lakh,276000
Maruti Swift Dzire Ldi BSIV,47832,Diesel,Manual,2,2010,1193,5,2.57 Lakh,257000
Toyota Fortuner 3.0 Diesel,119570,Diesel,Manual,2,2010,998,5,8.79 Lakh,879000
Tata Zest Revotron 1.2 XT,13251,Petrol,Manual,1,2015,1499,5,3.23 Lakh,323000
Hyundai Verna SX Opt Turbo,10514,Petrol,Automatic,1,2021,624,4,14.32 Lakh,1432000
Ford Ecosport 1.5 Ti VCT MT Trend,58613,Petrol,Manual,1,2013,1598,5,4.44 Lakh,444000
Tata Nano Lx,46883,Petrol,Manual,2,2010,1399,8,"54,613",54613
Volkswagen Polo Petrol Highline 1.6L,56000,Petrol,Manual,2,2011,1197,5,3.25 Lakh,325000
Chevrolet Enjoy Petrol LS 8 Seater,210000,Petrol,Manual,1,2014,1197,5,3 Lakh,300000
Hyundai i10 Sportz 1.2 AT,103000,Petrol,Automatic,2,2010,1598,5,2.49 Lakh,249000
Hyundai i20 1.2 Sportz,86000,Petrol,Manual,1,2012,1598,5,3.45 Lakh,345000
Volkswagen Vento Petrol Highline,76000,Petrol,Manual,1,2011,998,5,2.99 Lakh,299000
Volkswagen Vento Petrol Highline AT,76000,Petrol,Automatic,2,2011,1995,5,3.25 Lakh,325000
Maruti Wagon R LXI CNG Optional,40000,Cng,Manual,3,2017,1591,5,4 Lakh,400000
Hyundai Tucson 2.0 e-VGT 2WD AT GL,50000,Diesel,Automatic,1,2018,2179,7,17.50 Lakh,1750000
Hyundai Verna VTVT 1.6 AT SX Option,20000,Petrol,Automatic,1,2018,1197,5,10.30 Lakh,1030000
Mahindra XUV500 W8 FWD,74000,Diesel,Manual,1,2012,1061,5,6.69 Lakh,669000
Hyundai i10 Magna,120000,Petrol,Manual,3,2008,1498,5,1.20 Lakh,120000
Maruti Estilo LXI,70000,Petrol,Manual,2,2009,1799,5,1.05 Lakh,105000
Honda City i DTEC V,87000,Diesel,Manual,2,2015,1798,5,6.50 Lakh,650000
Honda Civic 1.8 S MT,110000,Petrol,Manual,3,2007,1199,7,1.40 Lakh,140000
Skoda Superb Style 1.8 TSI AT,61000,Petrol,Automatic,1,2017,2523,5,16.50 Lakh,1650000
Volkswagen Polo 1.2 MPI Highline,21300,Petrol,Manual,1,2016,1462,5,5.80 Lakh,580000
Mahindra Bolero ZLX BSIII,110000,Diesel,Manual,3,2015,1199,5,5.20 Lakh,520000
Toyota Urban cruiser High AT,11400,Petrol,Automatic,1,2022,1582,5,12.15 Lakh,1215000
Honda WR-V Exclusive Petrol,30000,Petrol,Manual,1,2018,1497,5,7 Lakh,700000
Hyundai Elantra CRDi SX,120000,Diesel,Manual,3,2014,1798,5,5.50 Lakh,550000
Honda City i VTEC VX,98000,Petrol,Manual,1,2014,1586,5,5 Lakh,500000
Skoda Superb 1.8 TSI MT,50000,Petrol,Manual,1,2010,1197,6,3.55 Lakh,355000
Maruti SX4 Zxi BSIII,100000,Petrol,Manual,2,2007,2835,5,1.50 Lakh,150000
Maruti Swift Dzire VXI,73000,Petrol,Manual,1,2013,1493,5,4.50 Lakh,450000
Mitsubishi Pajero 2.8 L,90786,Diesel,Manual,2,2007,796,5,5.50 Lakh,550000
Hyundai Venue SX Diesel,14801,Diesel,Manual,1,2020,998,5,10.48 Lakh,1048000
Maruti Alto LXi,70000,Petrol,Manual,3,2008,1461,5,1.10 Lakh,110000
Maruti Wagon R VXI BS IV,40000,Petrol,Manual,4,2017,1248,5,3.50 Lakh,350000
Nissan Sunny Diesel XV,120000,Diesel,Manual,1,2014,1248,5,3.50 Lakh,350000
Tata Zest Quadrajet 1.3 XT,77000,Diesel,Manual,1,2016,796,5,4.50 Lakh,450000
Maruti Vitara Brezza VDi Option,90000,Diesel,Manual,1,2017,1493,7,7.50 Lakh,750000
Maruti Alto LXi BSIII,100000,Petrol,Manual,2,2008,2179,5,1.70 Lakh,170000
Hyundai Verna CRDi,175000,Diesel,Manual,3,2010,1493,5,2 Lakh,200000
Mahindra XUV500 W10 AWD,155000,Diesel,Manual,2,2015,1197,5,9.21 Lakh,921000
Hyundai Verna CRDi SX ABS,170000,Diesel,Manual,2,2007,1086,5,1.50 Lakh,150000
Hyundai i20 1.2 Asta,70000,Petrol,Manual,3,2010,1193,5,3 Lakh,300000
Hyundai i10 Era LPG,25000,Lpg,Manual,1,2012,999,5,2.35 Lakh,235000
Tata Indica GLS,72000,Petrol,Manual,2,2008,1248,5,1.25 Lakh,125000
Renault Kiger RXZ AMT DT,8500,Petrol,Automatic,1,2021,1248,5,9 Lakh,900000
Chevrolet Sail Hatchback 1.3 TCDi,120000,Diesel,Manual,1,2014,1498,5,2.60 Lakh,260000
Fiat Punto 1.3 Emotion,100000,Diesel,Manual,2,2014,1396,5,3 Lakh,300000
Honda City ZX CVT,10000,Petrol,Automatic,1,2021,1798,5,15 Lakh,1500000
Hyundai i20 Asta 1.4 CRDi,70000,Diesel,Manual,2,2013,1197,5,4.15 Lakh,415000
Toyota Corolla Altis 1.8 Limited Edition,32000,Petrol,Manual,1,2015,1498,5,8.75 Lakh,875000
Hyundai Xcent 1.2 Kappa AT S Option,70000,Petrol,Automatic,3,2015,1596,5,4.50 Lakh,450000
Honda City i-DTEC VX,110000,Diesel,Manual,2,2017,1193,5,8 Lakh,800000
Ford Fusion 1.6 Duratec Petrol,110000,Petrol,Manual,2,2007,1498,5,"61,000",61000
Tata Indica Xeta GLS BS IV,80000,Petrol,Manual,2,2006,1498,5,1.30 Lakh,130000
Volkswagen Polo 1.5 TDI Highline,90000,Diesel,Manual,2,2015,995,5,4.50 Lakh,450000
Honda Amaze VX CVT Diesel,50000,Diesel,Automatic,1,2021,995,5,11 Lakh,1100000
Chevrolet Spark 1.0 LS LPG,60000,Lpg,Manual,2,2009,1196,8,"90,000",90000
Chevrolet Spark 1.0 LS LPG,60000,Lpg,Manual,2,2009,2494,5,"85,000",85000
Ford Figo Petrol Titanium,50000,Petrol,Manual,3,2010,1197,5,1.30 Lakh,130000
Toyota Innova 2.5 G1 Diesel 8-seater,120000,Diesel,Manual,4,2005,814,5,2 Lakh,200000
Maruti Wagon R VXI 1.2 BSIV,108000,Petrol,Manual,4,2013,1197,5,2.59 Lakh,259000
Hyundai EON Era Plus,60000,Petrol,Manual,2,2015,1799,5,3 Lakh,300000
Maruti Swift VVT VXI,50000,Petrol,Manual,2,2016,1197,5,4.50 Lakh,450000
Honda Civic 1.8 S MT,110000,Petrol,Manual,3,2007,2143,5,1.40 Lakh,140000
Hyundai Grand i10 1.2 Kappa Asta,60000,Petrol,Manual,1,2017,2179,5,5.25 Lakh,525000
Mercedes-Benz C-Class C 250 CDI Avantgarde,75000,Diesel,Automatic,2,2011,1798,5,11.90 Lakh,1190000
Jaguar XF 2.2 Litre Luxury,50000,Diesel,Automatic,1,2015,1995,5,24.75 Lakh,2475000
Skoda Superb LK 1.8 TSI AT,69000,Petrol,Automatic,1,2016,2143,5,17.11 Lakh,1711000
BMW X1 sDrive20d,135000,Diesel,Automatic,1,2011,5461,7,11.70 Lakh,1170000
Mercedes-Benz CLA 200 CDI Sport,24000,Diesel,Automatic,1,2018,2199,5,28 Lakh,2800000
Mercedes-Benz S-Class S 500 L,72000,Petrol,Automatic,1,2011,1995,5,18.75 Lakh,1875000
Hyundai Santa Fe 4x4 AT,126000,Diesel,Automatic,2,2012,1995,5,7.75 Lakh,775000
BMW 3 Series GT Luxury Line,14000,Diesel,Automatic,1,2020,1799,5,44 Lakh,4400000
BMW 3 Series 320d Luxury Line,61000,Diesel,Automatic,2,2015,1199,5,18.50 Lakh,1850000
Honda Civic 1.8 V MT,60000,Petrol,Manual,1,2008,999,5,2.50 Lakh,250000
Tata Tiago 1.2 Revotron XZ Plus,5000,Petrol,Manual,1,2019,1798,5,5 Lakh,500000
Renault KWID 1.0 RXT Opt,25000,Petrol,Manual,2,2020,1396,5,3.80 Lakh,380000
Toyota Corolla Altis VL AT,50000,Petrol,Automatic,1,2015,1991,5,9.50 Lakh,950000
Hyundai i20 Sportz 1.4 CRDi,60000,Diesel,Manual,1,2013,1896,5,5 Lakh,500000
Mercedes-Benz GLA Class 200 Sport,15000,Petrol,Automatic,1,2020,796,5,33 Lakh,3300000
Skoda Octavia Ambiente 1.9 TDI,96000,Diesel,Manual,2,2009,1497,5,3.45 Lakh,345000
Maruti Alto LXi BSIII,120000,Petrol,Manual,4,2007,1198,5,1.39 Lakh,139000
Honda City i VTEC CVT VX,70000,Petrol,Automatic,1,2016,1197,5,7.11 Lakh,711000
Tata Nexon 1.2 Revotron XM,22045,Petrol,Manual,1,2019,1461,7,7.99 Lakh,799000
Maruti Swift Dzire 1.2 Lxi BSIV,110000,Petrol,Manual,3,2011,2494,5,2.40 Lakh,240000
Nissan Micra Diesel XV,70000,Diesel,Manual,2,2012,998,5,2.85 Lakh,285000
Toyota Innova 2.5 G (Diesel) 7 Seater,141292,Diesel,Manual,1,2011,1197,5,6.40 Lakh,640000
Maruti Zen Estilo VXI BSIV,93313,Petrol,Manual,2,2010,998,5,1.90 Lakh,190000
Maruti Swift Dzire ZXI 1.2 BS IV,20798,Petrol,Manual,1,2018,1197,5,7 Lakh,700000
Maruti Wagon R CNG LXI,91849,Cng,Manual,1,2015,1197,5,3.90 Lakh,390000
Maruti Baleno 1.2 Sigma,15758,Petrol,Manual,1,2019,1498,5,6.25 Lakh,625000
Hyundai i20 1.2 Sportz,80000,Petrol,Manual,2,2010,1497,5,2.50 Lakh,250000
Ford Ecosport 1.5 DV5 MT Titanium,121000,Diesel,Manual,1,2013,1497,5,5.45 Lakh,545000
Honda City i VTEC SV,83114,Petrol,Manual,1,2015,1462,5,6.10 Lakh,610000
Honda City i VTEC SV,76357,Petrol,Manual,1,2015,1061,5,5.95 Lakh,595000
Maruti Ciaz Alpha AT,10000,Petrol,Automatic,1,2020,1373,5,9.60 Lakh,960000
Maruti Wagon R LXI Minor,90000,Petrol,Manual,2,2007,1196,5,1.05 Lakh,105000
Maruti Ciaz ZXi Plus,50000,Petrol,Manual,1,2017,1498,5,6.30 Lakh,630000
Maruti Eeco CNG 5 Seater AC BSIV,40000,Cng,Manual,2,2017,1197,5,4.50 Lakh,450000
Honda Jazz 1.5 VX i DTEC,110000,Diesel,Manual,2,2016,1047,5,5.50 Lakh,550000
Maruti Baleno 1.2 CVT Zeta,25000,Petrol,Automatic,1,2017,999,5,6.40 Lakh,640000
Tata Tigor 1.05 Revotorq XT,120000,Diesel,Manual,1,2017,814,5,4.50 Lakh,450000
Hyundai Santro GS zipDrive - Euro II,120000,Petrol,Manual,1,2003,1582,5,"75,000",75000
Hyundai EON LPG Magna Plus,120000,Lpg,Manual,2,2014,1396,5,2.61 Lakh,261000
Hyundai Verna 1.6 SX CRDi (O),100000,Diesel,Manual,2,2013,1199,5,4.35 Lakh,435000
Hyundai i20 Asta Option Diesel,110000,Diesel,Manual,1,2019,796,5,7.40 Lakh,740000
Tata Tigor XZ Plus,40000,Petrol,Manual,1,2019,998,7,5.70 Lakh,570000
Maruti Alto 800 VXI,80000,Petrol,Manual,1,2015,2523,5,2.90 Lakh,290000
Maruti Wagon R LXI CNG,100000,Cng,Manual,1,2013,796,5,3.15 Lakh,315000
Mahindra Bolero ZLX,50000,Diesel,Manual,1,2015,2987,5,6.25 Lakh,625000
Maruti Alto LX,46000,Petrol,Manual,2,2003,796,5,"65,000",65000
Mercedes-Benz S-Class 320 CDI,87000,Diesel,Automatic,2,2007,1248,5,9.50 Lakh,950000
Maruti Alto LXI,75000,Petrol,Manual,1,2004,2354,5,"80,000",80000
Tata Manza Aura (ABS) Quadrajet BS IV,110000,Diesel,Manual,2,2010,1405,5,1.90 Lakh,190000
Honda Accord 2.4 Inspire M/T,64000,Petrol,Manual,1,2010,1497,5,4.25 Lakh,425000
Tata Indica Terra TDI BSIII,77000,Diesel,Manual,1,2010,1598,5,2 Lakh,200000
Honda City EXi,110000,Petrol,Manual,3,2007,1396,5,1.40 Lakh,140000
Volkswagen Vento Diesel Highline,100000,Diesel,Manual,2,2011,1086,5,2.80 Lakh,280000
Tata Indigo GLX,50000,Petrol,Manual,1,2004,2446,5,1 Lakh,100000
Hyundai i10 Era,62000,Petrol,Manual,2,2013,1197,5,2.95 Lakh,295000
Toyota Qualis FS B1,120000,Diesel,Manual,3,2002,998,5,1.70 Lakh,170000
Hyundai Xcent Prime T Plus CNG,120000,Cng,Manual,2,2018,1248,5,4.10 Lakh,410000
Maruti Wagon R LXI Optional,90000,Petrol,Manual,2,2016,1586,5,3.60 Lakh,360000
Maruti Swift VDI,80000,Diesel,Manual,2,2013,999,5,4 Lakh,400000
Maruti SX4 Vxi BSIII,120000,Petrol,Manual,2,2007,1798,2,1.70 Lakh,170000
Datsun RediGO AMT 1.0 T Option,15000,Petrol,Automatic,1,2018,1995,5,3.10 Lakh,310000
Skoda Superb LK 1.8 TSI AT,80000,Petrol,Automatic,1,2017,1198,5,17 Lakh,1700000
BMW 3 Series 320d,90000,Diesel,Automatic,1,2011,1498,5,5 Lakh,500000
Maruti Super Carry STD CNG,10000,Cng,Manual,1,2021,1198,7,5.80 Lakh,580000
Honda WR-V i-DTEC VX,70000,Diesel,Manual,1,2017,1061,5,6.50 Lakh,650000
Honda CR-V AT With Sun Roof,100000,Petrol,Automatic,3,2008,2179,5,3.50 Lakh,350000
Maruti Wagon R LXI Minor,80000,Petrol,Manual,4,2006,998,5,"50,000",50000
Mahindra XUV500 W8 4WD,160000,Diesel,Manual,5,2012,1991,5,5.50 Lakh,550000
Maruti Wagon R VXI BS IV,48000,Petrol,Manual,1,2014,1198,5,3.40 Lakh,340000
Chevrolet Cruze LTZ,90000,Diesel,Manual,2,2011,1299,5,3.10 Lakh,310000
Datsun GO A,50000,Petrol,Manual,3,2016,909,5,2.50 Lakh,250000
Ford Ikon 1.3 Flair,107000,Petrol,Manual,1,2005,998,5,"80,000",80000
Mahindra Supro VX 5 Str,30000,Diesel,Manual,1,2017,2143,5,3.50 Lakh,350000
Maruti Wagon R VXI Plus Optional,35000,Petrol,Manual,2,2018,2987,5,3.90 Lakh,390000
Mercedes-Benz C-Class C 220 CDI Elegance AT,70000,Diesel,Automatic,2,2010,2967,5,6.49 Lakh,649000
Mercedes-Benz E-Class E270 CDI,69146,Diesel,Automatic,2,2006,1498,5,6.85 Lakh,685000
Audi Q5 3.0 TDI Quattro,67000,Diesel,Automatic,2,2016,1194,5,29 Lakh,2900000
Honda Jazz 1.5 VX i DTEC,99452,Diesel,Manual,1,2016,998,5,5.45 Lakh,545000
Ford Figo Titanium,28330,Petrol,Manual,1,2020,1497,5,5.50 Lakh,550000
Maruti Baleno RS,50960,Petrol,Manual,1,2017,1298,5,6.15 Lakh,615000
Kia Seltos HTX IVT G,13575,Petrol,Automatic,1,2021,998,5,14.20 Lakh,1420000
Maruti Swift Dzire VXi,85000,Petrol,Manual,2,2008,999,5,1.90 Lakh,190000
Maruti Wagon R LXI BS IV,85000,Petrol,Manual,2,2012,999,5,2.65 Lakh,265000
Volkswagen Virtus Topline AT,7020,Petrol,Automatic,0,2022,999,5,17 Lakh,1700000
Volkswagen Virtus Highline AT,3638,Petrol,Automatic,0,2022,1498,5,15 Lakh,1500000
Volkswagen Virtus Topline,4792,Petrol,Manual,0,2022,1956,5,15.25 Lakh,1525000
Volkswagen Virtus GT Plus,11193,Petrol,Automatic,0,2022,1197,5,19.25 Lakh,1925000
Jeep Compass 2.0 Longitude Option BSIV,67008,Diesel,Manual,3,2017,1364,5,11.13 Lakh,1113000
Hyundai i10 Sportz,81000,Petrol,Manual,1,2010,1197,5,2.45 Lakh,245000
Toyota Etios VD,80000,Diesel,Manual,2,2011,1199,4,3.30 Lakh,330000
Maruti Baleno 1.2 Sigma,17000,Petrol,Manual,1,2016,1197,5,5.35 Lakh,535000
Honda Amaze V CVT Petrol,22000,Petrol,Automatic,1,2019,624,5,7.95 Lakh,795000
Hyundai Aura S CNG,31000,Cng,Manual,1,2021,1197,5,7.50 Lakh,750000
Tata Nano CNG XM,72000,Cng,Manual,2,2015,814,5,1.70 Lakh,170000
Hyundai Grand i10 1.2 Kappa Sportz Option AT,68000,Petrol,Automatic,1,2017,1197,5,5.20 Lakh,520000
Hyundai EON Sportz,32935,Petrol,Manual,1,2017,1198,5,3.20 Lakh,320000
Hyundai Grand i10 1.2 Kappa Sportz BSIV,16000,Petrol,Manual,1,2018,998,5,5.70 Lakh,570000
Honda Brio S MT,72224,Petrol,Manual,1,2013,1193,5,3.30 Lakh,330000
Hyundai EON 1.0 Era Plus,35667,Petrol,Manual,1,2017,1197,5,2.95 Lakh,295000
Tata Zest Revotron 1.2T XMS,58602,Petrol,Manual,1,2015,1197,7,3.75 Lakh,375000
Hyundai i10 Magna,40102,Petrol,Manual,1,2012,1197,5,2.45 Lakh,245000
Hyundai Grand i10 1.2 Kappa Sportz BSIV,70518,Petrol,Manual,1,2017,999,5,4.95 Lakh,495000
Hyundai i20 Sportz 1.2,133876,Petrol,Manual,1,2013,1461,5,3.41 Lakh,341000
Renault Triber RXT EASY-R AMT,7309,Petrol,Automatic,1,2020,1497,5,8.11 Lakh,811000
Renault Duster 110PS Diesel RxL,209362,Diesel,Manual,1,2015,1086,5,5.36 Lakh,536000
Honda City 1.5 V AT,105685,Petrol,Automatic,2,2010,1497,5,2.98 Lakh,298000
Hyundai Santro Xing GL,58415,Petrol,Manual,2,2008,1199,5,1.14 Lakh,114000
Honda City 1.5 V MT,69411,Petrol,Manual,2,2010,998,5,2.85 Lakh,285000
Honda WR-V i-VTEC VX,31356,Petrol,Manual,1,2017,1493,5,7.15 Lakh,715000
Maruti A-Star Zxi,112640,Petrol,Manual,3,2009,1599,5,1.58 Lakh,158000
Kia Seltos GTX Plus AT D,49289,Diesel,Automatic,1,2020,1497,4,18.28 Lakh,1828000
Hyundai Verna Transform VTVT,86208,Petrol,Manual,4,2010,1373,5,1.66 Lakh,166000
Honda City i VTEC V,40530,Petrol,Manual,1,2016,998,5,6.94 Lakh,694000
Maruti Ciaz ZXi Plus,44877,Petrol,Manual,1,2016,1298,7,6.49 Lakh,649000
Maruti Alto K10 LXI CNG Optional,92170,Cng,Manual,1,2018,1197,5,3.16 Lakh,316000
Maruti Swift ZXI BSIII,94301,Petrol,Manual,1,2008,2696,5,1.83 Lakh,183000
Hyundai Xcent 1.2 VTVT E Plus,5140,Petrol,Manual,2,2018,1498,5,5.28 Lakh,528000
Mahindra Ssangyong Rexton RX7,86261,Diesel,Automatic,3,2013,1997,5,5.30 Lakh,530000
Honda Jazz 1.5 VX i DTEC,240521,Diesel,Manual,1,2015,1995,5,3.80 Lakh,380000
Honda CR-V 2.0L 2WD AT,74000,Petrol,Automatic,1,2016,0,7,15.50 Lakh,1550000
BMW 5 Series 520d M Sport,33000,Diesel,Automatic,2,2017,1598,5,36.56 Lakh,3656000
Tata Nexon EV Prime XZ Plus,19900,Electric,Automatic,1,2021,999,7,15.95 Lakh,1595000
Volkswagen Vento Diesel Trendline,105014,Diesel,Manual,3,2011,998,5,2.75 Lakh,275000
Renault Triber RXZ EASY-R AMT,27174,Petrol,Automatic,1,2021,2755,5,8 Lakh,800000
Maruti Wagon R VXI BS IV,68671,Petrol,Manual,1,2016,1498,5,3.64 Lakh,364000
Toyota Fortuner 2.8 2WD MT,100000,Diesel,Manual,1,2019,1197,5,37.50 Lakh,3750000
Ford Ecosport 1.5 DV5 MT Titanium Optional,78452,Diesel,Manual,1,2015,1582,7,6.75 Lakh,675000
Maruti Swift Dzire VXI,51200,Petrol,Manual,2,2014,1999,5,4.49 Lakh,449000
Hyundai Creta 1.6 CRDi AT SX Plus,138314,Diesel,Automatic,1,2015,2755,5,8.90 Lakh,890000
Jaguar F-Pace Prestige 2.0 AWD,66614,Diesel,Automatic,1,2016,1950,4,42 Lakh,4200000
Toyota Innova Crysta 2.8 ZX AT BSIV,117000,Diesel,Automatic,1,2017,1248,5,22.50 Lakh,2250000
Mercedes-Benz C-Class Progressive C 220d,24000,Diesel,Automatic,2,2020,2184,5,39 Lakh,3900000
Maruti Swift DDiS VDI,135000,Diesel,Manual,1,2016,796,5,6.30 Lakh,630000
Mahindra Thar LX 4-Str Hard Top Diesel,4595,Diesel,Manual,1,2022,1968,7,18.80 Lakh,1880000
Maruti Alto 800 VXI,58503,Petrol,Manual,1,2017,1498,7,3.50 Lakh,350000
Audi A3 35 TDI Premium Plus,39000,Diesel,Automatic,1,2020,1248,5,25.80 Lakh,2580000
Ford Ecosport 1.5 Diesel Trend Plus BSIV,71000,Diesel,Manual,1,2017,1373,5,6.90 Lakh,690000
Maruti Ertiga VDI,79369,Diesel,Manual,1,2012,999,5,6.50 Lakh,650000
Maruti Ertiga ZXI,100000,Petrol,Manual,1,2015,998,5,5.50 Lakh,550000
Renault KWID Climber 1.0 AMT Opt,10000,Petrol,Automatic,1,2021,796,5,5 Lakh,500000
Maruti Wagon R VXI AMT,22000,Petrol,Automatic,1,2018,1498,5,5.25 Lakh,525000
Maruti Alto 800 VXI,21321,Petrol,Manual,1,2018,1997,5,3.80 Lakh,380000
MG Astor Sharp CVT,8826,Petrol,Automatic,1,2022,1086,5,17.50 Lakh,1750000
Honda CR-V 2.0L 2WD AT,14000,Petrol,Automatic,1,2018,1197,5,23.50 Lakh,2350000
Hyundai i10 Sportz 1.1L,20000,Petrol,Manual,1,2014,1197,4,4 Lakh,400000
Maruti Ignis 1.2 Alpha BSIV,40000,Petrol,Manual,1,2017,1198,7,5.47 Lakh,547000
Hyundai i20 Sportz 1.2,25000,Petrol,Manual,1,2017,796,5,6.50 Lakh,650000
Datsun GO T Option Petrol,30000,Petrol,Manual,2,2019,2179,5,4.20 Lakh,420000
Maruti 800 DX 5 Speed,80000,Petrol,Manual,1,2000,998,5,"40,000",40000
Mahindra XUV500 W8 FWD,98725,Diesel,Manual,1,2013,1582,5,7.50 Lakh,750000
Maruti Alto K10 2010-2014 VXI,59632,Petrol,Manual,1,2012,1248,5,2.65 Lakh,265000
Hyundai Creta 1.6 SX Automatic Diesel,71230,Diesel,Automatic,1,2018,1582,5,15 Lakh,1500000
Maruti Swift VDI BSIV,50000,Diesel,Manual,1,2014,1197,5,5 Lakh,500000
Hyundai Creta 1.6 CRDi SX Option,117302,Diesel,Manual,1,2015,1248,5,9.80 Lakh,980000
Maruti Swift VXI,78318,Petrol,Manual,1,2013,1248,5,4.35 Lakh,435000
Maruti Swift Dzire VDi,98836,Diesel,Manual,1,2013,1598,5,4.70 Lakh,470000
Maruti Vitara Brezza ZDi,88235,Diesel,Manual,1,2019,1248,5,10.50 Lakh,1050000
Volkswagen Vento Diesel Highline,120000,Diesel,Manual,2,2013,1582,5,3.80 Lakh,380000
Maruti Swift VDI,110000,Diesel,Manual,2,2012,796,5,4 Lakh,400000
Hyundai Creta 1.6 CRDi SX Plus,84738,Diesel,Manual,1,2018,1197,7,12.50 Lakh,1250000
Maruti Alto LX BSIII,60000,Petrol,Manual,3,2007,1498,5,1.50 Lakh,150000
Maruti Baleno 1.2 Delta,38238,Petrol,Manual,1,2017,1997,5,6.50 Lakh,650000
Volkswagen Vento 1.5 TDI Highline AT,114996,Diesel,Automatic,1,2016,1199,5,7.25 Lakh,725000
Mahindra XUV500 W8 1.99 mHawk,68269,Diesel,Manual,1,2016,1498,5,10.90 Lakh,1090000
Tata Altroz XZ,15000,Petrol,Manual,1,2020,1248,5,8.50 Lakh,850000
Volkswagen Polo 1.5 TDI Highline,101000,Diesel,Manual,1,2015,1598,5,5.25 Lakh,525000
Maruti Swift Dzire VDI,90000,Diesel,Manual,1,2013,1299,5,5.10 Lakh,510000
Skoda Rapid 1.6 TDI Ambition,103000,Diesel,Manual,1,2012,1373,7,3.60 Lakh,360000
Ford Ikon 1.3 Flair,66000,Petrol,Manual,1,2005,1493,5,1.25 Lakh,125000
Maruti Ciaz VXi,90623,Petrol,Manual,1,2014,2755,7,6.75 Lakh,675000
Hyundai Verna CRDi ABS,100000,Diesel,Manual,2,2008,1248,5,2.30 Lakh,230000
Toyota Innova Crysta 2.8 ZX AT BSIV,71000,Diesel,Automatic,1,2019,2197,5,27.30 Lakh,2730000
Maruti Swift Dzire AMT VDI,70000,Diesel,Automatic,2,2017,1498,7,6.70 Lakh,670000
Tata Aria Pure 4x2,38431,Diesel,Manual,1,2012,1248,5,6.20 Lakh,620000
Honda Amaze VX Diesel BSIV,110000,Diesel,Manual,1,2018,2982,5,6.65 Lakh,665000
Maruti Swift VDI,110000,Diesel,Manual,2,2013,1199,7,4.50 Lakh,450000
Toyota Fortuner 3.0 Diesel,249535,Diesel,Manual,1,2011,1498,5,12.50 Lakh,1250000
Honda Amaze S Petrol BSIV,59858,Petrol,Manual,1,2018,2179,5,6.80 Lakh,680000
Volkswagen Polo 1.5 TDI Highline,89506,Diesel,Manual,1,2013,1197,5,4.50 Lakh,450000
Mahindra XUV500 W8 4WD,76365,Diesel,Manual,1,2016,1199,5,11.50 Lakh,1150000
Hyundai Xcent 1.2 Kappa SX,120000,Petrol,Manual,2,2014,1497,5,4.50 Lakh,450000
Chevrolet Beat LS,35000,Petrol,Manual,2,2011,1396,5,1.10 Lakh,110000
Honda City i-VTEC CVT ZX,25000,Petrol,Automatic,1,2018,1199,5,11.50 Lakh,1150000
Tata Indigo LX BSIV,81000,Diesel,Manual,2,2015,1582,5,2.39 Lakh,239000
Honda Amaze VX CVT i-VTEC,98328,Petrol,Automatic,1,2019,1197,5,7.50 Lakh,750000
Hyundai Elantra 1.6 SX Option AT,50000,Diesel,Automatic,2,2016,1896,5,12 Lakh,1200000
Hyundai i20 Active 1.2 SX,52548,Petrol,Manual,1,2017,1497,5,7.85 Lakh,785000
Volkswagen Jetta 2.0 TDI Trendline,80000,Diesel,Manual,2,2010,1498,5,2.18 Lakh,218000
Honda City GXi,50000,Petrol,Manual,1,2007,1199,5,2.50 Lakh,250000
MG Astor Sharp,10000,Petrol,Manual,1,2022,1197,5,16 Lakh,1600000
Tata Altroz XZ,60000,Petrol,Manual,1,2020,1120,5,8 Lakh,800000
Hyundai i20 Sportz,15000,Petrol,Manual,1,2020,1591,5,7.52 Lakh,752000
Hyundai Xcent 1.1 CRDi S,100000,Diesel,Manual,1,2016,1399,7,4.50 Lakh,450000
Hyundai Creta 1.6 VTVT SX Plus,27726,Petrol,Manual,1,2018,1586,5,12.80 Lakh,1280000
Ford Figo Diesel Titanium,180000,Diesel,Manual,2,2012,1997,5,2.10 Lakh,210000
Maruti SX4 ZXI MT BSIV,40000,Petrol,Manual,1,2009,1197,8,2.50 Lakh,250000
Mahindra XUV500 W10 1.99 mHawk,80252,Diesel,Manual,1,2016,998,5,13.50 Lakh,1350000
Maruti Swift Dzire VXI,90000,Petrol,Manual,1,2014,2179,5,4.20 Lakh,420000
Maruti Wagon R LXI,75000,Petrol,Manual,2,2006,998,5,1.30 Lakh,130000
Mahindra Scorpio VLX 2WD AIRBAG AT BSIV,120000,Diesel,Manual,1,2010,1498,5,5.50 Lakh,550000
Maruti Alto K10 VXI AMT,57988,Petrol,Automatic,1,2019,1197,5,4.25 Lakh,425000
Honda City i DTEC V,85000,Diesel,Manual,1,2014,1196,7,6.10 Lakh,610000
Maruti Wagon R VXI 1.2 BSIV,62000,Petrol,Manual,1,2017,1197,5,4.30 Lakh,430000
Maruti Eeco 5 Seater AC BSIV,63000,Petrol,Manual,1,2019,1498,7,5 Lakh,500000
Hyundai i10 Sportz,65000,Petrol,Manual,1,2011,1582,5,3.90 Lakh,390000
Mahindra Bolero B6 Opt,65000,Diesel,Manual,1,2020,1493,5,8.50 Lakh,850000
Hyundai Creta 1.6 CRDi SX,99000,Diesel,Manual,1,2017,1197,5,11.20 Lakh,1120000
Mahindra TUV 300 T8,80000,Diesel,Manual,1,2017,1405,7,7 Lakh,700000
Hyundai Aura SX,5000,Petrol,Manual,1,2021,1461,5,7.86 Lakh,786000
Tata Indica Aqua 1.4 TDI,110000,Diesel,Manual,2,2010,2489,5,1 Lakh,100000
Renault Duster 110PS Diesel RxZ,142366,Diesel,Manual,1,2012,1198,5,4 Lakh,400000
Mahindra Xylo D2 BS IV,170000,Diesel,Manual,3,2015,796,5,2.50 Lakh,250000
Nissan Micra Active XV Petrol,54000,Petrol,Manual,1,2017,1498,5,4.10 Lakh,410000
Maruti Alto 800 LXI,15000,Petrol,Manual,1,2020,1193,5,3.50 Lakh,350000
Honda City VX MT,42550,Petrol,Manual,1,2021,1086,5,11 Lakh,1100000
Tata Bolt Revotron XT,110000,Petrol,Manual,2,2018,1086,5,3.80 Lakh,380000
Hyundai Santro Xing XO,70000,Petrol,Manual,2,2007,1582,5,1.49 Lakh,149000
Hyundai Santro Xing XG,90000,Petrol,Manual,3,2004,1197,5,1.65 Lakh,165000
Hyundai Creta 1.6 SX Automatic Diesel,50540,Diesel,Automatic,1,2019,799,5,16 Lakh,1600000
Maruti Baleno Zeta,35000,Petrol,Manual,1,2020,1396,5,7.50 Lakh,750000
Datsun RediGO S,30000,Petrol,Manual,2,2017,1197,5,2.50 Lakh,250000
Hyundai i20 Asta 1.4 CRDi (Diesel),90000,Diesel,Manual,2,2010,1199,5,3 Lakh,300000
Hyundai Grand i10 Nios Sportz,25000,Petrol,Manual,1,2020,1586,5,6.30 Lakh,630000
Honda Jazz 1.2 E i VTEC,100000,Petrol,Manual,2,2015,1591,5,3.80 Lakh,380000
Maruti SX4 Vxi BSIII,90000,Petrol,Manual,2,2008,998,5,2.55 Lakh,255000
Hyundai Verna VTVT 1.6 SX Option,33783,Petrol,Manual,1,2019,1199,5,11.80 Lakh,1180000
Maruti Celerio ZXI AT,50000,Petrol,Automatic,2,2016,998,5,4 Lakh,400000
Honda Amaze VX Petrol BSIV,30000,Petrol,Manual,1,2019,1198,5,7.20 Lakh,720000
Maruti Celerio ZXI MT BSIV,50000,Petrol,Manual,2,2019,1197,5,4.90 Lakh,490000
Datsun GO T BSIV,25000,Petrol,Manual,2,2017,1498,5,3.25 Lakh,325000
Hyundai i20 Magna Plus BSIV,40000,Petrol,Manual,2,2019,1498,5,5.95 Lakh,595000
Ford Ecosport 1.5 Diesel Titanium,68414,Diesel,Manual,1,2018,1598,5,8.35 Lakh,835000
Volkswagen Vento 1.5 TDI Highline AT,91777,Diesel,Automatic,1,2016,1248,5,7.35 Lakh,735000
Skoda Rapid 1.6 TDI Active,79399,Diesel,Manual,1,2011,814,5,3.95 Lakh,395000
Maruti Vitara Brezza ZDi Plus AMT,70683,Diesel,Automatic,1,2018,1198,5,10.80 Lakh,1080000
Hyundai EON Sportz,37820,Petrol,Manual,1,2015,1498,5,3.25 Lakh,325000
Nissan Micra Active XV Petrol,25943,Petrol,Manual,1,2017,1248,5,4.75 Lakh,475000
Skoda Rapid 1.5 TDI Ambition,63470,Diesel,Manual,1,2014,998,5,5.20 Lakh,520000
Maruti Swift Dzire VDI Optional,56500,Diesel,Manual,1,2017,1248,5,7.50 Lakh,750000
Maruti Celerio ZXI AMT BSIV,46364,Petrol,Automatic,1,2018,1198,5,5.80 Lakh,580000
Maruti Swift VDI,138571,Diesel,Manual,1,2016,1527,5,6.30 Lakh,630000
Tata Nexon 1.2 Revotron XZA Plus DualTone,15000,Petrol,Automatic,1,2020,1086,5,10.30 Lakh,1030000
Maruti Zen D,150000,Diesel,Manual,1,2003,1197,5,"75,000",75000
Hyundai Santro Xing GLS,44357,Petrol,Manual,2,2009,1498,7,2.59 Lakh,259000
Maruti Wagon R ZXI 1.2,20000,Petrol,Manual,1,2020,1194,5,5.50 Lakh,550000
Volkswagen Polo 1.5 TDI Highline,60152,Diesel,Manual,1,2014,2179,5,5.30 Lakh,530000
Ford Freestyle Titanium,10000,Petrol,Manual,1,2020,998,7,7 Lakh,700000
Mahindra XUV500 R W10 FWD,25000,Diesel,Manual,1,2017,1248,5,13.50 Lakh,1350000
Maruti Celerio ZXI Optional AMT BSIV,50000,Petrol,Automatic,2,2018,2494,5,4.50 Lakh,450000
Maruti Vitara Brezza ZDi Plus,44599,Diesel,Manual,1,2018,1497,5,9.75 Lakh,975000
Toyota Innova 2.5 VX (Diesel) 7 Seater BS IV,289000,Diesel,Manual,2,2013,1086,5,7.60 Lakh,760000
Honda City GXi,80000,Petrol,Manual,1,2007,1353,5,2.50 Lakh,250000
Hyundai Santro Xing XO,120000,Petrol,Manual,2,2007,1198,5,1.65 Lakh,165000
Kia Seltos GTX Plus,60000,Petrol,Manual,1,2020,1197,8,15.50 Lakh,1550000
Honda Amaze S i-Vtech,60000,Petrol,Manual,1,2014,1248,5,3.25 Lakh,325000
Hyundai i20 Active 1.2 SX,70000,Petrol,Manual,2,2015,2609,5,5.50 Lakh,550000
Maruti Vitara Brezza ZDi,90000,Diesel,Manual,2,2017,998,5,6.80 Lakh,680000
Mahindra Scorpio 2.6 Turbo 7 Str,156000,Diesel,Manual,2,2006,1497,5,2.40 Lakh,240000
Maruti Wagon R LXI BS IV,35000,Petrol,Manual,1,2014,1598,5,3.50 Lakh,350000
Mahindra XUV300 W8 Option Diesel,78000,Diesel,Manual,1,2020,1086,5,13.50 Lakh,1350000
Skoda Rapid 1.6 MPI AT Style BSIV,40000,Petrol,Automatic,1,2017,1493,5,7.60 Lakh,760000
Hyundai Santro Xing XL,40000,Petrol,Manual,2,2005,1197,5,1.40 Lakh,140000
Kia Sonet 1.5 HTX Diesel,25000,Diesel,Manual,1,2021,796,5,11 Lakh,1100000
Maruti Baleno Zeta,80000,Petrol,Manual,1,2019,1498,5,7 Lakh,700000
Maruti Alto LXi BSIII,77450,Petrol,Manual,2,2008,1197,4,1.20 Lakh,120000
Volkswagen Vento 1.5 TDI Highline,170000,Diesel,Manual,1,2015,1896,5,5.10 Lakh,510000
Hyundai Grand i10 Nios AMT Asta,15000,Petrol,Automatic,2,2020,796,5,7.10 Lakh,710000
Skoda Octavia L and K 1.9 TDI MT,132000,Diesel,Manual,1,2005,1586,5,1.50 Lakh,150000
Maruti 800 Std MPFi,58000,Petrol,Manual,1,2006,1497,5,1.25 Lakh,125000
Maruti SX4 Vxi BSIV,60000,Petrol,Manual,1,2011,1498,5,2.50 Lakh,250000
Honda City i VTEC V,40000,Petrol,Manual,1,2016,1248,5,6.50 Lakh,650000
Mercedes-Benz C-Class 180 elegance,80000,Petrol,Manual,2,2004,1248,7,3.50 Lakh,350000
Ford Freestyle Trend Diesel BSIV,70000,Diesel,Manual,1,2018,2494,5,5.45 Lakh,545000
Maruti Swift VDI,55726,Diesel,Manual,1,2011,1248,5,3.85 Lakh,385000
Maruti Vitara Brezza ZDi Plus,92916,Diesel,Manual,1,2019,1461,5,11.50 Lakh,1150000
Toyota Innova 2.5 V Diesel 7-seater,120000,Diesel,Manual,4,2005,1197,5,3.50 Lakh,350000
Maruti Swift Dzire VDi,120000,Diesel,Manual,2,2011,995,4,2.80 Lakh,280000
Nissan Micra Diesel XV Premium,110000,Diesel,Manual,1,2015,796,6,3.95 Lakh,395000
Maruti Swift VXI,90000,Petrol,Manual,2,2013,1956,5,3.50 Lakh,350000
Chevrolet Spark 1.0 LS LPG,120000,Lpg,Manual,2,2009,1461,7,1.20 Lakh,120000
Maruti 800 DX 5 Speed,50000,Petrol,Manual,3,2001,1968,7,"80,000",80000
MG Hector Plus Sharp Diesel MT,8000,Diesel,Manual,1,2022,1493,5,21.50 Lakh,2150000
Renault Duster 85PS Diesel RxL,70000,Diesel,Manual,2,2015,1199,5,5.95 Lakh,595000
Skoda Kodiaq 2.0 TDI Laurin Klement,60400,Diesel,Automatic,1,2019,1995,5,32.60 Lakh,3260000
Mahindra TUV 300 T10 BSIV,69824,Diesel,Manual,1,2020,1193,5,11.30 Lakh,1130000
Tata Tiago 1.2 Revotron XZ,40000,Petrol,Manual,1,2016,1968,5,4.60 Lakh,460000
Renault Koleos 2.0 Diesel,121000,Diesel,Automatic,2,2012,1497,7,5 Lakh,500000
Tata Indigo GLX BS III,40000,Petrol,Manual,2,2010,1248,5,1.40 Lakh,140000
Volkswagen Jetta 2.0L TDI Highline AT,50000,Diesel,Automatic,1,2016,1197,5,8.50 Lakh,850000
Honda City GXi,100000,Petrol,Manual,2,2006,1197,7,1.60 Lakh,160000
Maruti Ertiga VDI,70000,Diesel,Manual,2,2015,2982,5,6.50 Lakh,650000
Hyundai i20 1.2 Magna,120000,Petrol,Manual,1,2012,1582,5,3 Lakh,300000
Hyundai i10 Sportz Option,90000,Petrol,Manual,2,2011,1398,7,2.95 Lakh,295000
Toyota Fortuner 4x2 AT,120000,Diesel,Automatic,2,2015,1462,5,19.50 Lakh,1950000
Hyundai Verna 1.6 CRDi EX MT,80000,Diesel,Manual,1,2011,993,5,4.50 Lakh,450000
Hyundai i20 Asta 1.4 AT,110000,Petrol,Manual,2,2013,1968,5,4.50 Lakh,450000
Maruti Ertiga ZXI Plus Petrol,40000,Petrol,Manual,1,2019,1197,5,9.13 Lakh,913000
Maruti Zen LX,100000,Petrol,Manual,2,1998,1591,5,"60,000",60000
Skoda Octavia 2.0 TDI AT L K,35700,Diesel,Automatic,1,2017,1197,5,20.95 Lakh,2095000
Maruti Baleno Delta,35000,Petrol,Manual,1,2021,1396,5,6.80 Lakh,680000
Hyundai Creta 1.6 VTVT E Plus,43000,Petrol,Manual,1,2016,1495,7,7.51 Lakh,751000
Hyundai Grand i10 1.2 Kappa Sportz Option,30000,Petrol,Manual,1,2018,1248,5,5.20 Lakh,520000
Hyundai i20 Diesel Sportz,68000,Diesel,Manual,1,2018,1299,5,7.65 Lakh,765000
Hyundai Accent Executive,90000,Petrol,Manual,2,2009,998,5,1.20 Lakh,120000
Maruti Ertiga ZDI,120000,Diesel,Manual,2,2012,1061,5,5.10 Lakh,510000
Ford Ikon 1.3 Flair,50000,Petrol,Manual,1,2007,1493,5,1 Lakh,100000
Maruti Wagon R VXI Plus,38800,Petrol,Manual,2,2017,796,5,4.65 Lakh,465000
Maruti Wagon R LXI Minor,110000,Petrol,Manual,2,2007,1299,5,1.30 Lakh,130000
Hyundai Accent CRDi,120000,Diesel,Manual,2,2005,1399,5,"99,000",99000
Maruti Alto 800 VXI,20439,Petrol,Manual,1,2019,1799,5,4.35 Lakh,435000
Ford Ikon 1.3 Flair,110000,Petrol,Manual,3,2006,1248,5,1.30 Lakh,130000
Chevrolet Aveo 1.4 E,120000,Petrol,Manual,2,2007,1199,5,1.60 Lakh,160000
Honda Civic 1.8 S MT,110000,Petrol,Manual,2,2006,999,5,3 Lakh,300000
Maruti Swift Dzire VDI,80000,Diesel,Manual,1,2018,1968,5,6.50 Lakh,650000
Hyundai Santro LP zipPlus,100000,Petrol,Manual,1,2002,998,5,"70,000",70000
Tata Tiago 1.2 Revotron XZ,60000,Petrol,Manual,1,2017,1396,5,4.50 Lakh,450000
Nissan Magnite Turbo XV Premium,20000,Petrol,Manual,1,2021,1061,5,9 Lakh,900000
Audi A4 New  2.0 TDI Multitronic,70000,Diesel,Automatic,2,2011,1794,5,7.50 Lakh,750000
Maruti Wagon R VXI Optional,50000,Petrol,Manual,1,2018,1061,5,4.30 Lakh,430000
Tata Indigo LS (TDI) BS III,200000,Diesel,Manual,2,2008,995,5,1.30 Lakh,130000
Maruti Zen Estilo 1.1 LXI BSIII,60000,Petrol,Manual,2,2007,1197,5,"99,000",99000
Toyota Corolla AE,120000,Petrol,Manual,3,2003,998,5,1.70 Lakh,170000
Maruti Zen Estilo 1.1 LXI BSIII,80000,Petrol,Manual,2,2007,1120,5,1.20 Lakh,120000
Chevrolet Spark 1.0 LT Option Pack,50000,Petrol,Manual,2,2012,2179,7,1.30 Lakh,130000
Hyundai Grand i10 1.2 Kappa Sportz Option,15000,Petrol,Manual,1,2019,993,5,6 Lakh,600000
Hyundai EON 1.0 Era Plus,52552,Petrol,Manual,1,2014,1497,5,2.95 Lakh,295000
Hyundai Grand i10 CRDi Asta,63565,Diesel,Manual,1,2015,1598,5,5.60 Lakh,560000
Mahindra Scorpio S10 7 Seater,154659,Diesel,Manual,1,2015,1956,5,11.20 Lakh,1120000
Maruti Zen LXI,110000,Petrol,Manual,2,2002,1591,5,"75,000",75000
Mahindra XUV300 W6 Diesel,27850,Diesel,Manual,1,2020,1197,5,10.50 Lakh,1050000
Skoda Rapid 1.6 MPI Style BSIV,50000,Petrol,Manual,1,2018,2523,7,8.80 Lakh,880000
Jeep Compass 2.0 Limited Option 4X4,37000,Diesel,Manual,1,2017,1591,5,16.90 Lakh,1690000
Hyundai Verna 1.6 SX VTVT,96384,Petrol,Manual,1,2011,1497,7,4.30 Lakh,430000
Hyundai i20 1.2 Sportz,66070,Petrol,Manual,1,2011,1497,5,3.90 Lakh,390000
Mahindra Bolero ZLX,77500,Diesel,Manual,1,2013,998,5,5 Lakh,500000
Hyundai Verna VTVT 1.6 SX,76504,Petrol,Manual,1,2017,814,5,8.30 Lakh,830000
Honda Mobilio V i-VTEC,75763,Petrol,Manual,1,2014,1197,5,6.15 Lakh,615000
Honda City E,58028,Petrol,Manual,1,2012,1498,5,5.15 Lakh,515000
Maruti Wagon R VXI,96909,Petrol,Manual,1,2015,998,5,4.30 Lakh,430000
Hyundai EON Magna Plus Option,49229,Petrol,Manual,1,2017,1197,5,3.80 Lakh,380000
Maruti Swift VVT VXI,82113,Petrol,Manual,1,2014,1186,5,4.90 Lakh,490000
Maruti Ciaz Delta 1.5,50140,Diesel,Manual,1,2019,1498,5,8.04 Lakh,804000
Maruti Wagon R VXI BS IV,89034,Petrol,Manual,1,2014,998,5,3.10 Lakh,310000
Hyundai Grand i10 Asta,141692,Petrol,Manual,1,2014,999,5,3.62 Lakh,362000
Hyundai Grand i10 1.2 CRDi Era,90000,Diesel,Manual,1,2017,2494,7,4.75 Lakh,475000
Honda WR-V i-DTEC VX,76407,Diesel,Manual,2,2018,999,5,8.32 Lakh,832000
Maruti Wagon R LXI CNG,103535,Cng,Manual,1,2012,1248,5,2.45 Lakh,245000
Nissan Magnite XV,10048,Petrol,Manual,1,2021,1248,5,8.31 Lakh,831000
Toyota Innova 2.5 VX (Diesel) 7 Seater BS IV,193707,Diesel,Manual,1,2013,2755,7,7.84 Lakh,784000
Renault KWID 1.0 RXT Optional AT 2016-2019,20987,Petrol,Automatic,1,2018,998,5,3.18 Lakh,318000
Maruti Baleno Delta Diesel,77000,Diesel,Manual,1,2018,1497,5,6.90 Lakh,690000
Maruti Swift Dzire ZDI,88000,Diesel,Manual,1,2017,796,5,7.80 Lakh,780000
Toyota Innova Crysta 2.8 ZX AT BSIV,119000,Diesel,Automatic,1,2016,1086,5,17.70 Lakh,1770000
Maruti Alto K10 2010-2014 VXI,56000,Petrol,Manual,1,2013,1598,5,2.80 Lakh,280000
Honda City GXi,86000,Petrol,Manual,1,2006,998,5,2.20 Lakh,220000
Maruti Alto 800 LXI,68000,Petrol,Manual,1,2014,1248,5,2.60 Lakh,260000
Hyundai Santro Xing GLS LPG,76000,Lpg,Manual,1,2014,1197,5,2.80 Lakh,280000
Skoda Rapid 1.6 MPI AT Style,70354,Petrol,Automatic,2,2016,1248,5,5.05 Lakh,505000
Maruti Wagon R VXI,117000,Petrol,Manual,1,2009,1493,5,2.10 Lakh,210000
Maruti Vitara Brezza ZDi,65000,Diesel,Manual,1,2019,1493,5,9.80 Lakh,980000
Hyundai Xcent 1.2 Kappa SX Option,46865,Petrol,Manual,1,2017,1196,5,5.49 Lakh,549000
Maruti Swift Dzire ZDI,77932,Diesel,Manual,2,2015,1495,5,5.42 Lakh,542000
Hyundai Verna Transform SX VGT CRDi,118215,Diesel,Manual,1,2010,998,5,2.56 Lakh,256000
Kia Seltos HTX Plus D,45873,Diesel,Manual,1,2020,1498,5,16.31 Lakh,1631000
Maruti Eeco 5 Seater AC BSIV,115596,Petrol,Manual,1,2014,1198,5,2.56 Lakh,256000
Hyundai Accent GLE,69218,Petrol,Manual,1,2007,1197,5,1.31 Lakh,131000
Hyundai Venue SX Plus Turbo DCT,26192,Petrol,Automatic,1,2020,1086,5,11.91 Lakh,1191000
Ford Ecosport 1.5 DV5 MT Ambiente,90992,Diesel,Manual,2,2014,1498,5,4.84 Lakh,484000
Volkswagen Polo 1.2 MPI Highline,42322,Petrol,Manual,2,2014,1061,5,4.25 Lakh,425000
Hyundai Grand i10 1.2 Kappa Sportz BSIV,20064,Petrol,Manual,1,2019,1086,5,5.81 Lakh,581000
Hyundai i10 Magna LPG,37418,Lpg,Manual,1,2013,1497,5,2.81 Lakh,281000
Ford Ecosport 1.5 Diesel Titanium BSIV,86102,Diesel,Manual,1,2017,796,5,7.16 Lakh,716000
Maruti Wagon R LXI Minor Duo LPG,105192,Lpg,Manual,3,2008,1999,5,1.10 Lakh,110000
Hyundai i10 Sportz 1.1L,46895,Petrol,Manual,2,2014,1199,5,3.34 Lakh,334000
Honda City 1.5 S MT,94135,Petrol,Manual,2,2009,1462,5,2.90 Lakh,290000
Maruti Alto LXi BSIII,84278,Petrol,Manual,2,2008,1498,5,"94,058",94058
Land Rover Range Rover Evoque 2.0 S diesel 2020-2021,19150,Diesel,Automatic,1,2020,1396,5,50.52 Lakh,5052000
Honda Amaze VX Petrol,22803,Petrol,Manual,1,2021,1197,5,7.88 Lakh,788000
Maruti Vitara Brezza ZXI Plus,35864,Petrol,Manual,2,2020,1497,5,9.41 Lakh,941000
Skoda Rapid 1.5 TDI Ambition,48007,Diesel,Manual,2,2015,1248,7,5.85 Lakh,585000
Hyundai i20 Asta 1.4 CRDi,98057,Diesel,Manual,2,2016,1197,5,5.96 Lakh,596000
Maruti Swift VXI,17222,Petrol,Manual,1,2018,1248,5,5.30 Lakh,530000
Honda City S,77960,Petrol,Manual,2,2012,1086,5,4.01 Lakh,401000
Maruti Ertiga VDI,105812,Diesel,Manual,3,2015,998,5,5.66 Lakh,566000
Hyundai Grand i10 1.2 Kappa Sportz Option,47180,Petrol,Manual,1,2017,814,5,5.02 Lakh,502000
Maruti Swift VDI BSIV,91865,Diesel,Manual,2,2010,1995,5,2.50 Lakh,250000
Hyundai Santro Xing GLS,121761,Petrol,Manual,1,2008,1248,5,1.21 Lakh,121000
Maruti Celerio ZXI AT,44540,Petrol,Automatic,1,2015,1461,8,3.93 Lakh,393000
Hyundai EON Era Plus,27713,Petrol,Manual,1,2018,1193,5,3.38 Lakh,338000
BMW X1 sDrive20d,83354,Diesel,Automatic,2,2013,1798,5,13.45 Lakh,1345000
Maruti Vitara Brezza LDi Option,118587,Diesel,Manual,1,2017,1197,5,6.30 Lakh,630000
Renault Lodgy 110PS RxZ 8 Seater,72318,Diesel,Manual,1,2016,1248,5,6.12 Lakh,612000
Tata Indigo eGLX BS IV,88579,Petrol,Manual,1,2010,1248,5,1.50 Lakh,150000
Toyota Corolla Altis VL AT,69509,Petrol,Automatic,2,2016,2982,7,11.43 Lakh,1143000
Volkswagen Vento 1.2 TSI Highline AT,68012,Petrol,Automatic,2,2017,999,5,7.37 Lakh,737000
Maruti Swift Dzire ZDI Plus,71250,Diesel,Manual,1,2017,1197,5,7.75 Lakh,775000
Maruti Swift Dzire AMT VDI,76268,Diesel,Automatic,2,2017,1197,5,6.46 Lakh,646000
Toyota Fortuner 3.0 Diesel,118649,Diesel,Manual,1,2011,1086,5,10.52 Lakh,1052000
Volkswagen Polo GT 1.0 TSI,19319,Petrol,Automatic,1,2021,1998,5,8.84 Lakh,884000
Hyundai i20 1.2 Asta,69826,Petrol,Manual,1,2018,1086,5,7.55 Lakh,755000
Hyundai i10 Magna,43274,Petrol,Manual,1,2008,1956,6,2.35 Lakh,235000
Hyundai i10 Magna 1.1L,45950,Petrol,Manual,1,2013,1956,5,2.89 Lakh,289000
Chevrolet Cruze LTZ,91649,Diesel,Manual,1,2016,1248,5,8.97 Lakh,897000
Hyundai i10 Magna 1.1L,56936,Petrol,Manual,1,2011,1399,5,2.95 Lakh,295000
MG Hector Plus Smart Diesel MT,9000,Diesel,Manual,1,2021,1120,5,17.95 Lakh,1795000
Jeep Compass 2.0 Limited 4X4,120422,Diesel,Manual,1,2017,998,5,13.52 Lakh,1352000
Tata Bolt Quadrajet XM,133659,Diesel,Manual,2,2016,1497,5,3.15 Lakh,315000
Ford Fiesta 1.4 SXi TDCi ABS,80295,Diesel,Manual,1,2010,936,5,2.25 Lakh,225000
Hyundai Grand i10 CRDi Sportz,55259,Diesel,Manual,1,2016,1497,5,4.83 Lakh,483000
Maruti Celerio X VXI BSIV,54996,Petrol,Manual,2,2019,998,5,3.77 Lakh,377000
Tata Nexon XZ Plus Diesel S,30903,Diesel,Manual,1,2021,1396,5,10.43 Lakh,1043000
Chevrolet Beat Diesel LT,77385,Diesel,Manual,2,2011,1248,5,1.66 Lakh,166000
Honda City ZX MT,38733,Petrol,Manual,1,2019,1798,5,3.90 Lakh,390000
Maruti Wagon R VXI BS IV,51242,Petrol,Manual,1,2013,999,7,2.72 Lakh,272000
Hyundai i20 1.4 Sportz,79385,Diesel,Manual,2,2018,1956,5,6.83 Lakh,683000
Maruti Baleno 1.3 Delta,57304,Diesel,Manual,2,2018,1197,5,6.68 Lakh,668000
Toyota Corolla Altis G,106188,Petrol,Manual,1,2013,1197,5,4.20 Lakh,420000
Renault Triber RXT,57778,Petrol,Manual,1,2020,796,5,5.86 Lakh,586000
Jeep Compass 2.0 Limited Option,64011,Diesel,Manual,1,2017,1461,5,12.50 Lakh,1250000
Hyundai Grand i10 Asta,35315,Petrol,Manual,1,2013,1396,5,3.60 Lakh,360000
Hyundai i20 Active 1.2 S,15000,Petrol,Manual,1,2016,1199,5,4.96 Lakh,496000
Maruti Alto 800 LXI,21461,Petrol,Manual,2,2018,2953,7,2.47 Lakh,247000
Renault Pulse RxZ Optional,90000,Diesel,Manual,2,2015,1197,5,2.80 Lakh,280000
Hyundai Verna 1.4 VTVT,42512,Petrol,Manual,1,2016,796,5,5 Lakh,500000
Honda WR-V i-VTEC VX,53580,Petrol,Manual,1,2017,1086,5,5.75 Lakh,575000
Ford Endeavour 3.0L 4X4 AT,25000,Diesel,Automatic,1,2011,2179,7,7.75 Lakh,775000
Hyundai i20 Sportz,1619,Petrol,Manual,1,2022,1956,5,7.85 Lakh,785000
Maruti Alto 800 LXI,45000,Petrol,Manual,1,2014,1198,5,2.10 Lakh,210000
Hyundai i10 Era,175000,Petrol,Manual,1,2010,2498,6,1.75 Lakh,175000
Mahindra XUV500 W11 BSIV,64000,Diesel,Manual,1,2018,1197,5,11.50 Lakh,1150000
Jeep Compass 2.0 Longitude BSIV,17000,Diesel,Manual,1,2018,1497,5,12.50 Lakh,1250000
Honda Amaze EX i-Vtech,48000,Petrol,Manual,1,2013,1197,5,2.75 Lakh,275000
Mahindra Thar CRDe,86000,Diesel,Manual,1,2018,624,4,7.50 Lakh,750000
Hyundai i10 Sportz,64000,Petrol,Manual,3,2014,1196,5,2.35 Lakh,235000
Honda City EXi,84000,Petrol,Manual,1,2008,1197,5,1 Lakh,100000
Toyota Etios Liva G SP,45000,Petrol,Manual,1,2014,998,5,2.99 Lakh,299000
Tata Nano Lx,39000,Petrol,Manual,1,2010,2523,7,"60,000",60000
Maruti Eeco 5 Seater AC BSIV,25000,Petrol,Manual,1,2019,1368,5,4.15 Lakh,415000
Maruti Swift Dzire 1.2 Lxi BSIV,55000,Petrol,Manual,1,2012,1591,5,3.10 Lakh,310000
Maruti Wagon R VXI BS IV,48000,Petrol,Manual,1,2017,1493,7,3.50 Lakh,350000
Mahindra Scorpio S3 7 Seater,17001,Diesel,Manual,1,2019,1248,7,9.05 Lakh,905000
Jeep Compass 1.4 Limited Plus,18000,Petrol,Automatic,2,2019,1197,5,16.54 Lakh,1654000
Hyundai Verna 1.6 VTVT S Option,42000,Petrol,Manual,1,2015,1997,7,4.95 Lakh,495000
Mahindra Bolero Power Plus SLE,176000,Diesel,Manual,1,2017,1598,5,4.50 Lakh,450000
Maruti Ertiga ZDI,55352,Diesel,Manual,1,2013,1997,7,5.25 Lakh,525000
Maruti Swift Dzire VXI,5000,Petrol,Manual,1,2020,1248,5,6.24 Lakh,624000
Mahindra Scorpio 1.99 S10,56231,Diesel,Manual,1,2017,1956,5,10.99 Lakh,1099000
Skoda Rapid 1.6 MPI Ambition BSIV,7000,Petrol,Manual,1,2019,1493,5,7.50 Lakh,750000
Mahindra XUV500 1.99 FWD W8,80000,Diesel,Manual,2,2014,1197,5,5 Lakh,500000
Maruti Swift Dzire Tour 1.3 S Diesel,120000,Diesel,Manual,1,2018,796,5,4 Lakh,400000
Jeep Compass 2.0 Limited Plus BSIV,22000,Diesel,Manual,1,2019,796,5,14.95 Lakh,1495000
Hyundai Accent VIVA CRDi,83000,Diesel,Manual,2,2005,1461,5,"95,000",95000
Hyundai i20 Asta 1.2,80000,Petrol,Manual,1,2013,1497,5,3 Lakh,300000
Maruti Alto 800 LXI,20000,Petrol,Manual,3,2014,1497,5,1.90 Lakh,190000
Maruti Omni MPI STD BSIV,35000,Petrol,Manual,1,2013,1199,5,1.20 Lakh,120000
Renault Duster 110PS Diesel RxL,60000,Diesel,Manual,1,2015,1197,5,4.65 Lakh,465000
Honda City i VTEC VX,67000,Petrol,Manual,1,2015,1498,5,5.75 Lakh,575000
Honda City V MT,65000,Petrol,Manual,1,2013,1399,5,3.50 Lakh,350000
Honda Jazz V,26000,Petrol,Manual,1,2018,1197,5,5.25 Lakh,525000
Hyundai Xcent 1.2 Kappa S,65000,Petrol,Manual,1,2015,1248,5,3.50 Lakh,350000
Maruti Ciaz Delta 1.5,35000,Diesel,Manual,1,2019,814,5,7 Lakh,700000
Ford Figo Diesel EXI,85000,Diesel,Manual,4,2011,1373,5,1.60 Lakh,160000
Hyundai Grand i10 Sportz,60000,Petrol,Manual,2,2013,1798,5,2.85 Lakh,285000
Tata Manza Aqua Quadrajet BS IV,80000,Diesel,Manual,2,2011,2523,7,1.75 Lakh,175000
Hyundai EON Sportz,60000,Petrol,Manual,1,2015,1956,7,1.95 Lakh,195000
Maruti Ciaz AT ZXi,430000,Petrol,Automatic,1,2015,1498,5,5.50 Lakh,550000
Toyota Corolla Altis GL,50000,Petrol,Manual,1,2011,2179,7,2.95 Lakh,295000
Mahindra Bolero SLX,120000,Diesel,Manual,1,2014,2354,5,4.25 Lakh,425000
Tata New Safari XT,18000,Diesel,Manual,1,2021,1197,5,16.99 Lakh,1699000
Ford Ecosport 1.5 DV5 MT Titanium Optional,42130,Diesel,Manual,1,2014,1364,5,4.49 Lakh,449000
Mahindra XUV500 W10 2WD,64000,Diesel,Manual,1,2017,1086,5,11 Lakh,1100000
Honda Accord 2.4 MT,63000,Petrol,Manual,1,2009,1497,8,3.25 Lakh,325000
Hyundai i20 Active 1.2 S,47000,Petrol,Manual,1,2015,1197,5,4.35 Lakh,435000
Toyota Etios 2014-2016 GD,67000,Diesel,Manual,1,2016,1582,5,5.25 Lakh,525000
Hyundai Santro Xing GL,40000,Petrol,Manual,1,2008,1591,5,1.50 Lakh,150000
Mahindra Marazzo M8 8Str,99000,Diesel,Manual,1,2019,1061,5,8 Lakh,800000
Hyundai i20 Magna,7500,Petrol,Manual,1,2021,1086,5,6.85 Lakh,685000
Hyundai Verna 1.6 SX,50000,Diesel,Manual,1,2012,1086,5,2.95 Lakh,295000
Hyundai Verna 1.6 VTVT S,41000,Petrol,Manual,1,2017,1956,5,6.25 Lakh,625000
Maruti Estilo LXI,50000,Petrol,Manual,1,2009,1591,5,1.25 Lakh,125000
Hyundai Santro Xing GL Plus,15000,Petrol,Manual,1,2012,1198,5,1.75 Lakh,175000
Hyundai Santro Xing GL,40000,Petrol,Manual,3,2008,1199,5,"85,000",85000
Tata Harrier XZ BSIV,20000,Diesel,Manual,2,2019,1598,5,13 Lakh,1300000
Hyundai Verna 1.6 VTVT S,29000,Petrol,Manual,1,2016,1373,5,5 Lakh,500000
Honda Brio S MT,13000,Petrol,Manual,1,2013,1497,5,2.85 Lakh,285000
Honda Amaze S Petrol BSIV,27000,Petrol,Manual,1,2019,1497,7,5.35 Lakh,535000
Volkswagen Vento Petrol Comfortline,50000,Petrol,Manual,1,2013,1248,5,3.25 Lakh,325000
Maruti Ciaz 1.4 Sigma,48000,Petrol,Manual,1,2017,1582,5,5 Lakh,500000
Honda City i VTEC VX,39000,Petrol,Manual,1,2017,1798,7,7.75 Lakh,775000
Honda City i VTEC CVT VX,41000,Petrol,Automatic,1,2017,1248,5,8 Lakh,800000
Maruti Ertiga VDI Limited Edition,74988,Diesel,Manual,1,2012,814,5,4.65 Lakh,465000
Hyundai Verna CRDi 1.6 EX,24494,Diesel,Manual,1,2018,1197,7,7.23 Lakh,723000
Toyota Corolla Altis JS MT,26000,Petrol,Manual,1,2017,1498,5,8 Lakh,800000
Maruti Ertiga VDI,80000,Diesel,Manual,1,2014,1198,5,4.65 Lakh,465000
Hyundai EON D Lite Plus,60000,Petrol,Manual,2,2012,998,7,1.30 Lakh,130000
Maruti Swift VXI,60000,Petrol,Manual,2,2013,999,5,3 Lakh,300000
Maruti Ertiga 1.5 ZDI,44304,Diesel,Manual,1,2015,1497,5,6.45 Lakh,645000
Honda Amaze SX i-VTEC,32000,Petrol,Manual,1,2014,814,5,3.65 Lakh,365000
Maruti S-Presso VXI 2019-2022,24531,Petrol,Manual,1,2020,1197,5,4.30 Lakh,430000
Renault Triber RXT,35000,Petrol,Manual,1,2020,814,5,5.80 Lakh,580000
Honda City i VTEC CVT VX,73000,Petrol,Automatic,1,2015,1193,5,5.25 Lakh,525000
Hyundai EON Sportz,31000,Petrol,Manual,1,2015,1197,5,2.55 Lakh,255000
Maruti Swift VXi BSIV,43000,Petrol,Manual,1,2011,1248,6,2.47 Lakh,247000
Hyundai EON Magna Plus,5000,Petrol,Manual,1,2018,1198,5,3.57 Lakh,357000
Tata Indigo eGLS BS IV,25000,Petrol,Manual,1,2010,1497,5,1.25 Lakh,125000
Hyundai Grand i10 Magna,90000,Petrol,Manual,1,2017,1197,5,4 Lakh,400000
Maruti Ciaz ZDi Plus SHVS,56150,Diesel,Manual,1,2016,1197,5,5.65 Lakh,565000
Mahindra KUV 100 NXT D75 K8 Dual Tone,20000,Diesel,Manual,2,2017,1198,8,3.60 Lakh,360000
Honda City i VTEC VX,60000,Petrol,Manual,2,2015,2494,5,4.90 Lakh,490000
Hyundai Xcent Prime T Plus CNG BSIV,70000,Cng,Manual,1,2017,1199,5,4 Lakh,400000
Maruti Baleno 1.2 Delta,25000,Petrol,Manual,1,2019,796,5,4.50 Lakh,450000
Datsun GO T BSIV,25000,Petrol,Manual,1,2014,1497,5,1.60 Lakh,160000
Toyota Innova 2.5 V Diesel 8-seater,18000,Diesel,Manual,1,2009,1248,7,8.50 Lakh,850000
Tata Punch Adventure,12000,Petrol,Manual,1,2021,2179,5,6.50 Lakh,650000
Maruti Alto 800 VXI,15000,Petrol,Manual,2,2017,1498,5,2.31 Lakh,231000
Honda City S,55000,Petrol,Manual,1,2013,1997,5,3.50 Lakh,350000
Maruti Swift Dzire LDI,70000,Diesel,Manual,2,2013,1198,5,2.30 Lakh,230000
Mahindra Scorpio VLX 2WD 7S BSIV,300000,Diesel,Manual,2,2011,1197,5,3.50 Lakh,350000
Honda City i DTEC V,52314,Diesel,Manual,1,2014,1498,5,4 Lakh,400000
Land Rover Range Rover Velar R-Dynamic S Petrol,19000,Petrol,Automatic,1,2020,998,5,71.50 Lakh,7150000
Nissan Micra XV CVT,16937,Petrol,Automatic,1,2017,1197,5,3.25 Lakh,325000
Maruti Baleno 1.2 CVT Delta,25000,Petrol,Automatic,1,2019,1399,5,4.50 Lakh,450000
Volkswagen Ameo 1.5 TDI Highline AT 16 Alloy,40000,Diesel,Automatic,2,2017,1086,5,4.70 Lakh,470000
Maruti Wagon R Stingray VXI Optional,70000,Petrol,Manual,1,2015,1197,7,2.80 Lakh,280000
Hyundai Xcent 1.2 Kappa S Option,46000,Petrol,Manual,1,2015,1493,5,3.20 Lakh,320000
Ford Figo Diesel Titanium,70000,Diesel,Manual,1,2011,1461,5,1.25 Lakh,125000
Hyundai i10 Era,40000,Petrol,Manual,3,2009,998,7,1.30 Lakh,130000
Hyundai i20 Sportz Plus BSIV,17500,Petrol,Manual,2,2019,2982,7,5.80 Lakh,580000
Mahindra Bolero Power Plus SLX,70000,Diesel,Manual,2,2017,2982,5,4.80 Lakh,480000
Renault Scala Diesel RxZ,67000,Diesel,Manual,4,2013,1248,5,3 Lakh,300000
Maruti Wagon R VXI BS IV,20000,Petrol,Manual,2,2016,995,5,3.50 Lakh,350000
Toyota Fortuner 4x2 AT,120000,Diesel,Automatic,3,2015,998,5,14 Lakh,1400000
Toyota Fortuner 4x2 AT,120000,Diesel,Automatic,4,2015,998,5,13 Lakh,1300000
Tata Zest Quadrajet 1.3 75PS XE,100000,Diesel,Manual,1,2018,1248,7,2.50 Lakh,250000
Chevrolet Spark 1.0 LS,30000,Petrol,Manual,2,2010,1498,5,"80,000",80000
Hyundai EON 1.0 Magna Plus Option O,15000,Petrol,Manual,1,2017,796,6,3 Lakh,300000
Maruti Wagon R VXI BS IV,30000,Petrol,Manual,2,2012,1956,5,1.90 Lakh,190000
Maruti Vitara Brezza VDi,40000,Diesel,Manual,1,2019,1193,5,7 Lakh,700000
Mahindra Bolero B6 Opt,50000,Diesel,Manual,1,2020,1199,5,8.50 Lakh,850000
Maruti Alto LX,70000,Petrol,Manual,2,2002,1193,5,"80,000",80000
Tata New Safari XZ Plus Gold 6 Str,5000,Diesel,Manual,1,2022,1591,5,22 Lakh,2200000
Tata Zest Revotron 1.2 XT,15000,Petrol,Manual,1,2015,1582,5,4.50 Lakh,450000
Honda WR-V i-VTEC VX,60000,Petrol,Manual,1,2019,1197,5,8.50 Lakh,850000
Tata Bolt Revotron XT,50000,Petrol,Manual,1,2015,1461,5,3 Lakh,300000
Hyundai Verna 1.6 SX VTVT,46000,Petrol,Manual,1,2014,814,5,4.61 Lakh,461000
Hyundai Verna 1.6 CRDi EX MT,55000,Diesel,Manual,1,2014,1396,5,4.31 Lakh,431000
Hyundai Xcent 1.2 Kappa SX,50000,Petrol,Manual,2,2014,1198,5,3.50 Lakh,350000
Renault Scala Diesel RxZ,6400,Diesel,Manual,2,2013,1197,7,2.50 Lakh,250000
Hyundai EON D Lite Plus,40000,Petrol,Manual,2,2015,1997,5,1.60 Lakh,160000
Tata Indigo CR4,20000,Diesel,Manual,2,2011,998,5,1.65 Lakh,165000
Honda Amaze VX i-VTEC,60000,Petrol,Manual,1,2017,1197,5,3.80 Lakh,380000
Maruti Wagon R ZXI AMT 1.2,40000,Petrol,Automatic,1,2020,1582,5,5.25 Lakh,525000
Mahindra Scorpio 1.99 S10,130000,Diesel,Manual,1,2015,1461,5,7.50 Lakh,750000
Maruti Wagon R VXI Plus,30000,Petrol,Manual,2,2017,1498,5,3.15 Lakh,315000
Hyundai Venue S,15000,Petrol,Manual,1,2021,1497,5,7.41 Lakh,741000
Hyundai Verna CRDi 1.6 SX,40000,Diesel,Manual,1,2019,1197,5,8.60 Lakh,860000
Renault Duster 85PS Diesel RxS,50000,Diesel,Manual,1,2017,1197,5,6.75 Lakh,675000
Honda Amaze EX i-Dtech,120000,Diesel,Manual,2,2013,1396,5,2.65 Lakh,265000
Kia Seltos HTX G,10000,Petrol,Manual,1,2020,1199,7,12 Lakh,1200000
Hyundai i10 Magna,75000,Petrol,Manual,3,2009,999,5,1.35 Lakh,135000
Hyundai i10 Magna 1.2 iTech SE,50000,Petrol,Manual,4,2008,1199,5,"95,000",95000
Tata Indigo LS TDI BSIII,120000,Diesel,Manual,3,2010,1461,5,1.10 Lakh,110000
Tata Tiago 1.2 Revotron XB,50000,Petrol,Manual,1,2018,1197,7,3.10 Lakh,310000
Renault Triber RXE,5000,Petrol,Manual,1,2020,2494,5,5.50 Lakh,550000
Volkswagen Polo Diesel Comfortline 1.2L,80000,Diesel,Manual,4,2010,1396,5,1.80 Lakh,180000
Renault Duster 85PS Diesel RxL,40000,Diesel,Manual,2,2015,1197,7,4.05 Lakh,405000
Maruti Swift Dzire VXI,30000,Petrol,Manual,1,2020,2179,5,6.10 Lakh,610000
Toyota Innova 2.5 EV Diesel MS 7 Str BSIII,120000,Diesel,Manual,3,2005,796,5,1.80 Lakh,180000
Tata Indigo LS (TDI) BS III,40000,Diesel,Manual,1,2008,1197,5,"89,000",89000
Hyundai i10 Magna 1.2 iTech SE,70000,Petrol,Manual,2,2008,1248,5,1.20 Lakh,120000
Mahindra XUV500 W6 2WD,120000,Diesel,Manual,1,2014,1197,5,7.38 Lakh,738000
Maruti Alto 800 VXI,5000,Petrol,Manual,1,2022,1197,5,4.28 Lakh,428000
Maruti Baleno Delta,35000,Petrol,Manual,1,2019,998,5,5.25 Lakh,525000
Maruti Vitara Brezza VDi Option,40000,Diesel,Manual,1,2017,1248,5,6 Lakh,600000
Hyundai i20 Asta Option 1.2,20000,Petrol,Manual,1,2017,1498,5,5.20 Lakh,520000
Maruti Baleno 1.2 Sigma,80000,Petrol,Manual,1,2017,814,5,4.20 Lakh,420000
Maruti Wagon R LXI BS IV,15000,Petrol,Manual,1,2013,796,5,3.70 Lakh,370000
Maruti Vitara Brezza VDi,70000,Diesel,Manual,2,2017,1197,5,5.45 Lakh,545000
Honda Amaze S i-DTEC,120000,Diesel,Manual,1,2016,1399,5,4 Lakh,400000
Hyundai EON D Lite Plus,25000,Petrol,Manual,2,2018,1498,5,2.30 Lakh,230000
Maruti Alto 800 LXI,25000,Petrol,Manual,1,2015,1248,5,2.50 Lakh,250000
Hyundai i20 1.2 Sportz Option,60000,Petrol,Manual,2,2011,1197,5,2.30 Lakh,230000
Chevrolet Aveo 1.4 LS BSIV,80000,Petrol,Manual,1,2007,998,5,1.65 Lakh,165000
Ford Ecosport 1.5 DV5 MT Titanium,80000,Diesel,Manual,3,2013,993,5,3 Lakh,300000
Maruti Swift Dzire VDi,90000,Diesel,Manual,2,2012,1197,5,2.70 Lakh,270000
Hyundai Xcent 1.2 Kappa S,37000,Petrol,Manual,1,2016,796,5,3.30 Lakh,330000
Maruti Alto K10 LXI,50000,Petrol,Manual,1,2015,1498,5,3 Lakh,300000
Maruti Zen LXi - BS III,50000,Petrol,Manual,1,2004,1186,5,"75,000",75000
Maruti Baleno 1.2 Delta,19493,Petrol,Manual,1,2017,796,5,5.49 Lakh,549000
Maruti Alto LXi BSIII,35000,Petrol,Manual,2,2007,993,5,1.05 Lakh,105000
Honda Amaze S i-Dtech,60000,Diesel,Manual,2,2014,1396,5,2.80 Lakh,280000
Hyundai Xcent 1.2 CRDi SX,50000,Diesel,Manual,1,2018,1498,5,4.50 Lakh,450000
Maruti Alto LXi BSIII,80000,Petrol,Manual,2,2005,1197,5,"75,000",75000
Maruti Zen LX BSII,78527,Petrol,Manual,1,2004,1197,5,"90,000",90000
Hyundai Creta 1.4 CRDi S,94000,Diesel,Manual,1,2016,1798,5,7 Lakh,700000
Honda City VX MT Diesel,5000,Diesel,Manual,1,2022,999,5,9 Lakh,900000
Hyundai Grand i10 Sportz,40000,Petrol,Manual,1,2016,1197,5,3 Lakh,300000
Hyundai i20 1.2 Magna,53128,Petrol,Manual,1,2011,998,5,2.25 Lakh,225000
Skoda Superb Elegance 1.8 TSI,39959,Petrol,Manual,2,2011,796,5,3.77 Lakh,377000
Renault KWID Climber 1.0 AMT,4768,Petrol,Automatic,2,2018,1586,5,3.55 Lakh,355000
Hyundai i20 1.2 Sportz,54004,Petrol,Manual,3,2011,796,5,2.16 Lakh,216000
Maruti Wagon R VXI BS IV,16570,Petrol,Manual,1,2017,1496,5,3.54 Lakh,354000
Maruti Alto 800 VXI Optional,7869,Petrol,Manual,3,2019,1497,5,3.22 Lakh,322000
Maruti SX4 Vxi BSIV,67640,Petrol,Manual,1,2012,796,5,2.10 Lakh,210000
Maruti Alto LXi,8934,Petrol,Manual,1,2010,1197,5,1.29 Lakh,129000
Toyota Etios 2014-2016 V,20241,Petrol,Manual,1,2015,1497,5,4.17 Lakh,417000
Honda City 1.5 S MT,67343,Petrol,Manual,1,2009,1086,5,2.32 Lakh,232000
Maruti Alto 800 LXI,10065,Petrol,Manual,1,2012,796,5,1.63 Lakh,163000
Maruti Baleno Zeta,57628,Petrol,Manual,1,2020,1197,5,6.12 Lakh,612000
Honda City i VTEC VX,72375,Petrol,Manual,1,2015,796,5,5.55 Lakh,555000
Hyundai i10 Era,19328,Petrol,Manual,1,2008,796,5,1.40 Lakh,140000
Maruti Alto LXi BSIII,24941,Petrol,Manual,1,2009,1197,5,1.08 Lakh,108000
Hyundai i10 Sportz,56441,Petrol,Manual,1,2011,1197,5,2.07 Lakh,207000
Maruti Alto 800 LXI,89865,Petrol,Manual,1,2013,1197,7,1.56 Lakh,156000
Maruti Alto 800 LXI,25919,Petrol,Manual,1,2017,1493,5,2.51 Lakh,251000
Maruti Swift Dzire 1.2 Vxi BSIV,17363,Petrol,Manual,1,2010,1086,5,2.30 Lakh,230000
Maruti Swift Dzire 1.2 Vxi BSIV,60726,Petrol,Manual,2,2012,1086,5,2.75 Lakh,275000
Maruti Swift RS VXI,54842,Petrol,Manual,2,2013,1497,5,2.99 Lakh,299000
Mahindra TUV 300 mHAWK100 T8,31916,Diesel,Manual,1,2018,796,5,6.43 Lakh,643000
Hyundai i10 Magna 1.1L,35457,Petrol,Manual,1,2013,1248,5,2.50 Lakh,250000
Hyundai i10 Sportz 1.1L,34640,Petrol,Manual,1,2013,1497,5,2.52 Lakh,252000
Honda City 1.5 V MT,39398,Petrol,Manual,3,2010,1086,5,2.54 Lakh,254000
Maruti Alto LXi BSIII,42919,Petrol,Manual,1,2010,1591,5,1.14 Lakh,114000
Maruti Swift Dzire VDI,38359,Diesel,Manual,1,2012,1498,5,3.28 Lakh,328000
Honda City S,101875,Petrol,Manual,1,2011,1248,5,2.90 Lakh,290000
Hyundai i10 Magna Optional 1.1L,21976,Petrol,Manual,1,2008,1248,5,1.61 Lakh,161000
Hyundai Creta 1.6 VTVT E Plus,65531,Petrol,Manual,1,2018,998,7,7.13 Lakh,713000
Renault Duster Petrol RXS,5044,Petrol,Manual,1,2019,1373,5,7.06 Lakh,706000
Maruti Swift Dzire LDI,66906,Diesel,Manual,1,2020,2487,8,5.70 Lakh,570000
Fiat Avventura MULTIJET Emotion,47547,Diesel,Manual,2,2014,1497,5,3.35 Lakh,335000
Maruti Zen Estilo LXI BS IV,25347,Petrol,Manual,1,2010,1196,7,1.54 Lakh,154000
Maruti Ertiga BSIV VXI,49712,Petrol,Manual,1,2017,2498,5,6.21 Lakh,621000
Toyota Camry Hybrid 2.5,4781,Petrol,Automatic,1,2019,1196,5,33.90 Lakh,3390000
Mahindra Marazzo M2 8Str BSIV,21716,Diesel,Manual,1,2019,1197,5,8.58 Lakh,858000
Maruti Eeco 5 Seater AC BSIV,55160,Petrol,Manual,1,2012,1461,5,1.98 Lakh,198000
Mahindra Xylo E4,50788,Diesel,Manual,3,2010,998,5,2.31 Lakh,231000
Maruti Eeco 5 Seater AC BSIV,58475,Petrol,Manual,1,2010,1197,5,1.55 Lakh,155000
Hyundai Xcent 1.2 Kappa S,94321,Petrol,Manual,1,2014,1199,6,2.98 Lakh,298000
Renault Pulse RxL,23907,Diesel,Manual,2,2013,1198,5,2.10 Lakh,210000
Hyundai Venue SX Opt Turbo BSIV,42060,Petrol,Manual,1,2019,1086,7,8.46 Lakh,846000
Hyundai i20 1.2 Asta,25258,Petrol,Manual,1,2017,1497,5,5.53 Lakh,553000
Tata Tiago 1.2 Revotron XT,31043,Petrol,Manual,1,2017,1497,5,3.51 Lakh,351000
Mahindra KUV 100 NXT G80 K2,39057,Petrol,Manual,1,2018,1197,5,3.41 Lakh,341000
Hyundai Santro Xing (Non-AC),20484,Petrol,Manual,1,2011,1298,7,1.13 Lakh,113000
Honda Mobilio V i-VTEC,55517,Petrol,Manual,1,2014,2179,5,4.26 Lakh,426000
Honda City S,53234,Petrol,Manual,2,2013,1061,7,3.56 Lakh,356000
Maruti Ritz LXI,51007,Petrol,Manual,1,2009,2982,5,1.56 Lakh,156000
Maruti Swift 1.3 ZXI,53755,Petrol,Manual,1,2008,1591,5,1.46 Lakh,146000
Tata Hexa XMA,62144,Diesel,Automatic,1,2018,1197,5,10.37 Lakh,1037000
Maruti Wagon R LXI Minor,45130,Petrol,Manual,1,2009,1582,5,1.23 Lakh,123000
Toyota Fortuner 4x4 MT,155124,Diesel,Manual,2,2015,1197,5,13.47 Lakh,1347000
Hyundai Creta 1.6 SX Automatic,30730,Petrol,Automatic,2,2018,2143,5,9.96 Lakh,996000
Maruti Swift Dzire VXI,107488,Petrol,Manual,1,2014,998,7,3.18 Lakh,318000
Hyundai Verna 1.6 SX,86336,Diesel,Manual,2,2014,1248,5,4.18 Lakh,418000
Hyundai i20 Active 1.2 SX,31253,Petrol,Manual,1,2017,1368,5,5.51 Lakh,551000
Mercedes-Benz C-Class C 220 CDI Avantgarde,33235,Diesel,Automatic,2,2015,1451,7,15.89 Lakh,1589000
Maruti S-Presso VXI AT 2019-2022,2258,Petrol,Automatic,1,2021,999,5,4.88 Lakh,488000
Maruti Ertiga VDI,100169,Diesel,Manual,2,2015,1368,5,4.96 Lakh,496000
Jeep Compass 1.4 Limited Plus BSIV,34000,Petrol,Automatic,1,2018,799,5,12.80 Lakh,1280000
MG Hector Sharp CVT,7000,Petrol,Automatic,1,2021,1461,5,17.56 Lakh,1756000
Renault Triber RXZ,5900,Petrol,Manual,1,2021,1197,5,6.55 Lakh,655000
Jeep Compass 1.4 Limited,27398,Petrol,Automatic,1,2017,998,5,11.85 Lakh,1185000
Renault KWID RXT,43259,Petrol,Manual,1,2015,1968,5,2.48 Lakh,248000
Renault Duster 85PS Diesel RxS,15016,Diesel,Manual,1,2018,1197,5,6.75 Lakh,675000
Maruti Swift VXi BSIV,30686,Petrol,Manual,1,2010,1582,5,2.55 Lakh,255000
Maruti Zen Estilo LXI BS IV,39543,Petrol,Manual,1,2010,1061,5,1.85 Lakh,185000
Skoda New Laura Ambiente 2.0 TDI CR MT,93913,Diesel,Manual,1,2010,1198,5,3.23 Lakh,323000
Maruti Swift Dzire VXI 1.2 BS IV,27729,Petrol,Manual,1,2018,1061,5,5.70 Lakh,570000
Hyundai Creta 1.6 CRDi SX,51501,Diesel,Manual,1,2017,1197,5,8.45 Lakh,845000
Maruti Wagon R LX Minor,90147,Petrol,Manual,1,2008,1197,5,"90,174",90174
Honda Amaze S i-VTEC,16419,Petrol,Manual,1,2018,1199,5,5.25 Lakh,525000
Maruti Wagon R LXI Minor,48368,Petrol,Manual,3,2008,998,5,"98,754",98754
Hyundai i20 Active 1.2 S,33193,Petrol,Manual,1,2015,1496,5,4.70 Lakh,470000
Maruti Swift VXI,39260,Petrol,Manual,1,2016,1198,5,4.15 Lakh,415000
Honda Jazz 1.2 SV i VTEC,55212,Petrol,Manual,1,2015,1197,5,3.95 Lakh,395000
Maruti Alto K10 2010-2014 VXI,81674,Petrol,Manual,1,2014,1120,8,1.81 Lakh,181000
Toyota Etios VX,27321,Petrol,Manual,3,2011,796,5,2.39 Lakh,239000
Honda Amaze E i-Vtech,42815,Petrol,Manual,1,2015,998,5,3.19 Lakh,319000
Hyundai Xcent 1.2 Kappa SX,39977,Petrol,Manual,1,2016,796,5,3.81 Lakh,381000
Hyundai Grand i10 CRDi Magna,64669,Diesel,Manual,1,2013,814,5,2.56 Lakh,256000
Maruti Omni E MPI STD BSIV,12603,Petrol,Manual,1,2019,1196,5,2.58 Lakh,258000
Maruti Wagon R VXI,32500,Petrol,Manual,1,2013,1396,5,1.90 Lakh,190000
Maruti Alto 800 LXI,7169,Petrol,Manual,1,2017,1462,7,2.67 Lakh,267000
Hyundai EON Era Plus,10482,Petrol,Manual,2,2012,1198,5,1.86 Lakh,186000
Ford Figo Petrol Titanium,48111,Petrol,Manual,1,2013,1591,5,2.03 Lakh,203000
Hyundai i20 Active 1.4 SX,63210,Diesel,Manual,4,2015,1196,5,3.92 Lakh,392000
Maruti Ciaz Alpha BSIV,35289,Petrol,Manual,1,2018,1199,5,6.77 Lakh,677000
Datsun GO Plus T Option BSIV,27352,Petrol,Manual,3,2014,1248,5,1.60 Lakh,160000
Hyundai Creta 1.6 SX Option,25572,Petrol,Manual,1,2019,796,5,11.46 Lakh,1146000
Maruti Eeco 5 Seater AC BSIV,67967,Petrol,Manual,3,2013,1197,5,2.08 Lakh,208000
Honda Jazz ZX,10834,Petrol,Manual,1,2021,1197,5,6.71 Lakh,671000
Maruti Swift Dzire ZDI,56000,Diesel,Manual,1,2017,1248,5,5.86 Lakh,586000
Maruti Alto 800 LXI,24000,Petrol,Manual,1,2017,1197,5,2.49 Lakh,249000
Maruti Swift AMT VXI BSIV,34000,Petrol,Automatic,1,2019,1198,5,5.55 Lakh,555000
Maruti Swift Dzire AMT ZXI Plus,13000,Petrol,Automatic,1,2017,998,5,5.99 Lakh,599000
Maruti SX4 S Cross DDiS 200 Zeta,158066,Diesel,Manual,1,2015,1598,6,4.40 Lakh,440000
Maruti Swift VXI,22543,Petrol,Manual,3,2011,1451,5,2.25 Lakh,225000
Honda Brio VX,46767,Petrol,Manual,1,2014,1197,7,3.17 Lakh,317000
Maruti Wagon R AMT VXI Plus,7848,Petrol,Automatic,1,2017,1497,6,3.78 Lakh,378000
Skoda Rapid 1.6 MPI Ambition,71245,Petrol,Manual,1,2016,1198,4,3.85 Lakh,385000
MG Hector Plus Sharp CVT,1923,Petrol,Automatic,1,2022,4663,5,19.89 Lakh,1989000
Hyundai i20 Sportz 1.2,38463,Petrol,Manual,2,2017,2994,5,5.12 Lakh,512000
Honda BR-V Style Edition V CVT,28000,Petrol,Automatic,1,2016,1950,5,6.99 Lakh,699000
Mahindra KUV 100 NXT G80 K4 Plus 6Str,19000,Petrol,Manual,1,2017,1991,5,3.49 Lakh,349000
Mercedes-Benz S-Class Maybach S500,24500,Petrol,Automatic,1,2017,1197,5,1.19 Crore,11900000
Audi S5 3.0L TFSI Quattro,11400,Petrol,Automatic,1,2021,1197,5,69 Lakh,6900000
Mercedes-Benz GLC 220d 4MATIC,10400,Diesel,Automatic,1,2020,1493,5,47.99 Lakh,4799000
Mercedes-Benz GLA Class 200,26000,Petrol,Automatic,2,2015,796,6,18 Lakh,1800000
Hyundai i20 Sportz Plus BSIV,30000,Petrol,Manual,1,2019,1198,6,5.69 Lakh,569000
Maruti Baleno Alpha,24000,Petrol,Manual,1,2018,1198,5,5.99 Lakh,599000
Hyundai Verna CRDi,100004,Diesel,Manual,2,2009,1248,5,1.25 Lakh,125000
Maruti Alto STD,25373,Petrol,Manual,2,2008,998,5,"63,046",63046
Mahindra KUV 100 NXT G80 K2,25635,Petrol,Manual,1,2017,1497,5,3.26 Lakh,326000
Mahindra KUV 100 mFALCON G80 K4,46982,Petrol,Manual,1,2016,1497,5,2.81 Lakh,281000
Maruti Ritz VDi,94989,Diesel,Manual,1,2011,998,5,1.92 Lakh,192000
Maruti Zen Estilo VXI BSIII,18322,Petrol,Manual,1,2008,1396,5,1.12 Lakh,112000
Ford Ecosport 1.5 Petrol Titanium BSIV,34364,Petrol,Manual,1,2019,1197,7,6.87 Lakh,687000
Hyundai Creta SX,17893,Petrol,Manual,1,2021,1498,5,13.62 Lakh,1362000
Hyundai Venue SX Plus Turbo DCT BSIV,15224,Petrol,Automatic,1,2019,1198,7,9.84 Lakh,984000
Hyundai Verna 1.4 VTVT,90228,Petrol,Manual,1,2014,2982,5,3.99 Lakh,399000
Maruti Swift VVT VXI,76279,Petrol,Manual,2,2014,995,5,3.07 Lakh,307000
Honda BR-V i-DTEC V MT,68861,Diesel,Manual,1,2016,1197,5,5.88 Lakh,588000
Skoda Fabia 1.2 MPI Ambiente Petrol,52816,Petrol,Manual,1,2011,1399,5,1.44 Lakh,144000
Toyota Fortuner 3.0 Diesel,314273,Diesel,Manual,2,2009,1451,5,6.34 Lakh,634000
Chevrolet Spark 1.0 PS,5439,Petrol,Manual,1,2009,796,5,"87,629",87629
Hyundai i20 1.2 Magna Executive,64164,Petrol,Manual,1,2017,1199,5,4.65 Lakh,465000
Ford Figo Diesel ZXI,60834,Diesel,Manual,1,2012,1968,5,2.02 Lakh,202000
MG Hector Sharp DCT,14700,Petrol,Automatic,1,2019,2523,5,15.50 Lakh,1550000
Maruti Alto 800 LXI,25000,Petrol,Manual,1,2022,1997,5,2.39 Lakh,239000
Tata Nexon XM,10000,Petrol,Manual,1,2022,1498,5,8 Lakh,800000
Audi A3 35 TDI Premium Plus,39000,Diesel,Automatic,1,2020,1248,7,25.80 Lakh,2580000
Mahindra Bolero Plus AC,80000,Diesel,Manual,1,2014,1497,5,4.20 Lakh,420000
Honda CR-V Special Edition,25000,Petrol,Automatic,1,2020,2498,5,22.50 Lakh,2250000
Honda Amaze SX i-DTEC,75656,Diesel,Manual,2,2015,1399,5,3.50 Lakh,350000
Maruti Vitara Brezza ZDi,30000,Diesel,Manual,1,2019,1248,5,8.50 Lakh,850000
Ford Ecosport 1.5 Petrol Ambiente BSIV,60000,Petrol,Manual,1,2017,1248,5,5.20 Lakh,520000
Mahindra Xylo E4 BS IV,120000,Diesel,Manual,3,2011,796,5,1.80 Lakh,180000
Ford Figo Diesel Titanium,100000,Diesel,Manual,2,2013,936,5,1.85 Lakh,185000
Maruti Swift Dzire LDI,70000,Diesel,Manual,2,2015,1197,5,3.50 Lakh,350000
Maruti Swift Dzire VDI,120000,Diesel,Manual,2,2015,998,5,4.20 Lakh,420000
Maruti Alto 800 LXI,50000,Petrol,Manual,3,2014,796,5,1.75 Lakh,175000
Chevrolet Beat Diesel LS,90000,Diesel,Manual,2,2012,2523,5,1.20 Lakh,120000
Hyundai i10 Magna,70000,Petrol,Manual,1,2008,1248,5,1.15 Lakh,115000
Maruti Wagon R CNG LXI BSIV,20000,Cng,Manual,1,2020,1956,5,5 Lakh,500000
Maruti Alto LXi,50000,Petrol,Manual,2,2007,1248,5,"80,000",80000
Mahindra Bolero DI - AC BS III,25000,Diesel,Manual,2,2014,1199,5,4.50 Lakh,450000
Maruti SX4 S Cross DDiS 200 Alpha,65000,Diesel,Manual,2,2017,1197,7,6.60 Lakh,660000
Jeep Compass 2.0 Limited 4X4,90000,Diesel,Manual,1,2018,1956,7,15 Lakh,1500000
Maruti Vitara Brezza VDi,30000,Diesel,Manual,1,2019,1956,8,8.10 Lakh,810000
Chevrolet Beat LT,60000,Petrol,Manual,1,2011,2498,5,1.75 Lakh,175000
Maruti Ignis Sigma,10000,Petrol,Manual,1,2021,1196,5,5 Lakh,500000
MG Hector Sharp Diesel MT BSIV,30000,Diesel,Manual,1,2020,796,5,15.70 Lakh,1570000
MG Hector Sharp Diesel MT BSIV,32000,Diesel,Manual,1,2020,1498,5,15 Lakh,1500000
Mahindra Thar 4X4,10000,Diesel,Manual,2,2014,1498,5,6.90 Lakh,690000
Maruti Eeco 7 Seater STD 2020-2022,110000,Petrol,Manual,1,2020,936,5,4.20 Lakh,420000
Maruti Omni E MPI STD BSIV,120000,Petrol,Manual,1,2013,1396,5,1.20 Lakh,120000
Maruti Omni E 8 Str STD,80000,Petrol,Manual,2,2007,1120,4,"85,000",85000
Ford Ecosport 1.5 Diesel Titanium BSIV,53000,Diesel,Manual,1,2018,1197,6,6.50 Lakh,650000
Volkswagen Polo 1.5 TDI Trendline,80000,Diesel,Manual,3,2014,1199,5,2.50 Lakh,250000
Chevrolet Beat Diesel LT,50000,Diesel,Manual,1,2012,796,5,1.17 Lakh,117000
Hyundai Elite i20 2018 Diesel Asta Option,40000,Diesel,Manual,1,2018,1462,7,6.40 Lakh,640000
Hyundai Xcent 1.1 CRDi Base,60000,Diesel,Manual,1,2015,1086,5,4.50 Lakh,450000
Hyundai i20 Sportz Option 1.2,60000,Petrol,Manual,3,2015,1197,5,3.90 Lakh,390000
Tata Tigor 1.2 Revotron XE,40000,Petrol,Manual,1,2018,2956,5,3.50 Lakh,350000
Maruti 800 Std,50000,Petrol,Manual,2,2012,1497,5,"85,000",85000
Maruti XL6 Zeta,10000,Petrol,Manual,1,2021,1598,5,10 Lakh,1000000
Hyundai i10 Sportz 1.1L,80000,Petrol,Manual,3,2009,1498,5,"98,000",98000
Hyundai i10 Magna,60000,Petrol,Manual,1,2011,1197,5,2 Lakh,200000
Tata Sumo CX,400000,Diesel,Manual,1,2012,799,5,2 Lakh,200000
Honda City i VTEC V,120000,Petrol,Manual,1,2017,1498,5,6.50 Lakh,650000
Volkswagen Vento Petrol Highline,90000,Petrol,Manual,1,2010,999,7,1.75 Lakh,175000
Honda Amaze VX i-DTEC,100000,Diesel,Manual,1,2014,1498,5,4.95 Lakh,495000
Hyundai i10 Magna 1.2 iTech SE,40000,Petrol,Manual,1,2010,1248,5,1.50 Lakh,150000
Renault KWID RXT,50000,Petrol,Manual,1,2018,2523,5,2.50 Lakh,250000
Nissan Sunny XL,100000,Petrol,Manual,3,2012,796,7,2.10 Lakh,210000
Datsun RediGO 1.0 T Option,5000,Petrol,Manual,1,2018,1582,7,2.15 Lakh,215000
Nissan Sunny XL,100000,Petrol,Manual,3,2012,1199,5,2.10 Lakh,210000
Maruti SX4 S Cross Alpha DDiS 200 SH,60000,Diesel,Manual,2,2017,1373,5,6.70 Lakh,670000
Mahindra Bolero ZLX,50000,Diesel,Manual,3,2013,1999,5,4 Lakh,400000
Maruti Alto 800 CNG LXI,50000,Cng,Manual,5,2014,1199,5,2 Lakh,200000
Hyundai Creta 1.6 CRDi SX,120000,Diesel,Manual,1,2016,1498,7,7.90 Lakh,790000
Tata Tiago 1.2 Revotron XT,50000,Petrol,Manual,1,2018,1197,5,3.70 Lakh,370000
Maruti Ertiga VXI Limited Edition,20000,Petrol,Manual,1,2020,1499,5,9 Lakh,900000
Mahindra XUV700 AX7 AT,120000,Petrol,Automatic,1,2022,2179,5,9.59 Lakh,959000
Tata Tiago 1.2 Revotron XZ,100000,Petrol,Manual,1,2018,2993,5,3.30 Lakh,330000
Honda Amaze VX i-DTEC,70000,Diesel,Manual,2,2013,1248,5,3.50 Lakh,350000
Maruti Baleno Alpha,50000,Petrol,Manual,2,2022,1396,5,5.25 Lakh,525000
Ford Fiesta Petrol Titanium Plus,60000,Petrol,Manual,1,2012,1399,5,3 Lakh,300000
Mahindra XUV500 AT W6 2WD,70000,Diesel,Automatic,2,2016,1798,7,7 Lakh,700000
BMW X5 xDrive 30d,150000,Diesel,Automatic,3,2013,1498,5,13 Lakh,1300000
Maruti Swift Dzire VDI,60000,Diesel,Manual,2,2017,814,5,4.20 Lakh,420000
Tata Indigo LX TDI BSIII,40000,Diesel,Manual,1,2011,1997,5,1 Lakh,100000
Ford Figo Diesel Titanium,70000,Diesel,Manual,2,2012,1399,5,1.30 Lakh,130000
Skoda Superb Elegance 1.8 TSI,80000,Petrol,Manual,2,2010,1461,5,3.60 Lakh,360000
Ford Ecosport 1.5 DV5 MT Titanium,120000,Diesel,Manual,2,2014,796,5,4.25 Lakh,425000
Hyundai EON Era,110000,Petrol,Manual,1,2013,1582,5,1.80 Lakh,180000
Mahindra Scorpio 1.99 S10,80000,Diesel,Manual,1,2016,1248,7,9 Lakh,900000
Ford Ikon 1.4 TDCi DuraTorq,60000,Diesel,Manual,2,2009,998,5,1.10 Lakh,110000
Renault Duster 110PS Diesel RxZ,72310,Diesel,Manual,2,2014,1248,5,3.90 Lakh,390000
Maruti Alto 800 VXI,5000,Petrol,Manual,1,2022,2179,5,4.20 Lakh,420000
Hyundai Verna 1.6 SX,70000,Diesel,Manual,3,2013,1298,5,4 Lakh,400000
Maruti Swift Dzire VDI,90000,Diesel,Manual,1,2015,998,7,3.90 Lakh,390000
Maruti Wagon R VXI Optional,90000,Petrol,Manual,1,2016,1298,5,3.50 Lakh,350000
Tata Zest Quadrajet 1.3 75PS XE,60000,Diesel,Manual,1,2019,1995,5,6.10 Lakh,610000
Tata Safari Storme VX 4WD Varicor 400,18000,Diesel,Manual,1,2018,2523,5,12 Lakh,1200000
Maruti Swift VXI BSIII,105000,Petrol,Manual,3,2010,1197,5,1.25 Lakh,125000
Maruti Wagon R LXI CNG Optional,60000,Cng,Manual,3,2015,998,5,2.90 Lakh,290000
Maruti Swift 1.3 ZXI,100000,Petrol,Manual,1,2010,998,5,2 Lakh,200000
BMW 3 Series 320d,120000,Diesel,Automatic,1,2009,796,5,4 Lakh,400000
Mahindra Bolero SLE,100000,Diesel,Manual,1,2010,1396,5,3 Lakh,300000
Maruti Swift Dzire VXI,60000,Petrol,Manual,2,2012,1061,5,3 Lakh,300000
Maruti Wagon R LXI,70600,Petrol,Manual,1,2013,1499,5,2.30 Lakh,230000
Maruti Wagon R VXI,25000,Petrol,Manual,1,2020,1086,5,4.78 Lakh,478000
Maruti Alto 800 LXI,30000,Petrol,Manual,1,2016,1248,5,2.50 Lakh,250000
Hyundai i20 Sportz Option 1.4 CRDi,90000,Diesel,Manual,1,2015,1582,5,4.20 Lakh,420000
Maruti Zen Estilo 1.1 VXI BSIII,37200,Petrol,Manual,1,2007,1582,5,1.02 Lakh,102000
Ford Ecosport 1.5 Ti VCT MT Ambiente,90000,Petrol,Manual,1,2015,1197,5,5.95 Lakh,595000
Hyundai Santro Xing GL Plus,60000,Petrol,Manual,2,2011,1497,5,1.30 Lakh,130000
Maruti SX4 VDI,146000,Diesel,Manual,4,2012,1498,5,2 Lakh,200000
Hyundai Verna 1.6 CRDi EX MT,80000,Diesel,Manual,2,2013,796,5,3.95 Lakh,395000
Hyundai Verna 1.6 SX,80000,Diesel,Manual,2,2014,1197,5,6 Lakh,600000
Maruti Swift Dzire LXI,25000,Petrol,Manual,1,2018,1451,5,6 Lakh,600000
Honda City S,60000,Petrol,Manual,2,2009,1498,5,2.50 Lakh,250000
Honda City i DTEC V,110000,Diesel,Manual,2,2014,1248,5,4.60 Lakh,460000
Maruti Alto 800 VXI,20000,Petrol,Manual,1,2017,796,5,3 Lakh,300000
Maruti Baleno 1.2 Delta,30000,Petrol,Manual,1,2018,2143,5,5.38 Lakh,538000
MG Hector Sharp DCT,50000,Petrol,Automatic,1,2019,1248,5,16 Lakh,1600000
Nissan Sunny XL,60000,Petrol,Manual,1,2012,1396,5,2.75 Lakh,275000
Maruti Ritz VDi,64000,Diesel,Manual,2,2011,1396,7,3 Lakh,300000
Maruti Alto 800 LXI,20000,Petrol,Manual,1,2021,1498,5,3.80 Lakh,380000
Mercedes-Benz C-Class 250 CDI Classic,70000,Diesel,Automatic,2,2011,1396,7,7.10 Lakh,710000
Maruti Swift Dzire VDI,34000,Diesel,Manual,1,2015,2179,7,5.10 Lakh,510000
Hyundai Verna 1.4 VTVT,60000,Petrol,Manual,3,2012,1199,5,3.50 Lakh,350000
Hyundai Verna 1.4 VTVT,60000,Petrol,Manual,3,2012,999,5,3.50 Lakh,350000
Ford Aspire 1.5 TDCi Trend,90000,Diesel,Manual,1,2017,1248,5,4 Lakh,400000
Hyundai i20 Sportz Option 1.4 CRDi,70000,Diesel,Manual,2,2017,1298,5,5.50 Lakh,550000
Mahindra XUV500 W6 2WD,90000,Diesel,Manual,3,2013,998,5,4 Lakh,400000
Tata Tiago 1.2 Revotron XZ,95105,Petrol,Manual,1,2019,1198,5,3.95 Lakh,395000
Renault Triber RXZ EASY-R AMT,20000,Petrol,Automatic,1,2020,1451,7,6.50 Lakh,650000
Maruti Ertiga SHVS VDI,100000,Diesel,Manual,2,2016,796,5,5.50 Lakh,550000
Maruti Swift Dzire VXi,90000,Petrol,Manual,4,2009,1956,5,1.99 Lakh,199000
Maruti Alto K10 2010-2014 VXI,60000,Petrol,Manual,1,2012,2477,7,1.65 Lakh,165000
Honda Brio V MT,25000,Petrol,Manual,1,2012,1956,5,2.60 Lakh,260000
MG Hector Sharp DCT,35000,Petrol,Automatic,3,2019,814,5,14.50 Lakh,1450000
Maruti Alto LXi,100000,Petrol,Manual,1,2007,1248,5,"90,000",90000
Jeep Compass 2.0 Longitude BSIV,80000,Diesel,Manual,1,2018,998,5,13 Lakh,1300000
Mitsubishi Pajero Sport 4X4,120000,Diesel,Manual,2,2013,998,4,6.50 Lakh,650000
Tata Harrier XZ BSIV,90000,Diesel,Manual,1,2019,1497,4,14 Lakh,1400000
Hyundai EON LPG Era Plus,162000,Lpg,Manual,1,2016,1248,5,2.60 Lakh,260000
Maruti Ertiga ZDI,120000,Diesel,Manual,4,2014,3996,4,4.50 Lakh,450000
Maruti Wagon R CNG LXI,60000,Cng,Manual,2,2021,3996,5,5.10 Lakh,510000
Maruti Wagon R LXI CNG,80000,Cng,Manual,1,2019,1998,5,4.90 Lakh,490000
Honda City S,120000,Petrol,Manual,2,2010,1997,5,2.50 Lakh,250000
Tata Zest Quadrajet 1.3 XMA,70000,Diesel,Automatic,4,2016,1968,5,2.90 Lakh,290000
Audi RS7 4.0 TFSI,7100,Petrol,Automatic,1,2021,1968,5,1.75 Crore,17500000
Audi RS7 4.0 TFSI,11500,Petrol,Automatic,1,2020,1984,5,1.75 Crore,17500000
Audi A4 Technology,16000,Petrol,Automatic,1,2021,1998,5,41.80 Lakh,4180000
Mahindra Thar LX 4-Str Hard Top,5500,Petrol,Manual,1,2022,1999,5,16.80 Lakh,1680000
Audi Q5 30 TDI quattro Premium Plus,56500,Diesel,Automatic,1,2016,1395,5,23.90 Lakh,2390000
Audi A4 35 TDI Technology Edition,45500,Diesel,Automatic,1,2014,1968,5,14.80 Lakh,1480000
Audi A6 45 TFSI Technology,16000,Petrol,Automatic,0,2021,1968,5,57.80 Lakh,5780000
Audi A4 Technology,12000,Petrol,Automatic,1,2021,1781,5,45.90 Lakh,4590000
Jaguar XF 2.0 Diesel Prestige,59000,Diesel,Automatic,1,2018,1798,5,29.80 Lakh,2980000
Audi A4 30 TFSI Technology,41000,Petrol,Automatic,1,2018,1248,7,33.80 Lakh,3380000
Audi Q3 35 TDI Quattro Premium,44600,Diesel,Automatic,1,2017,1368,5,23.90 Lakh,2390000
Audi Q3 35 TDI Quattro Premium Plus,38500,Diesel,Automatic,2,2013,796,5,12.80 Lakh,1280000
Audi A4 1.8 TFSI,57500,Petrol,Automatic,3,2013,1493,5,14.80 Lakh,1480000
Audi A6 35 TFSI Matrix,12000,Petrol,Automatic,1,2016,1968,5,33.80 Lakh,3380000
Maruti Swift VDI BSIV,84703,Diesel,Manual,3,2014,1248,4,3.29 Lakh,329000
Jeep Compass 1.4 Longitude Plus AT,78000,Petrol,Automatic,1,2018,1248,5,16.90 Lakh,1690000
Maruti Alto 800 LXI,26562,Petrol,Manual,1,2017,1199,5,2.67 Lakh,267000
Mahindra Quanto C2,93021,Diesel,Manual,3,2013,1998,5,1.97 Lakh,197000
Audi A4 35 TDI Technology,43900,Diesel,Automatic,1,2019,1798,5,32.80 Lakh,3280000
Maruti Swift VDI BSIV,107813,Diesel,Manual,1,2015,1395,5,3.92 Lakh,392000
Maruti Swift Dzire VDI,64299,Diesel,Manual,1,2017,2354,5,5.37 Lakh,537000
Tata Tiago 1.2 Revotron XT,25424,Petrol,Manual,1,2019,1248,5,4.02 Lakh,402000
BMW 6 Series GT 630i Luxury Line 2018-2021,20800,Petrol,Automatic,1,2019,1086,5,55.80 Lakh,5580000
Audi A4 35 TFSi Premium,32000,Petrol,Automatic,1,2016,1968,5,20.80 Lakh,2080000
Audi A4 30 TFSI Technology,27000,Petrol,Automatic,2,2018,1498,5,32.80 Lakh,3280000
Honda Accord 2.4 MT,80046,Petrol,Manual,3,2010,1498,5,2.94 Lakh,294000
Maruti Swift Dzire VDI,104724,Diesel,Manual,2,2014,1582,5,3.72 Lakh,372000
Hyundai Santro Xing GL,91693,Petrol,Manual,3,2008,998,5,"79,484",79484
Audi A6 35 TDI,85000,Diesel,Automatic,1,2015,1086,5,19.80 Lakh,1980000
Ford Freestyle Titanium Diesel BSIV,84280,Diesel,Manual,1,2018,1197,5,5.43 Lakh,543000
Honda Amaze S i-Dtech,72947,Diesel,Manual,2,2013,1248,5,2.57 Lakh,257000
Hyundai Creta 1.6 SX Automatic Diesel,38507,Diesel,Automatic,1,2019,1198,5,14.27 Lakh,1427000
Maruti Wagon R LXI CNG,60033,Cng,Manual,1,2017,998,7,3.51 Lakh,351000
Hyundai i10 Magna 1.1L,35355,Petrol,Manual,2,2014,1196,5,2.57 Lakh,257000
Hyundai Grand i10 Magna,24027,Petrol,Manual,2,2017,1591,7,3.73 Lakh,373000
Maruti Baleno 1.3 Alpha,57256,Diesel,Manual,1,2017,2179,5,5.58 Lakh,558000
Honda Amaze EX i-Vtech,62029,Petrol,Manual,1,2013,1197,5,2.82 Lakh,282000
Maruti Wagon R LXI CNG,97811,Cng,Manual,1,2014,1498,5,2.70 Lakh,270000
Ford Figo Petrol ZXI,54910,Petrol,Manual,1,2011,1197,5,1.64 Lakh,164000
Hyundai Verna 1.6 VTVT S,69271,Petrol,Manual,1,2016,1798,5,5.37 Lakh,537000
Mahindra XUV500 W8 FWD,122619,Diesel,Manual,2,2015,1199,5,6.43 Lakh,643000
Maruti Swift VXI,23976,Petrol,Manual,1,2020,1968,5,5.92 Lakh,592000
Honda Mobilio V i-DTEC,159147,Diesel,Manual,1,2014,1498,5,3.61 Lakh,361000
Maruti Swift Dzire VXI,75384,Petrol,Manual,2,2014,1197,7,3.30 Lakh,330000
Audi A6 35 TFSI Matrix,61500,Petrol,Automatic,1,2017,2967,5,29.90 Lakh,2990000
Tata Tigor 1.2 Revotron XE,39477,Petrol,Manual,1,2018,1197,8,3.51 Lakh,351000
Audi A6 35 TDI,41000,Diesel,Automatic,2,2016,2523,5,25.80 Lakh,2580000
Honda City i DTEC SV,53234,Diesel,Manual,2,2015,1582,5,5.18 Lakh,518000
Maruti Swift Dzire AMT ZXI Plus,67261,Petrol,Automatic,2,2018,2494,5,6.04 Lakh,604000
Audi A6 3.0 TDI Quattro Premium Plus,71000,Diesel,Automatic,3,2014,998,5,13.80 Lakh,1380000
Maruti Baleno Delta,8201,Petrol,Manual,1,2020,1591,5,6.53 Lakh,653000
Mahindra Bolero SLE BSIII,98105,Diesel,Manual,1,2015,1197,5,4.73 Lakh,473000
Hyundai Verna 1.6 SX CRDI (O) AT,93147,Diesel,Automatic,1,2014,1248,7,4.63 Lakh,463000
Toyota Innova 2.5 GX (Diesel) 8 Seater,139257,Diesel,Manual,1,2012,1582,7,5.57 Lakh,557000
Maruti Alto K10 2010-2014 VXI,140511,Petrol,Manual,1,2011,1086,7,1.34 Lakh,134000
Hyundai Verna 1.6 EX VTVT,68266,Petrol,Manual,1,2014,2982,5,4.49 Lakh,449000
Hyundai i20 1.2 Magna,80283,Petrol,Manual,2,2011,1493,7,2.09 Lakh,209000
Maruti Swift VDI BSIV,55133,Diesel,Manual,1,2016,1196,7,4.59 Lakh,459000
Hyundai Elantra CRDi SX,58437,Diesel,Manual,2,2014,998,5,5.83 Lakh,583000
Hyundai Santro Xing GL,117816,Petrol,Manual,1,2013,2494,7,1.69 Lakh,169000
Toyota Fortuner 4x2 Manual,212661,Diesel,Manual,2,2013,1373,5,11.80 Lakh,1180000
Mahindra Bolero Power Plus SLE,67918,Diesel,Manual,1,2016,1399,5,5.22 Lakh,522000
Maruti Eeco 7 Seater STD 2020-2022,18636,Petrol,Manual,1,2022,2755,5,4.68 Lakh,468000
Maruti Alto K10 LXI,111556,Petrol,Manual,2,2015,1197,5,2.01 Lakh,201000
Toyota Innova 2.5 G (Diesel) 7 Seater BS IV,141834,Diesel,Manual,1,2015,1197,5,7.93 Lakh,793000
Maruti Ertiga VXI,24920,Petrol,Manual,2,2014,1197,5,4.11 Lakh,411000
Ford Figo Diesel EXI,115042,Diesel,Manual,2,2011,1462,5,1.25 Lakh,125000
Toyota Innova Crysta 2.8 ZX AT BSIV,57189,Diesel,Automatic,2,2018,1197,5,17.61 Lakh,1761000
Hyundai i20 Asta 1.2,10188,Petrol,Manual,1,2016,2143,5,5.65 Lakh,565000
Hyundai i10 Sportz 1.2,55892,Petrol,Manual,4,2008,998,5,1.30 Lakh,130000
Hyundai i20 Sportz Plus BSIV,38285,Petrol,Manual,1,2019,1086,5,6.64 Lakh,664000
Toyota Urban cruiser Premium,26523,Petrol,Manual,1,2021,998,5,9.28 Lakh,928000
Hyundai i20 Sportz Plus BSIV,35986,Petrol,Manual,1,2019,1461,5,6.64 Lakh,664000
Mercedes-Benz CLA 200 D Sport Edition,51609,Diesel,Automatic,1,2016,1248,4,19.29 Lakh,1929000
Maruti Wagon R VXI Opt,42561,Petrol,Manual,1,2019,1248,5,4.13 Lakh,413000
Hyundai Santro Xing GLS,30778,Petrol,Manual,1,2008,1086,5,1.05 Lakh,105000
Maruti Wagon R LXI CNG,30819,Cng,Manual,2,2017,796,5,3.35 Lakh,335000
Nissan Micra Diesel XV,77464,Diesel,Manual,3,2012,1498,5,1.39 Lakh,139000
Maruti Vitara Brezza VDi,55142,Diesel,Manual,1,2016,1493,5,5.42 Lakh,542000
Maruti Swift Dzire ZDI,64705,Diesel,Manual,2,2015,1399,5,4.79 Lakh,479000
Hyundai i10 Era 1.1,83013,Petrol,Manual,4,2009,1248,5,1.30 Lakh,130000
Maruti 800 AC BSIII,91817,Petrol,Manual,4,2009,1968,5,"54,430",54430
Honda Amaze VX i DTEC,76012,Diesel,Manual,1,2018,814,7,5.61 Lakh,561000
Hyundai Creta SX Opt Diesel AT,20507,Diesel,Automatic,1,2020,1199,7,17.73 Lakh,1773000
Ford Fiesta 1.4 ZXi TDCi ABS,118039,Diesel,Manual,1,2009,1497,5,1.74 Lakh,174000
Tata Zest Quadrajet 1.3 XMS,169306,Diesel,Manual,1,2014,1196,5,2.80 Lakh,280000
Audi A6 2.0 TDI Premium Plus,71000,Diesel,Automatic,1,2014,1493,5,16.90 Lakh,1690000
Hyundai EON D Lite Plus,51841,Petrol,Manual,2,2016,998,5,2.16 Lakh,216000
Tata Tigor 1.2 Revotron XZ Option,10098,Petrol,Manual,1,2017,1399,5,4.14 Lakh,414000
Honda City i VTEC V,58328,Petrol,Manual,3,2015,1461,5,4.97 Lakh,497000
Maruti Eeco 7 Seater Standard BSIV,94128,Petrol,Manual,1,2018,998,5,3.09 Lakh,309000
Mahindra TUV 300 T6,38979,Diesel,Manual,1,2017,796,5,5.16 Lakh,516000
Maruti Wagon R LXI CNG,54087,Cng,Manual,1,2016,1197,5,3.24 Lakh,324000
Ford Figo Diesel ZXI,71969,Diesel,Manual,1,2010,1591,5,1.26 Lakh,126000
Renault Duster 85PS Diesel RxE,59609,Diesel,Manual,1,2018,1197,7,6.02 Lakh,602000
Maruti Wagon R LXI CNG,94509,Cng,Manual,1,2015,1197,5,2.87 Lakh,287000
Maruti Alto 800 LXI,52254,Petrol,Manual,1,2018,1198,5,2.64 Lakh,264000
Maruti Swift Dzire Tour 1.2 S STD,25000,Petrol,Manual,1,2018,2694,5,6 Lakh,600000
Hyundai Verna VTVT 1.6 SX Option,36006,Petrol,Manual,1,2018,2967,7,9.07 Lakh,907000
Hyundai i20 Asta,94264,Petrol,Manual,2,2010,1086,5,1.91 Lakh,191000
Maruti Baleno Sigma,14976,Petrol,Manual,1,2022,1197,5,6.08 Lakh,608000
Datsun GO T BSIV,163605,Petrol,Manual,1,2017,2967,5,2.21 Lakh,221000
Toyota Fortuner 2.7 2WD AT,44000,Petrol,Automatic,2,2019,1198,7,31 Lakh,3100000
Audi Q5 3.0 TDI Quattro,68000,Diesel,Automatic,3,2011,1950,5,9.95 Lakh,995000
Hyundai i10 Magna 1.1L,38000,Petrol,Manual,1,2011,1248,5,2.25 Lakh,225000
Maruti Swift Dzire VXI 1.2 BS IV,65000,Petrol,Manual,1,2019,2179,5,6.50 Lakh,650000
Audi Q7 45 TDI Quattro Premium Plus,43000,Diesel,Automatic,2,2014,1950,5,18.75 Lakh,1875000
Honda Amaze E i-Vtech,80000,Petrol,Manual,3,2015,1950,5,3.60 Lakh,360000
Mercedes-Benz C-Class Progressive C 220d,24000,Diesel,Automatic,2,2020,1991,5,39 Lakh,3900000
Maruti Baleno 1.3 Delta,90000,Diesel,Manual,1,2018,1997,5,6 Lakh,600000
Mahindra Scorpio S8 7 Seater,25000,Diesel,Manual,1,2016,4367,7,10 Lakh,1000000
Mercedes-Benz GLC 220d 4MATIC,24000,Diesel,Automatic,1,2020,1998,5,56.50 Lakh,5650000
Mercedes-Benz GLE 300d,13000,Diesel,Automatic,1,2021,1968,7,89 Lakh,8900000
Mercedes-Benz GLC 200,15000,Petrol,Automatic,1,2021,1997,7,61 Lakh,6100000
Jaguar F-Pace 2.0 R-Dynamic S Diesel,9900,Diesel,Automatic,1,2021,1582,5,74 Lakh,7400000
Land Rover Range Rover 4.4 Diesel LWB Autobiography,68500,Diesel,Automatic,1,2019,2998,7,1.90 Crore,19000000
BMW X4 xDrive30i M Sport Silver Shadow Edition,7600,Petrol,Automatic,1,2022,2179,5,74.50 Lakh,7450000
Audi Q3 35 TDI Quattro Premium Plus,76000,Diesel,Automatic,2,2016,1462,5,14.75 Lakh,1475000
Mahindra XUV500 1.99 FWD W8,120000,Diesel,Manual,2,2013,2523,7,4.50 Lakh,450000
Hyundai Verna 1.6 CRDi SX,120000,Diesel,Manual,2,2016,2487,5,5.20 Lakh,520000
BMW X7 xDrive 40i,39000,Petrol,Automatic,1,2019,2497,5,1.15 Crore,11500000
Mahindra Scorpio S10 7 Seater,88000,Diesel,Manual,1,2017,2982,7,11.25 Lakh,1125000
Maruti Grand Vitara Delta AT,2000,Petrol,Automatic,1,2022,998,7,14.50 Lakh,1450000
Mahindra Bolero ZLX,40000,Diesel,Manual,1,2019,2143,5,7.50 Lakh,750000
Toyota Camry Hybrid 2.5,20000,Petrol,Automatic,1,2019,2179,5,40.90 Lakh,4090000
Mercedes-Benz E-Class E240 V6 AT,110000,Petrol,Automatic,2,2006,1248,5,5 Lakh,500000
Toyota Fortuner 3.0 Diesel,80000,Diesel,Manual,3,2011,1598,5,8.50 Lakh,850000
Maruti Zen Estilo LXI BSIII,110000,Petrol,Manual,3,2008,1950,8,1 Lakh,100000
Mercedes-Benz GLE 250d,49000,Diesel,Automatic,1,2017,1498,5,44 Lakh,4400000
Tata Safari Storme VX,145000,Diesel,Manual,3,2013,998,5,3.20 Lakh,320000
Maruti Ertiga ZDI,40000,Diesel,Manual,2,2012,2494,5,5 Lakh,500000
Volkswagen Vento IPL II Petrol Trendline,100000,Petrol,Manual,3,2010,1995,5,1.25 Lakh,125000
Mercedes-Benz E-Class Expression E 220 d BSIV,17000,Diesel,Automatic,1,2020,1396,5,58 Lakh,5800000
Volkswagen Polo Exquisite 1.5 TDI Highline,100000,Diesel,Manual,1,2015,1198,7,4.90 Lakh,490000
Maruti Wagon R VXI BS IV,100000,Petrol,Manual,1,2011,1396,4,1.90 Lakh,190000
Toyota Innova 2.5 G (Diesel) 8 Seater,120000,Diesel,Manual,2,2013,1950,8,6 Lakh,600000
BMW X3 xDrive 20d Luxury Line,19000,Diesel,Automatic,1,2021,1997,5,60 Lakh,6000000
Hyundai i20 Sportz 1.4 CRDi,60000,Diesel,Manual,2,2017,796,7,6.50 Lakh,650000
Nissan Micra Active XV Petrol,25000,Petrol,Manual,1,2018,2179,5,4 Lakh,400000
Tata Indigo LX BSIV,100000,Diesel,Manual,1,2012,1997,5,1.85 Lakh,185000
Mercedes-Benz GLC Coupe 300d 4MATIC,24900,Diesel,Automatic,1,2021,1498,7,71.50 Lakh,7150000
Mahindra Scorpio 1.99 S10 4WD,70000,Diesel,Manual,1,2015,1120,5,10 Lakh,1000000
Maruti 800 AC,70000,Petrol,Manual,1,2014,999,7,2 Lakh,200000
Mahindra Scorpio 2.6 CRDe,100000,Diesel,Manual,2,2006,4461,8,3.50 Lakh,350000
Jaguar XF 2.0 Petrol Prestige,7500,Petrol,Automatic,1,2020,1248,5,47 Lakh,4700000
Mahindra Bolero B4,110000,Diesel,Manual,1,2020,2982,5,5.80 Lakh,580000
Hyundai Xcent 1.1 CRDi Base,70000,Diesel,Manual,2,2015,2494,5,3.10 Lakh,310000
Renault Kiger RXZ,35000,Petrol,Manual,1,2021,1993,5,7.50 Lakh,750000
Toyota Land Cruiser VX,56000,Diesel,Automatic,1,2018,1199,5,1.58 Crore,15800000
Maruti Swift Dzire ZDI,74200,Diesel,Manual,2,2017,1047,5,5.35 Lakh,535000
Toyota Fortuner 4x2 Manual,120000,Diesel,Manual,2,2016,998,5,15 Lakh,1500000
Toyota Innova 2.5 EV Diesel MS 8 Str BSIII,169000,Diesel,Manual,3,2007,2925,7,3 Lakh,300000
Mercedes-Benz C-Class C 220d,4000,Diesel,Automatic,1,2022,796,7,62 Lakh,6200000
Volkswagen Polo Diesel Trendline 1.2L,90000,Diesel,Manual,3,2010,1086,5,1.30 Lakh,130000
Tata Tiago 1.05 Revotorq XT,120000,Diesel,Manual,1,2017,1461,5,3 Lakh,300000
Maruti A-Star Lxi,70000,Petrol,Manual,2,2009,2925,5,1.15 Lakh,115000
Mercedes-Benz S-Class S 350 d,13000,Diesel,Automatic,2,2014,814,5,47.75 Lakh,4775000
Maruti Alto LXI,70000,Petrol,Manual,3,2004,1582,5,"70,000",70000
Hyundai Santro Xing XG AT eRLX Euro III,60000,Petrol,Automatic,4,2004,1197,4,"90,000",90000
Renault Lodgy 110PS RxZ 7 Seater,110000,Diesel,Manual,3,2015,2993,5,4.50 Lakh,450000
Mercedes-Benz GLS 400d 4MATIC,15000,Diesel,Automatic,2,2020,1197,7,1.17 Crore,11700000
Hyundai EON D Lite,30000,Petrol,Manual,1,2013,796,5,1.75 Lakh,175000
Hyundai Verna 1.6 CRDi SX,115000,Diesel,Manual,2,2015,796,7,7 Lakh,700000
Maruti Baleno Delta,15000,Petrol,Manual,1,2019,2967,5,6.50 Lakh,650000
BMW X5 xDrive 30d xLine,25000,Diesel,Automatic,1,2020,1396,7,83 Lakh,8300000
Maruti Ignis 1.2 AMT Zeta BSIV,80000,Petrol,Automatic,1,2018,2523,5,5 Lakh,500000
Maruti 800 Std BSII,29000,Petrol,Manual,1,2002,1197,7,"84,000",84000
Maruti Alto 800 VXI,70000,Petrol,Manual,1,2019,2987,5,3 Lakh,300000
Audi Q7 45 TDI Quattro Technology,65000,Diesel,Automatic,1,2017,999,7,46 Lakh,4600000
Hyundai i20 1.4 Asta CRDi with AVN,110000,Diesel,Manual,4,2009,2523,5,2 Lakh,200000
Mahindra Bolero SLX,100000,Diesel,Manual,4,2012,1995,5,3.40 Lakh,340000
Maruti Baleno 1.2 Alpha,60000,Petrol,Manual,1,2018,2494,5,5.50 Lakh,550000
Mercedes-Benz GLS 350d Grand Edition,45000,Diesel,Automatic,2,2016,1248,5,59.50 Lakh,5950000
Volkswagen Taigun 1.0 TSI Topline,5000,Petrol,Manual,1,2022,1396,5,13 Lakh,1300000
Mahindra Bolero ZLX,60000,Diesel,Manual,2,2014,2143,5,4.70 Lakh,470000
BMW 5 Series 520d Luxury Line,29000,Diesel,Automatic,1,2019,1396,5,48 Lakh,4800000
Toyota Innova 2.5 E 7 STR,200000,Diesel,Manual,2,2012,1405,5,4.25 Lakh,425000
Maruti Swift VDI BSIV,110000,Diesel,Manual,1,2015,1498,5,3.50 Lakh,350000
Tata Indigo LX BSIV,120000,Diesel,Manual,1,2015,1950,5,2.40 Lakh,240000
Mercedes-Benz GLE 250d,45000,Diesel,Automatic,1,2019,2925,5,56 Lakh,5600000
Tata Indigo GLX,25000,Petrol,Manual,1,2009,1968,7,1.15 Lakh,115000
Tata Indigo LX,80000,Diesel,Manual,2,2006,998,5,"70,000",70000
Ford Ecosport 1.5 Diesel Titanium BSIV,70000,Diesel,Manual,1,2018,2995,5,6.50 Lakh,650000
Mercedes-Benz C-Class Progressive C 200,11000,Petrol,Automatic,1,2021,1493,5,47.90 Lakh,4790000
Mercedes-Benz GLE 400d,12000,Diesel,Automatic,1,2021,1598,5,1.04 Crore,10400000
Audi A6 35 TDI,40000,Diesel,Automatic,2,2016,998,5,24.90 Lakh,2490000
Maruti Wagon R VXI,7500,Petrol,Manual,1,2021,1998,5,5.21 Lakh,521000
Land Rover Range Rover 3.0 Petrol LWB Vogue BSIV,40000,Petrol,Automatic,1,2019,796,5,1.92 Crore,19200000
Mahindra Bolero Power Plus SLX,50000,Diesel,Manual,1,2018,1248,7,6 Lakh,600000
Volkswagen Vento Diesel Highline,80000,Diesel,Manual,2,2010,1998,5,2.50 Lakh,250000
Maruti Celerio VXI,40000,Petrol,Manual,1,2017,1995,5,3.46 Lakh,346000
Volvo XC60 B5 Inscripition,7000,Petrol,Automatic,1,2022,1493,5,68.50 Lakh,6850000
Maruti 800 DUO AC LPG,60000,Lpg,Manual,3,2010,1799,7,"70,000",70000
Maruti Swift VDI Optional,40000,Diesel,Manual,1,2018,1197,5,6 Lakh,600000
Chevrolet Cruze LTZ,70000,Diesel,Manual,4,2013,2987,5,2 Lakh,200000
BMW X1 sDrive 20d xLine,25000,Diesel,Automatic,1,2019,999,5,30 Lakh,3000000
Mahindra TUV 300 T6 Plus,120000,Diesel,Manual,1,2016,1298,5,4.90 Lakh,490000
Honda Civic 1.8 S MT,100000,Petrol,Manual,3,2011,1198,5,2 Lakh,200000
Hyundai i10 Magna,50000,Petrol,Manual,1,2009,2143,5,1.50 Lakh,150000
Maserati Ghibli Diesel BSIV,12000,Diesel,Automatic,1,2016,796,5,66 Lakh,6600000
Renault Triber RXZ BSIV,25000,Petrol,Manual,1,2019,1248,5,5.50 Lakh,550000
Maruti Esteem Lxi,20000,Petrol,Manual,1,2007,1396,5,1.20 Lakh,120000
Honda Amaze E i-Vtech,80000,Petrol,Manual,4,2016,2967,5,2.60 Lakh,260000
Mercedes-Benz C-Class C 220 CDI Avantgarde,37000,Diesel,Automatic,2,2015,1248,5,21.50 Lakh,2150000
Maruti Alto LXi,80000,Petrol,Manual,1,2012,1197,5,1.61 Lakh,161000
Maruti Swift Ldi BSIII,120000,Diesel,Manual,2,2010,796,5,2 Lakh,200000
Tata Indica eV2 eL,90000,Diesel,Manual,2,2011,1991,7,"75,000",75000
Porsche Cayenne Diesel Platinum Edition,50000,Diesel,Automatic,1,2016,1499,5,58 Lakh,5800000
Maruti Swift VDI,80000,Diesel,Manual,2,2013,1396,5,3 Lakh,300000
Hyundai i20 1.2 Magna,120000,Petrol,Manual,2,2011,2179,5,2 Lakh,200000
Maruti Omni MPI STD BSIV,10000,Petrol,Manual,1,2018,1997,5,2.50 Lakh,250000
Mercedes-Benz E-Class Exclusive E 200,8900,Petrol,Automatic,1,2021,1298,5,67 Lakh,6700000
Ford Aspire Titanium Plus Diesel,15000,Diesel,Manual,1,2021,1197,7,8.50 Lakh,850000
Hyundai i20 Active 1.4 SX,100000,Diesel,Manual,2,2015,796,5,4.50 Lakh,450000
Mahindra XUV500 W6 2WD,70000,Diesel,Manual,2,2014,1950,5,7 Lakh,700000
Land Rover Range Rover Sport 2.0 Petrol HSE,19500,Petrol,Automatic,1,2020,2609,7,1.14 Crore,11400000
Maruti Swift Dzire VXi,85000,Petrol,Manual,1,2009,1248,5,3 Lakh,300000
Maruti Swift VXI 2018,43000,Petrol,Manual,1,2019,1248,5,5.45 Lakh,545000
Maruti Alto LX,70000,Petrol,Manual,1,2010,4461,8,1 Lakh,100000
Mercedes-Benz C-Class Progressive C 200,28000,Petrol,Automatic,1,2019,796,5,42.50 Lakh,4250000
Mahindra Scorpio 2.6 CRDe SLE,90000,Diesel,Manual,2,2009,1199,5,3.10 Lakh,310000
Maruti Swift VDI BSIV,128000,Diesel,Manual,4,2008,2179,5,1.70 Lakh,170000
Maruti Vitara Brezza ZDi Plus,80000,Diesel,Manual,2,2017,1998,5,6.95 Lakh,695000
Toyota Land Cruiser VX,27000,Diesel,Automatic,1,2019,1199,4,1.69 Crore,16900000
Maruti Alto 800 LXI,50000,Petrol,Manual,2,2017,1198,5,2.50 Lakh,250000
Tata Tiago 1.2 Revotron XZ,40000,Petrol,Manual,1,2019,1120,5,4.54 Lakh,454000
Mahindra Scorpio 2.6 SLX CRDe,80000,Diesel,Manual,1,2006,1998,5,1.10 Lakh,110000
BMW X1 sDrive20i xLine,10000,Petrol,Automatic,1,2021,1493,5,40 Lakh,4000000
Tata Altroz XM plus,30000,Petrol,Manual,1,2021,1248,5,7 Lakh,700000
Datsun GO A,110000,Petrol,Manual,2,2017,796,5,2.70 Lakh,270000
Hyundai Xcent 1.1 CRDi S,90000,Diesel,Manual,2,2014,2400,5,2.90 Lakh,290000
Mini 3 DOOR John Cooper Works 2019-2020,40000,Petrol,Automatic,2,2017,1197,7,34.50 Lakh,3450000
Hyundai Venue SX Opt Diesel,60000,Diesel,Manual,1,2020,1197,5,9.50 Lakh,950000
Maruti Vitara Brezza ZDi Plus,80000,Diesel,Manual,3,2017,1197,5,7 Lakh,700000
Maruti Alto LXi,110000,Petrol,Manual,2,2009,1999,5,1.20 Lakh,120000
Volvo XC60 D5 Inscription,34000,Diesel,Automatic,1,2019,1299,5,54.50 Lakh,5450000
Maruti Swift Dzire VXI,35000,Petrol,Manual,1,2021,998,5,6.50 Lakh,650000
Toyota Etios Cross 1.2L G,60000,Petrol,Manual,1,2019,1086,5,5.50 Lakh,550000
Hyundai Grand i10 Sportz,90000,Petrol,Manual,1,2017,1086,5,4 Lakh,400000
Land Rover Discovery Sport TD4 HSE 7S,38000,Diesel,Automatic,1,2020,999,5,48.75 Lakh,4875000
Ford Ikon 1.3 Flair,45000,Petrol,Manual,2,2007,998,5,"50,000",50000
Maruti Wagon R LXI,120000,Petrol,Manual,1,2005,1248,5,"75,000",75000
Hyundai Santro Xing GL,70000,Petrol,Manual,2,2010,2925,5,1.05 Lakh,105000
Hyundai i10 Sportz 1.1L,111408,Petrol,Manual,1,2011,814,5,1.80 Lakh,180000
Ford Ecosport 1.0 Ecoboost Titanium,70000,Petrol,Manual,2,2013,796,5,3.13 Lakh,313000
Maruti Celerio VXI,80000,Petrol,Manual,3,2015,999,7,2.05 Lakh,205000
Maruti Vitara Brezza ZDi Plus Dual Tone,80000,Diesel,Manual,1,2017,1197,5,6.80 Lakh,680000
Mercedes-Benz S-Class S 350d,1400,Diesel,Automatic,1,2022,1493,5,1.77 Crore,17700000
Hyundai EON Magna Plus,60000,Petrol,Manual,2,2014,1462,7,1.95 Lakh,195000
Maruti Alto LXi BSIII,80000,Petrol,Manual,4,2008,1196,5,"80,000",80000
Renault KWID Climber 1.0 AMT,15000,Petrol,Automatic,1,2019,1396,5,3 Lakh,300000
Hyundai Xcent 1.2 VTVT S,90000,Petrol,Manual,1,2019,2179,5,4.65 Lakh,465000
Hyundai Creta E Diesel,56040,Diesel,Manual,1,2020,1086,5,10.85 Lakh,1085000
Maruti Ertiga VXI,69305,Petrol,Manual,1,2021,1248,7,8.49 Lakh,849000
Ford Figo Petrol Titanium,66974,Petrol,Manual,3,2014,1396,5,2.35 Lakh,235000
Tata Indigo LX BSIV,227904,Diesel,Manual,1,2014,796,7,1.40 Lakh,140000
Mahindra Scorpio S11,40670,Diesel,Manual,1,2021,2179,5,17.11 Lakh,1711000
Hyundai Santro Magna,17535,Petrol,Manual,1,2020,1248,5,4.36 Lakh,436000
Maruti SX4 S Cross Zeta DDiS 200 SH,80243,Diesel,Manual,2,2018,2982,5,7.50 Lakh,750000
Tata Indigo VX BSIV,61549,Diesel,Manual,1,2014,1198,5,2.02 Lakh,202000
Maruti Alto 800 LXI,89345,Petrol,Manual,2,2014,1198,5,1.70 Lakh,170000
Mahindra Scorpio S9 BSIV,95790,Diesel,Manual,1,2019,1799,8,13.03 Lakh,1303000
Maruti Swift VDI BSIV,77173,Diesel,Manual,1,2015,1198,5,4.25 Lakh,425000
Toyota Fortuner 4x4 MT,169917,Diesel,Manual,2,2013,1086,5,11.75 Lakh,1175000
Honda Brio VX,46224,Petrol,Manual,1,2015,2494,5,3.37 Lakh,337000
Nissan Micra Active XV,23947,Petrol,Manual,1,2017,1197,5,3.96 Lakh,396000
Honda Civic 1.8 V MT,50546,Petrol,Manual,2,2008,1172,5,1.80 Lakh,180000
Honda Amaze S i-Vtech,61229,Petrol,Manual,1,2015,999,5,3.20 Lakh,320000
Hyundai i10 Magna LPG,85122,Lpg,Manual,3,2011,1120,5,1.76 Lakh,176000
Toyota Innova 2.5 GX (Diesel) 8 Seater BS IV,46286,Diesel,Manual,1,2014,814,5,7.18 Lakh,718000
Maruti Baleno Sigma,8110,Petrol,Manual,1,2020,1086,5,5.87 Lakh,587000
Fiat Grande Punto EVO 1.2 Active,64712,Petrol,Manual,2,2015,998,5,2.18 Lakh,218000
Renault KWID Climber 1.0 AMT,52698,Petrol,Automatic,1,2017,799,5,2.97 Lakh,297000
Hyundai Grand i10 CRDi Sportz,120797,Diesel,Manual,2,2016,1462,5,2.90 Lakh,290000
Hyundai EON Era Plus Option,39109,Petrol,Manual,1,2017,796,7,2.68 Lakh,268000
Hyundai i10 Era 1.1,21046,Petrol,Manual,1,2009,1364,5,1.49 Lakh,149000
Maruti Wagon R VXI BS IV,34794,Petrol,Manual,1,2014,1498,5,2.63 Lakh,263000
Renault KWID RXT Optional,33614,Petrol,Manual,1,2018,2179,7,3.05 Lakh,305000
Maruti Ciaz Zeta,9630,Petrol,Manual,1,2022,1248,5,9.50 Lakh,950000
Maruti Alto LXi,72153,Petrol,Manual,3,2011,1956,5,1.10 Lakh,110000
Toyota Platinum Etios 1.4 GD,78172,Diesel,Manual,1,2019,1462,5,5.65 Lakh,565000
Honda City i-DTEC V,64313,Diesel,Manual,1,2018,1364,5,7.92 Lakh,792000
Mahindra XUV500 W11 BSIV,74787,Diesel,Manual,1,2020,1248,5,15.62 Lakh,1562000
Maruti Swift Dzire ZDI Plus,92045,Diesel,Manual,1,2019,998,5,6.71 Lakh,671000
Jeep Compass 2.0 Limited,48259,Diesel,Manual,3,2018,814,4,12.03 Lakh,1203000
Maruti Ertiga VXI Petrol,21197,Petrol,Manual,1,2019,1497,7,7.41 Lakh,741000
Toyota Etios VD,13814,Diesel,Manual,1,2012,1451,5,3.40 Lakh,340000
Maruti Baleno 1.3 Delta,85890,Diesel,Manual,1,2015,624,5,4.54 Lakh,454000
Maruti Wagon R LXI BS IV,101935,Petrol,Manual,1,2010,999,5,1.33 Lakh,133000
Hyundai EON Era Plus,26012,Petrol,Manual,1,2018,1497,7,2.83 Lakh,283000
Honda City V MT,117699,Petrol,Manual,2,2012,1197,7,3.13 Lakh,313000
MG Hector Hybrid Sharp MT,31437,Petrol,Manual,2,2021,999,7,18.07 Lakh,1807000
Tata Nano Twist XTA,14458,Petrol,Automatic,1,2015,2494,5,1.44 Lakh,144000
Renault Triber RXL BSIV,55744,Petrol,Manual,1,2019,2179,5,5.02 Lakh,502000
Honda City i VTEC SV,10411,Petrol,Manual,1,2015,1198,5,5.45 Lakh,545000
Maruti Swift Dzire VXI 1.2,43627,Petrol,Manual,1,2019,1197,7,6.11 Lakh,611000
Renault KWID 1.0 RXT Optional AT 2016-2019,31306,Petrol,Automatic,1,2017,1995,5,2.35 Lakh,235000
Toyota Innova 2.5 GX (Diesel) 7 Seater BS IV,308768,Diesel,Manual,2,2015,1197,5,6.53 Lakh,653000
Mahindra XUV500 W7 AT BSIV,55209,Diesel,Automatic,1,2018,1462,5,12.35 Lakh,1235000
Datsun GO Plus T BSIV,18732,Petrol,Manual,1,2017,1198,5,3.04 Lakh,304000
Hyundai Grand i10 Nios Sportz CNG,30273,Cng,Manual,1,2021,1197,5,7.41 Lakh,741000
BMW X4 M Sport X xDrive20d,29000,Diesel,Automatic,1,2019,1591,5,56.50 Lakh,5650000
Hyundai Grand i10 1.2 Kappa Sportz BSIV,47841,Petrol,Manual,1,2018,1248,5,4.62 Lakh,462000
Maruti Ertiga VXI,3707,Petrol,Manual,1,2020,999,5,8.49 Lakh,849000
Honda Amaze S i-Vtech,104596,Petrol,Manual,1,2016,1248,7,3.79 Lakh,379000
Hyundai i10 Sportz,60162,Petrol,Manual,1,2013,799,5,2.63 Lakh,263000
Hyundai Creta 1.6 Gamma SX Plus,72434,Petrol,Manual,1,2015,998,5,7.80 Lakh,780000
Maruti Swift VDI,96906,Diesel,Manual,3,2012,2755,5,2.70 Lakh,270000
Renault KWID 1.0 RXT AMT Opt,4603,Petrol,Automatic,1,2020,1497,5,4.45 Lakh,445000
Maruti Swift VDI BSIV,63740,Diesel,Manual,2,2014,1396,5,3.70 Lakh,370000
Renault KWID RXT,53827,Petrol,Manual,1,2016,1197,5,2.49 Lakh,249000
Kia Sonet HTX Turbo iMT,13997,Petrol,Manual,1,2021,1299,7,10.37 Lakh,1037000
Toyota Fortuner 2.8 2WD MT BSIV,120949,Diesel,Manual,2,2017,1248,5,19.80 Lakh,1980000
Honda City i VTEC V,42189,Petrol,Manual,1,2017,1086,5,6.44 Lakh,644000
Hyundai i20 1.4 CRDi Sportz,34341,Diesel,Manual,1,2012,1493,6,2.83 Lakh,283000
Hyundai Grand i10 Nios Sportz,18881,Petrol,Manual,1,2020,993,5,6.59 Lakh,659000
Ford Ikon 1.3 CLXi,127335,Petrol,Manual,2,2009,1248,5,"72,494",72494
Maruti Vitara Brezza VDi,26201,Diesel,Manual,1,2019,1462,7,7.50 Lakh,750000
Hyundai i10 Sportz 1.1L,107263,Petrol,Manual,1,2014,998,5,2.48 Lakh,248000
Mahindra Bolero Power Plus SLX,58245,Diesel,Manual,1,2017,1499,7,6.13 Lakh,613000
Maruti Zen LXI,142740,Petrol,Manual,2,2006,2755,5,"50,718",50718
Maruti Swift VDI BSIV,51755,Diesel,Manual,1,2015,1193,7,4.25 Lakh,425000
Maruti XL6 Zeta,84284,Petrol,Manual,1,2020,2179,5,9.54 Lakh,954000
Maruti Wagon R LXI BS IV,94087,Petrol,Manual,1,2015,998,5,2.76 Lakh,276000
Ford Fiesta Petrol Titanium,56292,Petrol,Manual,1,2011,2393,5,2.78 Lakh,278000
Toyota Fortuner 2.8 2WD MT,91604,Diesel,Manual,2,2020,2179,5,29.32 Lakh,2932000
Tata Zest Revotron 1.2 XT,56290,Petrol,Manual,1,2015,1248,5,2.66 Lakh,266000
Mahindra XUV500 W8 2WD,41086,Diesel,Manual,4,2015,1364,7,6.01 Lakh,601000
Maruti Alto K10 VXI,38137,Petrol,Manual,1,2016,1197,5,2.60 Lakh,260000
Toyota Innova Crysta 2.4 GX 7 STR AT,11724,Diesel,Automatic,1,2022,1120,5,22.16 Lakh,2216000
Tata Safari Storme LX,111023,Diesel,Manual,4,2016,2198,5,5.29 Lakh,529000
Chevrolet Sail Hatchback LS ABS,63936,Diesel,Manual,1,2013,1461,5,2.54 Lakh,254000
Toyota Etios GD,229289,Diesel,Manual,1,2013,1497,5,2.96 Lakh,296000
Hyundai i20 1.2 Asta,21292,Petrol,Manual,1,2017,1396,5,5.63 Lakh,563000
Hyundai Grand i10 CRDi Magna,99561,Diesel,Manual,1,2016,1193,5,3.48 Lakh,348000
Ford Endeavour 2.2 Trend AT 4X2,103066,Diesel,Automatic,2,2016,998,5,13.38 Lakh,1338000
Renault Duster 110PS Diesel RxL,102141,Diesel,Manual,2,2014,1498,5,3.62 Lakh,362000
Ford Ecosport 1.5 Petrol Titanium BSIV,49320,Petrol,Manual,1,2017,796,5,6.35 Lakh,635000
Tata Indigo LX BSIV,43239,Diesel,Manual,1,2015,1497,5,1.72 Lakh,172000
Tata Indigo Emax CNG GLS,112051,Cng,Manual,1,2017,1199,5,2.47 Lakh,247000
Maruti Celerio ZXI AMT BSIV,7999,Petrol,Automatic,2,2017,5461,4,3.46 Lakh,346000
Ford Ecosport 1.5 DV5 MT Trend,86269,Diesel,Manual,1,2013,1197,5,3.81 Lakh,381000
Maruti Alto LXi BSIII,15166,Petrol,Manual,1,2010,3996,5,1.20 Lakh,120000
Tata Tigor EV XM,25882,Electric,Automatic,1,2019,1582,5,6.31 Lakh,631000
Honda City 1.5 S AT,57209,Petrol,Automatic,1,2009,1950,5,2.69 Lakh,269000
Volkswagen CrossPolo 1.2 TDI,94848,Diesel,Manual,3,2013,1061,5,3.38 Lakh,338000
Mercedes-Benz G G63 AMG,47000,Petrol,Automatic,2,2017,1950,5,1.52 Crore,15200000
Hyundai Xcent 1.2 VTVT S,9669,Petrol,Manual,1,2018,1956,5,4.79 Lakh,479000
Porsche Panamera GTS,10000,Petrol,Automatic,1,2019,1061,5,1.75 Crore,17500000
Hyundai Verna 1.6 SX,111246,Diesel,Manual,3,2014,1991,5,4.11 Lakh,411000
Mercedes-Benz E-Class Exclusive E 220 d BSIV,44000,Diesel,Automatic,1,2017,1396,7,44 Lakh,4400000
Maruti Wagon R VXI Minor,55118,Petrol,Manual,1,2010,1197,5,1.43 Lakh,143000
Mercedes-Benz E-Class Exclusive E 220 d BSIV,39000,Diesel,Automatic,1,2017,2393,5,43.50 Lakh,4350000
Tata Harrier XT plus Dark Edition,128924,Diesel,Manual,1,2021,1197,5,11.91 Lakh,1191000
Maruti Wagon R LX Minor,55842,Petrol,Manual,1,2010,998,5,1.06 Lakh,106000
Mercedes-Benz GLC 200,32000,Petrol,Automatic,1,2020,1582,5,56.50 Lakh,5650000
Hyundai i20 1.4 CRDi Asta,96732,Diesel,Manual,1,2012,1493,5,2.85 Lakh,285000
Hyundai Grand i10 Asta,38370,Petrol,Manual,1,2014,1248,5,3.33 Lakh,333000
Toyota Innova Crysta 2.4 G MT BSIV,126401,Diesel,Manual,2,2017,998,5,9.06 Lakh,906000
Hyundai i20 Active 1.2 S,44357,Petrol,Manual,2,2017,1197,7,5.14 Lakh,514000
Maruti Wagon R LXI BS IV,60545,Petrol,Manual,1,2013,1120,5,2.23 Lakh,223000
Hyundai Verna 1.6 SX,132004,Diesel,Manual,3,2012,2179,5,3.17 Lakh,317000
Kia Seltos HTK Plus D,7000,Diesel,Manual,1,2021,1248,8,13.25 Lakh,1325000
Maruti Vitara Brezza ZDi,36096,Diesel,Manual,1,2019,1197,5,8.05 Lakh,805000
Maruti Wagon R VXI,9264,Petrol,Manual,1,2021,2494,5,5.23 Lakh,523000
Hyundai Grand i10 Asta Option,112870,Petrol,Manual,1,2013,1198,8,2.58 Lakh,258000
Hyundai Xcent 1.1 CRDi S,56522,Diesel,Manual,2,2014,998,5,2.97 Lakh,297000
Mahindra Scorpio S11 BSIV,74206,Diesel,Manual,1,2018,2393,5,12.51 Lakh,1251000
Maruti Swift Dzire VDI,70000,Diesel,Manual,1,2018,1047,5,6.65 Lakh,665000
Hyundai i20 1.2 Asta Option,50924,Petrol,Manual,2,2018,1197,5,5.63 Lakh,563000
Toyota Innova 2.5 GX (Diesel) 8 Seater BS IV,55681,Diesel,Manual,1,2015,998,5,7.74 Lakh,774000
Tata Nexon 1.2 Revotron XM,13308,Petrol,Manual,1,2019,998,7,6.46 Lakh,646000
Maruti Zen Estilo LXI BS IV,27420,Petrol,Manual,1,2011,1248,5,1.67 Lakh,167000
Toyota Innova Crysta 2.4 VX MT 8S BSIV,143696,Diesel,Manual,1,2018,1999,4,15.05 Lakh,1505000
Tata Tiago 1.05 Revotorq XT,117792,Diesel,Manual,1,2017,2995,6,3.74 Lakh,374000
Maruti Swift Dzire AMT VXI,47131,Petrol,Automatic,1,2017,1991,5,5.19 Lakh,519000
Maruti Wagon R LXI CNG,104155,Cng,Manual,1,2012,1950,8,1.95 Lakh,195000
Maruti A-Star Lxi,54573,Petrol,Manual,1,2011,1498,5,1.60 Lakh,160000
Maruti Baleno 1.3 Zeta,84143,Diesel,Manual,3,2019,2494,7,5.88 Lakh,588000
Land Rover Discovery Sport TD4 HSE Luxury,46000,Diesel,Automatic,1,2019,1199,5,48 Lakh,4800000
Audi Q8 55 TFSI Quattro,28000,Petrol,Automatic,1,2021,4134,5,1.02 Crore,10200000
Mercedes-Benz C-Class C300 Cabriolet,30000,Petrol,Automatic,1,2019,998,5,68 Lakh,6800000
Mercedes-Benz V-Class Exclusive,47000,Diesel,Automatic,2,2019,1197,5,59 Lakh,5900000
Ford Ecosport Titanium Diesel,46029,Diesel,Manual,1,2021,1396,7,7.35 Lakh,735000
Toyota Innova 2.5 GX (Diesel) 8 Seater BS IV,205479,Diesel,Manual,2,2016,1248,5,7.80 Lakh,780000
Tata Nexon XMA AMT S,39353,Petrol,Automatic,1,2020,2755,7,9.99 Lakh,999000
Audi Q7 4.2 TDI quattro,80087,Diesel,Automatic,3,2011,1950,5,17.26 Lakh,1726000
Kia Sonet HTX Turbo iMT,14067,Petrol,Manual,1,2021,1462,5,10.62 Lakh,1062000
Maruti Baleno Delta,13341,Petrol,Manual,1,2021,1197,5,6.69 Lakh,669000
Hyundai i20 Active 1.4 SX,59326,Diesel,Manual,2,2017,1798,5,5.74 Lakh,574000
Maruti Swift VDI BSIV,71093,Diesel,Manual,1,2014,1197,5,3.51 Lakh,351000
Toyota Fortuner 2.8 4WD AT BSIV,94000,Diesel,Automatic,1,2018,796,7,32 Lakh,3200000
Mercedes-Benz E-Class Exclusive E 220d,13000,Diesel,Automatic,1,2021,1956,5,74.75 Lakh,7475000
Maruti Ertiga ZXI Plus,29267,Petrol,Manual,1,2019,2179,5,9.46 Lakh,946000
Maruti Swift Dzire AMT VXI,9695,Petrol,Automatic,1,2019,1199,5,7.16 Lakh,716000
Toyota Corolla Altis G MT,49470,Petrol,Manual,1,2016,1956,5,8.83 Lakh,883000
Volkswagen Vento 1.2 TSI Highline AT,27334,Petrol,Automatic,1,2016,1186,5,7.31 Lakh,731000
Maruti Alto 800 LXI,35275,Petrol,Manual,1,2016,1497,5,2.68 Lakh,268000
Jeep Compass 2.0 Limited Plus AT,32365,Diesel,Automatic,1,2020,1497,5,22.13 Lakh,2213000
Tata Hexa XT,57366,Diesel,Manual,1,2017,1199,5,10.21 Lakh,1021000
Tata Altroz XZ,30972,Petrol,Manual,1,2020,1956,7,7.30 Lakh,730000
Jeep Compass 2.0 Sport,63641,Diesel,Manual,2,2018,1248,7,11.78 Lakh,1178000
Hyundai Grand i10 1.2 CRDi Sportz,36171,Diesel,Manual,1,2018,2179,6,5.20 Lakh,520000
Honda City i-VTEC CVT ZX,33851,Petrol,Automatic,1,2017,1373,5,9.50 Lakh,950000
Honda City i VTEC V,73414,Petrol,Manual,1,2015,1198,5,6.08 Lakh,608000
Tata Tiago 1.2 Revotron XZ,65938,Petrol,Manual,1,2017,796,5,4.31 Lakh,431000
MG Hector Sharp Diesel MT,27122,Diesel,Manual,1,2020,1461,7,17.30 Lakh,1730000
Maruti Baleno 1.3 Zeta,73994,Diesel,Manual,2,2017,1497,5,5.55 Lakh,555000
Tata Safari Storme VX Varicor 400,65779,Diesel,Manual,1,2016,1493,5,7.69 Lakh,769000
Maruti Ertiga BSIV ZXI,51239,Petrol,Manual,1,2018,1396,5,7.86 Lakh,786000
Mahindra KUV 100 mFALCON G80 K4,70222,Petrol,Manual,1,2017,1086,5,3.66 Lakh,366000
Maruti Alto 800 VXI,3415,Petrol,Manual,1,2021,1086,7,4.12 Lakh,412000
Nissan Terrano XL Plus 85 PS,110000,Diesel,Manual,1,2014,1199,5,4.20 Lakh,420000
Honda City 1.5 S AT,80000,Petrol,Automatic,3,2008,2179,5,2 Lakh,200000
Mahindra Bolero Power Plus ZLX,150000,Diesel,Manual,1,2017,1199,5,6 Lakh,600000
Hyundai i20 Asta 1.4 CRDi,97000,Diesel,Manual,2,2015,1248,5,5.40 Lakh,540000
Hyundai i10 Era,80000,Petrol,Manual,3,2009,2967,7,2.25 Lakh,225000
Hyundai i10 Era,25000,Petrol,Manual,1,2011,1197,5,1.80 Lakh,180000
Volkswagen Polo Diesel Highline 1.2L,60000,Diesel,Manual,2,2012,2494,4,2.70 Lakh,270000
Tata New Safari Dicor EX 4X2 BS IV,80000,Diesel,Manual,1,2013,1396,5,3.25 Lakh,325000
Chevrolet Beat LS,100000,Petrol,Manual,2,2017,796,5,1.95 Lakh,195000
Maruti Swift Dzire VDI Optional,30000,Diesel,Manual,1,2015,2993,5,4.60 Lakh,460000
Porsche Cayenne Diesel,120000,Diesel,Automatic,2,2011,1248,5,22 Lakh,2200000
Maruti Swift VXI,110000,Petrol,Manual,4,2011,1197,5,2.10 Lakh,210000
Toyota Innova 2.5 VX (Diesel) 7 Seater,120000,Diesel,Manual,3,2013,1461,5,5.50 Lakh,550000
Tata Indica eV2 LS,110000,Diesel,Manual,1,2016,998,4,1.13 Lakh,113000
Maruti 800 Std,80000,Petrol,Manual,2,1999,1997,5,"35,000",35000
BMW X5 xDrive 30d Design Pure Experience 5 Seater,150000,Diesel,Automatic,1,2014,1997,5,20 Lakh,2000000
Maruti Swift Dzire VDI,80000,Diesel,Manual,3,2016,1248,5,5.60 Lakh,560000
Hyundai Xcent 1.2 VTVT E,10000,Petrol,Manual,1,2019,1582,5,3.94 Lakh,394000
Renault Duster 110PS Diesel RxL,120000,Diesel,Manual,1,2015,1197,5,4 Lakh,400000
Maruti Wagon R VXI,5000,Petrol,Manual,1,2022,1248,5,5.60 Lakh,560000
BMW 5 Series 520i,90000,Petrol,Automatic,2,2012,1086,5,9 Lakh,900000
Mahindra Thar LX 4-Str Hard Top AT,20000,Petrol,Automatic,1,2020,1462,5,13.75 Lakh,1375000
Maruti Swift VDI BSIV W ABS,100000,Diesel,Manual,3,2010,1086,7,2.35 Lakh,235000
Hyundai Verna 1.6 SX,120000,Diesel,Manual,1,2013,2179,5,3.65 Lakh,365000
Honda City 1.5 GXI,90000,Petrol,Manual,4,2005,1193,5,1.30 Lakh,130000
Maruti Swift VXI,50000,Petrol,Manual,1,2017,1497,5,5.50 Lakh,550000
Maruti Ritz VDi,90000,Diesel,Manual,2,2014,1998,5,3 Lakh,300000
Hyundai Santro Magna,3700,Petrol,Manual,1,2021,1582,5,4 Lakh,400000
Maruti Ciaz Zeta,15000,Petrol,Manual,1,2020,1197,5,9 Lakh,900000
Hyundai Santro Era,20000,Petrol,Manual,1,2019,1798,5,4.25 Lakh,425000
Mahindra XUV500 W8 FWD,120000,Diesel,Manual,1,2013,1248,5,6.30 Lakh,630000
Tata Zest Revotron 1.2T XM,60000,Petrol,Manual,1,2016,1399,7,3.40 Lakh,340000
Honda City 1.5 S MT,60000,Petrol,Manual,3,2011,2982,7,2.55 Lakh,255000
Chevrolet Cruze LTZ,40000,Diesel,Manual,2,2016,2179,5,4.80 Lakh,480000
Hyundai Verna 1.6 CRDI,110000,Diesel,Manual,3,2011,998,5,2.90 Lakh,290000
Hyundai i10 Sportz,70000,Petrol,Manual,4,2011,1298,5,2.10 Lakh,210000
Skoda Superb 1.8 TSI MT,110000,Petrol,Manual,1,2011,796,5,3 Lakh,300000
Maruti Swift VDI BSIV,70000,Diesel,Manual,2,2010,1497,5,1.90 Lakh,190000
Ford Figo Diesel EXI,80000,Diesel,Manual,2,2011,1896,7,1 Lakh,100000
Toyota Fortuner 4x2 Manual,110000,Diesel,Manual,3,2015,2179,5,12.70 Lakh,1270000
Mahindra XUV500 W8 AWD,60000,Diesel,Manual,1,2013,1498,7,7 Lakh,700000
Maruti Alto K10 VXI,70000,Petrol,Manual,1,2016,1956,5,2.85 Lakh,285000
Maruti Esteem Vxi,120000,Petrol,Manual,2,2007,1591,5,"80,000",80000
Maruti Alto LX,15000,Petrol,Manual,1,2005,1461,5,"98,900",98900
Honda City 1.5 S Inspire,110000,Petrol,Manual,2,2009,796,7,2.13 Lakh,213000
Skoda New Laura Ambiente 1.9 PD,120000,Diesel,Manual,2,2007,2179,5,1.50 Lakh,150000
Tata Hexa XTA,80000,Diesel,Automatic,2,2018,1198,5,10.80 Lakh,1080000
Volkswagen Ameo 1.5 TDI Highline Plus 16,50000,Diesel,Manual,2,2018,1498,2,5.35 Lakh,535000
Tata New Safari XZ Plus,35000,Diesel,Manual,1,2021,2523,5,20.65 Lakh,2065000
Hyundai Verna VTVT 1.6 SX Option,60000,Petrol,Manual,1,2019,796,5,8.75 Lakh,875000
Nissan Micra Diesel XV,110000,Diesel,Manual,2,2013,2499,5,2.66 Lakh,266000
Maruti Alto LX,135000,Petrol,Manual,4,2009,1248,7,1.25 Lakh,125000
Mahindra XUV500 W8 FWD,90000,Diesel,Manual,2,2013,2523,5,5.25 Lakh,525000
Honda Brio S MT,67000,Petrol,Manual,2,2013,1298,5,2.70 Lakh,270000
Honda Amaze EX i-Dtech,90000,Diesel,Manual,3,2014,1396,5,2.50 Lakh,250000
Mahindra Bolero Pik Up Extra Long CBC 1.7T,300000,Diesel,Manual,1,2019,1197,5,6.90 Lakh,690000
Maruti Alto LXi BSIII,50000,Petrol,Manual,2,2008,1995,5,1.35 Lakh,135000
Isuzu D-Max S CAB,5000,Diesel,Manual,1,2022,1461,5,7.76 Lakh,776000
Maruti Swift Dzire VDI,100000,Diesel,Manual,2,2014,1198,5,4.25 Lakh,425000
Mahindra Bolero SLE,110000,Diesel,Manual,3,2011,998,5,3 Lakh,300000
Maruti Swift Dzire VXi,80000,Petrol,Manual,2,2009,1498,5,1.60 Lakh,160000
Hyundai Creta 1.4 CRDi Base,78000,Diesel,Manual,1,2017,1396,5,8 Lakh,800000
Maruti Swift VXi BSIV,90000,Petrol,Manual,3,2008,1586,5,1.20 Lakh,120000
BMW 3 Series 320d,100000,Diesel,Automatic,3,2007,998,5,3.75 Lakh,375000
Mahindra Verito Vibe 1.5 dCi D6,136000,Diesel,Manual,2,2013,1968,5,2 Lakh,200000
Honda CR-V MT With Sun Roof,136000,Petrol,Manual,3,2012,999,5,6.50 Lakh,650000
Maruti Alto K10 VXI,40000,Petrol,Manual,1,2018,1493,5,3.25 Lakh,325000
Volkswagen Polo 1.5 TDI Highline,110000,Diesel,Manual,1,2015,1197,5,3.65 Lakh,365000
Hyundai i20 Sportz 1.4 CRDi,70000,Diesel,Manual,3,2014,999,5,3.10 Lakh,310000
Maruti SX4 Zxi with Leather BSIII,90000,Petrol,Manual,2,2007,1061,5,1.20 Lakh,120000
Maruti Celerio VXI,60000,Petrol,Manual,1,2016,1995,5,3.35 Lakh,335000
Audi Q3 35 TDI Quattro Premium Plus,40000,Diesel,Automatic,4,2014,998,5,12.50 Lakh,1250000
Hyundai Santro GLS I - Euro II,147000,Petrol,Manual,1,2000,1248,5,"65,000",65000
Hyundai Creta SX Opt Knight Diesel AT DT,20000,Diesel,Automatic,1,2021,999,5,20 Lakh,2000000
Maruti Baleno Zeta,20000,Petrol,Manual,1,2021,1197,5,7.10 Lakh,710000
Renault KWID 1.0 RXT,35000,Petrol,Manual,1,2017,1956,5,2.70 Lakh,270000
Maruti Wagon R LXI BSIII,60000,Petrol,Manual,1,2005,1197,5,"95,000",95000
BMW X1 sDrive 18i,100000,Petrol,Automatic,2,2011,1197,5,8 Lakh,800000
Maruti Alto K10 VXI AMT,25000,Petrol,Automatic,2,2017,1248,5,3.50 Lakh,350000
Maruti Swift VDI BSIV,60000,Diesel,Manual,1,2015,1968,5,2.40 Lakh,240000
Renault KWID 1.0 RXT Optional AT 2016-2019,45095,Petrol,Automatic,1,2017,1248,5,3.09 Lakh,309000
Toyota Etios Liva G,30056,Petrol,Manual,2,2011,814,7,2.04 Lakh,204000
Tata Harrier XT,32638,Diesel,Manual,1,2021,2967,5,15.42 Lakh,1542000
Maruti Ignis Sigma,21513,Petrol,Manual,1,2020,1798,7,4.89 Lakh,489000
Maruti Swift Dzire VXI,55325,Petrol,Manual,1,2015,2179,5,3.87 Lakh,387000
Maruti Swift Dzire LDi,163043,Diesel,Manual,3,2009,1248,5,1.48 Lakh,148000
Audi A4 2.0 TDI,117180,Diesel,Automatic,3,2011,1956,7,7.60 Lakh,760000
Maruti Swift VDI BSIV,156932,Diesel,Manual,3,2014,2494,5,3.01 Lakh,301000
Hyundai EON Magna Plus,28508,Petrol,Manual,1,2013,1373,5,1.84 Lakh,184000
Audi Q7 3.0 TDI Quattro Premium Plus,86594,Diesel,Automatic,3,2009,1197,5,11.02 Lakh,1102000
Skoda Superb Elegance 1.8 TSI,61090,Petrol,Manual,2,2011,1497,5,5.11 Lakh,511000
Mahindra Scorpio SLE 7S BSIII,295392,Diesel,Manual,1,2011,1197,5,3.70 Lakh,370000
Maruti Swift LDI,84132,Diesel,Manual,1,2012,1582,7,2.50 Lakh,250000
Jeep Compass 2.0 Limited Option 4X4,99695,Diesel,Manual,1,2017,2393,5,11.25 Lakh,1125000
Toyota Innova 2.5 ZX Diesel 7 Seater,98234,Diesel,Manual,1,2014,1461,7,7.51 Lakh,751000
Maruti Ciaz VXi Plus,86523,Petrol,Manual,1,2016,1462,5,5.24 Lakh,524000
Hyundai i10 Sportz,76974,Petrol,Manual,2,2012,1498,7,2.27 Lakh,227000
Honda City 1.5 S MT,112308,Petrol,Manual,3,2008,2199,5,2.13 Lakh,213000
Maruti Swift Dzire VXI,42278,Petrol,Manual,1,2012,1451,5,2.92 Lakh,292000
Hyundai Creta 1.6 CRDi SX,65308,Diesel,Manual,1,2016,1248,7,8.29 Lakh,829000
Toyota Innova Crysta 2.4 ZX MT BSIV,83519,Diesel,Manual,1,2016,2499,7,14.99 Lakh,1499000
Renault Duster 110PS Diesel RxZ,133159,Diesel,Manual,1,2013,1997,5,3.52 Lakh,352000
Maruti Ertiga CNG VXI,55481,Cng,Manual,1,2020,998,7,9.06 Lakh,906000
MG Astor Super CVT,7046,Petrol,Automatic,1,2021,1493,5,12.27 Lakh,1227000
Kia Carnival Prestige,9762,Diesel,Automatic,1,2021,1248,5,28.21 Lakh,2821000
MG Hector Sharp DCT,12144,Petrol,Automatic,1,2021,1248,5,18.35 Lakh,1835000
Maruti SX4 S Cross Zeta DDiS 200 SH,117585,Diesel,Manual,1,2017,1120,5,6.86 Lakh,686000
Ford Endeavour 2.5L 4X2 MT,205129,Diesel,Manual,1,2014,1193,5,6.46 Lakh,646000
Mahindra Scorpio 1.99 S10,53076,Diesel,Manual,2,2016,1498,5,8.47 Lakh,847000
Maruti Celerio VXI CNG BSIV,84346,Cng,Manual,1,2018,1968,5,4.28 Lakh,428000
Mahindra TUV 300 T8,97865,Diesel,Manual,1,2015,814,5,5.01 Lakh,501000
Maruti Swift VDI BSIV,89807,Diesel,Manual,1,2010,1396,7,2.07 Lakh,207000
Maruti Swift Dzire VDI,99121,Diesel,Manual,3,2014,2199,5,3.27 Lakh,327000
Hyundai Grand i10 CRDi Magna,97497,Diesel,Manual,1,2016,1498,5,3.60 Lakh,360000
Tata Indigo GLX BS III,48863,Petrol,Manual,1,2010,1364,5,"90,316",90316
Honda City i DTEC E,133384,Diesel,Manual,1,2014,1582,5,4.28 Lakh,428000
Audi A6 35 TDI Technology,94235,Diesel,Automatic,3,2012,1248,5,10.59 Lakh,1059000
Hyundai EON Magna Plus,26995,Petrol,Manual,1,2015,1461,5,2.46 Lakh,246000
Hyundai i20 Asta 1.4 CRDi,93763,Diesel,Manual,1,2015,998,5,4.93 Lakh,493000
Hyundai Santa Fe 4WD AT,133491,Diesel,Automatic,3,2015,1197,5,9.38 Lakh,938000
Volkswagen Polo 1.5 TDI Highline,73323,Diesel,Manual,3,2015,799,5,3.74 Lakh,374000
Toyota Etios Liva GD,141059,Diesel,Manual,2,2015,1498,5,3.87 Lakh,387000
Hyundai Verna 1.6 CRDi EX MT,178989,Diesel,Manual,1,2011,1998,5,2.89 Lakh,289000
Maruti Swift Dzire VDI,129195,Diesel,Manual,1,2013,1968,5,3.68 Lakh,368000
Renault Duster 85PS Diesel RxL,73331,Diesel,Manual,2,2013,1248,5,3.16 Lakh,316000
Maruti Celerio VXI,75088,Petrol,Manual,1,2014,998,5,2.49 Lakh,249000
Hyundai Grand i10 Magna,60609,Petrol,Manual,1,2015,1995,5,3.23 Lakh,323000
Renault KWID RXE,48448,Petrol,Manual,1,2015,998,5,2.19 Lakh,219000
Ford Ecosport 1.5 DV5 MT Titanium Optional,112525,Diesel,Manual,1,2015,1956,7,5.33 Lakh,533000
Chevrolet Cruze LT,97095,Diesel,Manual,3,2012,2179,5,2.66 Lakh,266000
Audi A4 2.0 TDI,114450,Diesel,Automatic,3,2013,998,5,8.03 Lakh,803000
Maruti Swift VDI BSIV,177180,Diesel,Manual,3,2010,1497,5,1.62 Lakh,162000
Maruti Wagon R LXI CNG,122702,Cng,Manual,1,2016,1248,5,2.59 Lakh,259000
BMW 3 Series 320d,145228,Diesel,Automatic,1,2010,2993,5,5.19 Lakh,519000
Maruti Alto K10 2010-2014 VXI,11026,Petrol,Manual,1,2011,796,5,1.44 Lakh,144000
MG Hector Sharp Diesel MT,5216,Diesel,Manual,1,2022,1586,5,18.89 Lakh,1889000
Tata Sumo MKII GX BS IV,39732,Diesel,Manual,1,2011,1248,5,2.78 Lakh,278000
Maruti Alto K10 VXI,26360,Petrol,Manual,1,2019,1462,7,3.61 Lakh,361000
Honda City V MT AVN,55360,Petrol,Manual,1,2017,2179,5,7.25 Lakh,725000
Maruti Swift Dzire LDI,101417,Diesel,Manual,2,2015,1968,5,2.97 Lakh,297000
BMW 7 Series 730Ld,104033,Diesel,Automatic,3,2010,1498,5,12.97 Lakh,1297000
Maruti Alto LX,73411,Petrol,Manual,3,2011,1199,5,1.11 Lakh,111000
Maruti SX4 Zxi BSIII,19844,Petrol,Manual,1,2008,1498,5,2.10 Lakh,210000
Maruti Swift VDI,107497,Diesel,Manual,1,2012,1995,5,3.30 Lakh,330000
Maruti Ciaz Delta BSIV,86272,Petrol,Manual,1,2018,1582,5,6.26 Lakh,626000
Tata Hexa XT,82455,Diesel,Manual,2,2017,2143,5,8.86 Lakh,886000
Audi Q3 35 TDI Quattro Premium Plus,40996,Diesel,Automatic,1,2019,1462,5,25.48 Lakh,2548000
Honda Amaze SX i-DTEC,182628,Diesel,Manual,1,2016,1197,5,3.56 Lakh,356000
Volkswagen Polo Diesel Comfortline 1.2L,80615,Diesel,Manual,4,2011,1197,5,1.92 Lakh,192000
Honda City i DTEC VX,119391,Diesel,Manual,1,2015,1497,7,5.29 Lakh,529000
BMW 3 Series 320d Sport Line,169917,Diesel,Automatic,3,2012,2494,5,9.93 Lakh,993000
Hyundai Verna CRDi 1.6 AT SX Option,28235,Diesel,Automatic,2,2020,796,5,11.95 Lakh,1195000
Mercedes-Benz C-Class 220 CDI AT,86063,Diesel,Automatic,1,2014,1498,7,11.36 Lakh,1136000
Toyota Urban cruiser Premium AT,9711,Petrol,Automatic,1,2021,2393,5,10.72 Lakh,1072000
Maruti Swift VXI,108590,Petrol,Manual,1,2015,1197,5,3.62 Lakh,362000
Hyundai Grand i10 1.2 Kappa Sportz BSIV,51777,Petrol,Manual,1,2018,1197,5,4.66 Lakh,466000
Tata Nexon XM Diesel S,19909,Diesel,Manual,1,2021,1198,5,9.81 Lakh,981000
Toyota Innova 2.5 GX (Diesel) 7 Seater BS IV,119363,Diesel,Manual,2,2014,1197,5,6.31 Lakh,631000
Maruti Alto 800 LXI CNG,46001,Cng,Manual,1,2020,999,5,2.55 Lakh,255000
Honda City ZX CVT,2710,Petrol,Automatic,1,2022,1461,5,14.43 Lakh,1443000
Toyota Innova Crysta 2.4 VX MT BSIV,46471,Diesel,Manual,2,2020,1086,5,19.13 Lakh,1913000
Maruti Swift Dzire AMT ZXI Plus,45893,Petrol,Automatic,1,2020,1399,5,6.41 Lakh,641000
Maruti Baleno 1.2 Delta,78178,Petrol,Manual,1,2017,814,7,4.76 Lakh,476000
Honda Amaze E i-Vtech,89419,Petrol,Manual,2,2015,2179,7,3.45 Lakh,345000
Hyundai Grand i10 Sportz,31750,Petrol,Manual,1,2016,2179,5,3.93 Lakh,393000
Volkswagen Taigun 1.0 TSI Highline AT,5527,Petrol,Automatic,1,2021,1197,5,13.51 Lakh,1351000
Renault Duster 85PS Diesel RxL,101376,Diesel,Manual,1,2016,1248,5,5.10 Lakh,510000
Hyundai i10 Era 1.1,102437,Petrol,Manual,2,2008,1199,5,1.03 Lakh,103000
Ford Fiesta 1.4 SXi TDCi,153367,Diesel,Manual,2,2008,1498,5,1.41 Lakh,141000
Hyundai EON Magna Plus,92419,Petrol,Manual,2,2015,998,5,2.20 Lakh,220000
Mahindra XUV500 W6 2WD,93764,Diesel,Manual,2,2013,1498,5,4.63 Lakh,463000
Mahindra XUV500 W10 AWD,61137,Diesel,Manual,2,2015,1396,5,8.08 Lakh,808000
Maruti Baleno 1.2 Delta,21109,Petrol,Manual,1,2017,1498,5,4.82 Lakh,482000
Maruti Swift Dzire VDI,194803,Diesel,Manual,1,2012,1497,4,3.14 Lakh,314000
Tata Tiago 1.2 Revotron XM,28392,Petrol,Manual,1,2016,2184,5,3.34 Lakh,334000
Ford Figo 1.5D Trend MT,65892,Diesel,Manual,1,2018,998,5,4.36 Lakh,436000
Maruti Alto K10 VXI,13365,Petrol,Manual,1,2019,1396,5,3.54 Lakh,354000
Honda City i-DTEC VX,210870,Diesel,Manual,1,2017,1193,5,7.60 Lakh,760000
Hyundai i20 1.4 Sportz,80294,Diesel,Manual,1,2018,1497,5,6.11 Lakh,611000
Ford Ecosport 1.5 TDCi Titanium Plus BSIV,182108,Diesel,Manual,1,2015,1451,5,4.76 Lakh,476000
Kia Seltos HTK G,12721,Petrol,Manual,1,2020,1396,5,11.04 Lakh,1104000
Mahindra Thar LX 4-Str Hard Top Diesel,4486,Diesel,Manual,1,2022,1498,5,14.13 Lakh,1413000
Hyundai Venue SX Plus Turbo DCT BSIV,29707,Petrol,Automatic,1,2020,1197,5,10.73 Lakh,1073000
Hyundai i20 Active 1.4 S,47387,Diesel,Manual,3,2016,1197,8,5.27 Lakh,527000
Tata Zest Revotron 1.2 XT,112613,Petrol,Manual,1,2014,2393,6,2.36 Lakh,236000
Honda City i VTEC V,55802,Petrol,Manual,1,2017,1956,5,6.44 Lakh,644000
MG Hector Sharp CVT,11081,Petrol,Automatic,1,2021,1995,5,17.77 Lakh,1777000
Hyundai i20 1.4 Sportz,82177,Diesel,Manual,1,2018,1461,5,5.87 Lakh,587000
Honda City i DTEC SV,66357,Diesel,Manual,3,2014,1461,5,4.23 Lakh,423000
Hyundai i20 Magna,60228,Petrol,Manual,1,2010,998,5,1.86 Lakh,186000
Hyundai Xcent 1.2 Kappa AT SX Option,89337,Petrol,Automatic,1,2015,1495,6,3.58 Lakh,358000
Toyota Innova Crysta 2.4 GX 8 STR,20713,Diesel,Manual,1,2021,1198,7,19.30 Lakh,1930000
MG Hector Plus Sharp Diesel MT,49268,Diesel,Manual,1,2020,2982,7,12.27 Lakh,1227000
BMW X1 sDrive20d,128428,Diesel,Automatic,2,2013,2982,5,8.83 Lakh,883000
Nissan Terrano XV 110 PS,133451,Diesel,Manual,1,2015,1197,5,4.41 Lakh,441000
Renault Pulse RxL,104419,Diesel,Manual,2,2012,2198,5,1.65 Lakh,165000
Maruti Zen Estilo VXI BSIV,67301,Petrol,Manual,1,2011,796,5,1.67 Lakh,167000
Hyundai Accent GLE,100636,Petrol,Manual,2,2008,998,7,1.15 Lakh,115000
Mahindra KUV 100 mFALCON G80 K6 Plus,38934,Petrol,Manual,1,2016,1462,5,3.38 Lakh,338000
Toyota Fortuner 4x2 4 Speed AT,91653,Diesel,Automatic,2,2013,1497,5,11.57 Lakh,1157000
Toyota Fortuner 4x4 MT,151441,Diesel,Manual,3,2013,1197,5,10.39 Lakh,1039000
Maruti Baleno 1.2 Zeta,52045,Petrol,Manual,1,2019,1364,5,5.99 Lakh,599000
Mahindra XUV700 MX Diesel,4248,Diesel,Manual,1,2022,1498,5,12.46 Lakh,1246000
Maruti Alto LXi,147432,Petrol,Manual,2,2010,1498,5,1.06 Lakh,106000
Maruti Alto K10 VXI AGS Optional,28244,Petrol,Automatic,2,2017,1497,5,3.12 Lakh,312000
Maruti Ertiga VXI,44458,Petrol,Manual,1,2019,1197,5,7.86 Lakh,786000
Honda City 1.5 S MT,71456,Petrol,Manual,1,2009,1120,5,2.52 Lakh,252000
Hyundai Grand i10 Sportz,38765,Petrol,Manual,1,2015,1199,5,3.24 Lakh,324000
Toyota Etios GD,135571,Diesel,Manual,2,2012,1493,5,2.86 Lakh,286000
Honda Amaze E i-Dtech,113005,Diesel,Manual,2,2015,1199,5,3.69 Lakh,369000
Honda City i DTEC VX,155769,Diesel,Manual,1,2014,999,5,5 Lakh,500000
Kia Seltos HTX G,8062,Petrol,Manual,1,2020,1956,7,12.95 Lakh,1295000
Hyundai Aura SX,6071,Petrol,Manual,1,2022,2755,5,6.77 Lakh,677000
Hyundai Grand i10 CRDi Asta,65072,Diesel,Manual,1,2014,1461,5,3.89 Lakh,389000
Tata Altroz XT,29507,Petrol,Manual,1,2020,999,5,6.96 Lakh,696000
Hyundai Verna CRDi SX,372588,Diesel,Manual,2,2010,1451,5,2.57 Lakh,257000
Honda Jazz 1.2 VX i VTEC,24959,Petrol,Manual,1,2016,1591,6,4.95 Lakh,495000
Renault KWID 1.0 RXT Optional,39265,Petrol,Manual,1,2018,1451,7,3.24 Lakh,324000
Tata Harrier XT plus 2020-2022,21699,Diesel,Manual,1,2021,2494,5,16.70 Lakh,1670000
Toyota Innova Crysta 2.8 GX AT BSIV,85911,Diesel,Automatic,1,2018,2993,5,14.82 Lakh,1482000
Mahindra Verito 1.5 D4 BSIII,117132,Diesel,Manual,1,2012,1248,5,2.27 Lakh,227000
Renault KWID 1.0 RXT,50455,Petrol,Manual,1,2017,1061,5,2.56 Lakh,256000
MG Hector Sharp AT BSIV,13471,Petrol,Automatic,1,2021,1396,5,15.99 Lakh,1599000
Hyundai Creta 1.6 SX,36104,Petrol,Manual,1,2018,998,5,9.48 Lakh,948000
MG Hector Plus Sharp Hybrid MT,7943,Petrol,Manual,1,2021,1248,5,17.30 Lakh,1730000
Toyota Innova 2.5 GX (Diesel) 7 Seater,83474,Diesel,Manual,2,2014,1198,8,7.57 Lakh,757000
BMW 5 Series 525d Sedan,84218,Diesel,Automatic,2,2010,2498,7,8.93 Lakh,893000
Maruti Swift Dzire LDI,91065,Diesel,Manual,2,2015,1248,7,3.41 Lakh,341000
Maruti Wagon R LXI Minor,105323,Petrol,Manual,2,2008,2179,5,"94,726",94726
Hyundai Creta 1.4 CRDi S,164798,Diesel,Manual,1,2016,936,5,7.65 Lakh,765000
Maruti Celerio VXI CNG,48660,Cng,Manual,1,2020,1896,5,4.29 Lakh,429000
Maruti Ritz VDi,154958,Diesel,Manual,1,2012,1396,5,2.35 Lakh,235000
Honda Amaze E i-VTEC,95989,Petrol,Manual,3,2016,2400,5,2.75 Lakh,275000
Mahindra Xylo E8,152308,Diesel,Manual,1,2009,1086,5,2.04 Lakh,204000
Maruti Ertiga VDI,127831,Diesel,Manual,1,2012,1956,5,4.14 Lakh,414000
Mahindra XUV500 W8 FWD,164428,Diesel,Manual,1,2013,796,7,5.25 Lakh,525000
Chevrolet Beat Diesel PS,60205,Diesel,Manual,1,2016,2982,5,2.79 Lakh,279000
Skoda New Laura L and K AT,234805,Diesel,Automatic,1,2008,1950,5,2.45 Lakh,245000
Tata Indigo LX TDI BSIII,223926,Diesel,Manual,2,2015,4367,7,2.04 Lakh,204000
Volvo S 80 D5,83694,Diesel,Automatic,3,2012,2998,5,8.20 Lakh,820000
Hyundai Santro Xing XP,102825,Petrol,Manual,1,2003,1997,5,"68,373",68373
Jeep Compass 2.0 Sport,42035,Diesel,Manual,1,2019,1248,5,13.90 Lakh,1390000
Maruti Alto 800 LXI CNG,28350,Cng,Manual,1,2020,1197,5,3.83 Lakh,383000
Toyota Fortuner 4x2 AT,105427,Diesel,Automatic,3,2014,796,5,13.28 Lakh,1328000
Mercedes-Benz GLE 300d,13000,Diesel,Automatic,1,2021,1968,5,89 Lakh,8900000
Land Rover Range Rover 4.4 Diesel LWB Autobiography,68500,Diesel,Automatic,1,2019,1497,5,1.90 Crore,19000000
BMW X7 xDrive 40i,39000,Petrol,Automatic,1,2019,1061,5,1.15 Crore,11500000
Land Rover Range Rover Sport 2.0 Petrol HSE,19500,Petrol,Automatic,1,2020,1199,7,1.14 Crore,11400000
Maruti Swift VDI,66000,Diesel,Manual,1,2014,2184,5,4.25 Lakh,425000
Hyundai i10 Magna,23000,Petrol,Manual,1,2015,2179,5,3.10 Lakh,310000
Maruti Alto LXi,65000,Petrol,Manual,2,2009,1198,5,1.50 Lakh,150000
Audi Q3 35 TDI Quattro Premium Plus,76000,Diesel,Automatic,2,2016,1498,5,14.75 Lakh,1475000
Hyundai Creta EX,20000,Petrol,Manual,1,2020,1396,5,11 Lakh,1100000
Maruti Estilo LXI,90000,Petrol,Manual,1,2009,998,5,1.25 Lakh,125000
Tata Tiago 1.2 Revotron XZ Plus,25000,Petrol,Manual,1,2019,1399,5,4.40 Lakh,440000
Nissan X-Trail Comfort,110000,Diesel,Manual,1,2006,998,5,1.70 Lakh,170000
Mahindra XUV500 W8 2WD,110000,Diesel,Manual,3,2014,1396,5,4.10 Lakh,410000
Tata Nexon 1.2 Revotron XE,60000,Petrol,Manual,1,2020,1498,5,6 Lakh,600000
Honda City i-DTEC V,110000,Diesel,Manual,2,2017,993,5,6.50 Lakh,650000
Hyundai i20 Sportz Option 1.4 CRDi,100000,Diesel,Manual,1,2015,1197,5,4 Lakh,400000
Maruti Wagon R LXI CNG,60000,Cng,Manual,1,2014,1197,5,3 Lakh,300000
Ford Figo Diesel Titanium,70000,Diesel,Manual,3,2010,1956,5,1 Lakh,100000
Maruti Wagon R LXI Avnace Edition,80000,Petrol,Manual,1,2015,1399,5,2.90 Lakh,290000
Hyundai i20 1.4 CRDi Era,100000,Diesel,Manual,4,2011,1061,5,1.40 Lakh,140000
Ford Aspire 1.5 TDCi Trend,127000,Diesel,Manual,1,2015,796,5,3.50 Lakh,350000
Maruti Zen LXi - BS III,80000,Petrol,Manual,1,2006,1794,5,"75,000",75000
Maruti Ignis 1.2 Delta BSIV,50000,Petrol,Manual,1,2018,1498,7,4.30 Lakh,430000
Hyundai i20 1.2 Magna,87000,Petrol,Manual,2,2010,1199,5,1.60 Lakh,160000
Tata Harrier XT BSIV,80000,Diesel,Manual,1,2019,2179,5,12 Lakh,1200000
Ford Figo Diesel LXI,90000,Diesel,Manual,1,2013,1498,5,2.50 Lakh,250000
Maruti Wagon R LXI Minor,80000,Petrol,Manual,1,2008,1248,5,"85,000",85000
Maruti Alto 800 LXI,25000,Petrol,Manual,2,2019,793,5,3 Lakh,300000
Toyota Corolla Executive (HE),120000,Petrol,Manual,2,2008,1248,5,1.90 Lakh,190000
Honda City V MT Diesel,25000,Diesel,Manual,1,2021,1405,5,10.99 Lakh,1099000
Tata Tiago 1.2 Revotron XZ,40000,Petrol,Manual,1,2017,1499,5,2.50 Lakh,250000
Mahindra XUV500 AT W10 FWD,120000,Diesel,Automatic,3,2016,1396,5,6 Lakh,600000
Honda Amaze S i-DTEC,100000,Diesel,Manual,1,2018,1199,5,5.50 Lakh,550000
Maruti Swift ZDI Plus,90000,Diesel,Manual,1,2019,1598,5,6.30 Lakh,630000
Maruti Celerio VDi,50000,Diesel,Manual,2,2015,1198,5,2.25 Lakh,225000
Maruti Swift ZDI Plus,90000,Diesel,Manual,1,2019,1799,5,5.80 Lakh,580000
Tata Indica DLG TC,50000,Diesel,Manual,3,2007,1193,5,"55,000",55000
Ford Aspire Titanium Diesel,90000,Diesel,Manual,2,2022,998,5,6.50 Lakh,650000
Hyundai Creta 1.4 E Plus,40000,Diesel,Manual,2,2018,1198,7,9.10 Lakh,910000
Tata Tiago 1.2 Revotron XM,35000,Petrol,Manual,1,2019,1498,7,3.90 Lakh,390000
Chevrolet Optra 1.6 LS Petrol,70000,Petrol,Manual,4,2008,1497,5,1.10 Lakh,110000
Volkswagen Polo 1.2 MPI Comfortline,90000,Petrol,Manual,2,2014,1493,5,2.70 Lakh,270000
Honda Civic 1.8 V MT,90000,Petrol,Manual,3,2008,1248,5,2 Lakh,200000
Tata Indica Xeta GLS BS IV,60000,Petrol,Manual,1,2008,1498,5,"45,000",45000
Maruti Wagon R LXI,50000,Petrol,Manual,1,2019,814,5,4.20 Lakh,420000
Volkswagen Polo 1.2 MPI Comfortline,90000,Petrol,Manual,3,2015,1199,5,3 Lakh,300000
Honda Amaze E i-Dtech,25000,Diesel,Manual,1,2014,1896,5,3.40 Lakh,340000
Mahindra Marazzo M2 BSIV,110000,Diesel,Manual,1,2019,2179,5,7.50 Lakh,750000
Mahindra TUV 300 T6,80000,Diesel,Manual,1,2017,1364,5,5.55 Lakh,555000
Maruti SX4 S Cross Zeta DDiS 200 SH,126000,Diesel,Manual,1,2017,1197,5,8.10 Lakh,810000
Honda Amaze E i-Dtech,82000,Diesel,Manual,2,2013,1968,7,3.20 Lakh,320000
Hyundai EON LPG Era Plus Option,50000,Lpg,Manual,2,2018,1047,5,2.20 Lakh,220000
Honda Amaze S CVT Petrol BSIV,80000,Petrol,Automatic,1,2019,1047,5,5.90 Lakh,590000
Skoda New Laura Ambiente 1.9 PD,45500,Diesel,Manual,2,2010,1248,7,2 Lakh,200000
Mahindra Scorpio LX BSIV,40000,Diesel,Manual,1,2012,1061,5,8.50 Lakh,850000
Toyota Etios VD,142000,Diesel,Manual,1,2011,1498,5,2.30 Lakh,230000
Hyundai Grand i10 Magna,34000,Petrol,Manual,1,2016,2179,5,4.40 Lakh,440000
Skoda Octavia Elegance 2.0 TDI AT,181000,Diesel,Automatic,1,2014,1196,5,6.75 Lakh,675000
Tata Tigor 1.05 Revotorq XZ Option,70000,Diesel,Manual,1,2019,993,5,4.80 Lakh,480000
Tata Tigor 1.05 Revotorq XZ Option,70000,Diesel,Manual,1,2019,1451,5,4.80 Lakh,480000
Maruti Ertiga ZDI,120000,Diesel,Manual,1,2012,1248,5,4.50 Lakh,450000
Maruti Wagon R VXI Minor,40000,Petrol,Manual,4,2007,1193,5,1.10 Lakh,110000
Skoda Rapid 1.5 TDI AT Ambition,80000,Diesel,Automatic,1,2015,814,5,7.50 Lakh,750000
Mahindra XUV500 W7,30000,Diesel,Manual,1,2020,1197,5,13 Lakh,1300000
Ford Figo Petrol EXI,100000,Petrol,Manual,2,2011,998,5,1 Lakh,100000
Maruti Zen LXI,100000,Petrol,Manual,3,2004,1194,5,"65,000",65000
MG Hector Sharp DCT,40000,Petrol,Automatic,1,2021,1197,5,17.50 Lakh,1750000
Maruti Baleno Delta Diesel,95700,Diesel,Manual,2,2018,1197,5,5.34 Lakh,534000
Tata Indica GLS,38332,Petrol,Manual,1,2007,1498,5,1.20 Lakh,120000
Hyundai EON Magna Plus,35000,Petrol,Manual,1,2015,1498,5,2.50 Lakh,250000
Hyundai Grand i10 1.2 Kappa Sportz Option,50000,Petrol,Manual,3,2018,1497,8,3.60 Lakh,360000
Maruti Alto K10 VXI,35000,Petrol,Manual,1,2016,998,5,3.50 Lakh,350000
Ford Freestyle Ambiente Petrol BSIV,40000,Petrol,Manual,1,2018,1248,5,4.25 Lakh,425000
Maruti Swift VXI,50000,Petrol,Manual,1,2013,2494,5,3.05 Lakh,305000
Maruti Swift Dzire Tour 1.2 S STD CNG,40000,Cng,Manual,1,2019,1498,5,6.10 Lakh,610000
Ford Ecosport Thunder Edition Diesel,50000,Diesel,Manual,1,2021,998,5,9 Lakh,900000
Ford Ecosport 1.5 DV5 MT Ambiente,60000,Diesel,Manual,2,2014,1799,5,5 Lakh,500000
Kia Seltos Anniversary Edition IVT,31000,Petrol,Automatic,1,2020,1248,5,16.50 Lakh,1650000
Maruti Wagon R VXi BSII,80000,Petrol,Manual,2,2011,1461,5,1.70 Lakh,170000
Maruti SX4 S Cross Zeta DDiS 200 SH,70000,Diesel,Manual,1,2018,1197,7,7.60 Lakh,760000
Toyota Innova 2.5 VX (Diesel) 8 Seater BS IV,120000,Diesel,Manual,3,2011,1248,5,4.10 Lakh,410000
Honda Jazz VX Diesel,50000,Diesel,Manual,1,2019,1582,5,7.10 Lakh,710000
Maruti Wagon R VXI BS IV,50000,Petrol,Manual,1,2013,2179,5,2.40 Lakh,240000
Honda Civic 1.8 S MT,85000,Petrol,Manual,2,2008,1396,5,1.40 Lakh,140000
Maruti Swift VDI BSIV,80000,Diesel,Manual,1,2016,1248,7,4.25 Lakh,425000
Renault Duster 85PS Diesel RxL,73000,Diesel,Manual,2,2015,1248,5,4.75 Lakh,475000
Hyundai i10 Magna 1.2 iTech SE,60000,Petrol,Manual,2,2013,1248,5,1.80 Lakh,180000
Maruti Swift Dzire LDI,120000,Diesel,Manual,1,2013,1248,5,2.99 Lakh,299000
Hyundai Creta 1.6 CRDi SX,100000,Diesel,Manual,1,2015,1364,7,7.50 Lakh,750000
Mahindra XUV500 W8 FWD,100000,Diesel,Manual,2,2014,1496,5,6 Lakh,600000
Hyundai i20 1.4 CRDi Sportz,120000,Diesel,Manual,1,2012,998,5,2.78 Lakh,278000
Maruti Swift Dzire VDI,80000,Diesel,Manual,3,2012,2393,5,3 Lakh,300000
Maruti Swift Dzire VDi,80000,Diesel,Manual,3,2012,1405,5,2.90 Lakh,290000
Tata Indica Quadrajet VX,100000,Diesel,Manual,2,2012,1197,5,"95,000",95000
Maruti Ertiga SHVS VDI,60000,Diesel,Manual,1,2017,1582,5,6.65 Lakh,665000
Toyota Etios Liva GD,80000,Diesel,Manual,1,2013,1582,5,2.65 Lakh,265000
Toyota Etios VX,80500,Petrol,Manual,2,2011,998,5,1.90 Lakh,190000
Maruti Wagon R VXI BS IV,25000,Petrol,Manual,1,2012,1497,5,3 Lakh,300000
Toyota Innova Crysta 2.4 G MT BSIV,90000,Diesel,Manual,1,2017,814,5,13.50 Lakh,1350000
Tata Indigo LX (TDI) BS-III,60000,Diesel,Manual,4,2014,998,5,1.80 Lakh,180000
Hyundai Venue S BSIV,50000,Petrol,Manual,1,2019,1197,5,7 Lakh,700000
Hyundai Creta 1.6 CRDi SX,100000,Diesel,Manual,2,2015,1248,5,7.30 Lakh,730000
Hyundai Creta 1.6 CRDi SX,100000,Diesel,Manual,2,2015,1461,5,7.30 Lakh,730000
Maruti Wagon R LXI DUO BS IV,80000,Lpg,Manual,1,2012,998,8,2.50 Lakh,250000
Honda City VTEC,10000,Petrol,Manual,2,2008,1461,5,1.20 Lakh,120000
Hyundai EON LPG Magna Plus,60000,Lpg,Manual,2,2012,1298,5,1.85 Lakh,185000
Maruti Alto K10 2010-2014 VXI,70000,Petrol,Manual,2,2013,796,5,1.80 Lakh,180000
Hyundai i10 Magna,110000,Petrol,Manual,3,2012,796,5,1.50 Lakh,150000
Maruti Ritz VDi,72000,Diesel,Manual,1,2011,1368,5,2.15 Lakh,215000
Renault Duster 85PS Diesel RxL,63000,Diesel,Manual,2,2014,1341,5,3.65 Lakh,365000
Maruti Wagon R LXI,50000,Petrol,Manual,2,2019,1197,5,3.85 Lakh,385000
Mahindra Verito Vibe 1.5 dCi D6,100000,Diesel,Manual,2,2015,1197,5,2.40 Lakh,240000
Maruti Swift Dzire VXi,80000,Petrol,Manual,4,2009,796,5,1.75 Lakh,175000
Maruti Omni E MPI STD BSIV,70000,Petrol,Manual,1,2018,1498,5,2.30 Lakh,230000
Maruti Alto 800 LXI,35000,Petrol,Manual,2,2020,1497,5,3.10 Lakh,310000
Jeep Compass 1.4 Longitude Option BSIV,50000,Petrol,Automatic,1,2018,999,5,14.37 Lakh,1437000
Hyundai Getz GLS,70000,Petrol,Manual,3,2006,1199,7,"90,000",90000
Hyundai i20 1.2 Magna,100000,Petrol,Manual,1,2010,799,4,1.95 Lakh,195000
Hyundai i20 1.2 Magna,90000,Petrol,Manual,1,2010,1197,5,1.95 Lakh,195000
Maruti Alto LXi,70000,Petrol,Manual,1,2012,2179,5,1.20 Lakh,120000
Honda City i-DTEC V,110000,Diesel,Manual,2,2017,998,5,6.50 Lakh,650000
Honda City GXi,90000,Petrol,Manual,3,2006,998,5,1.30 Lakh,130000
Ford Ecosport 1.0 Ecoboost Titanium,80769,Petrol,Manual,2,2015,1197,5,4.71 Lakh,471000
Volkswagen Polo Diesel Comfortline 1.2L,47700,Diesel,Manual,2,2013,1248,5,2.90 Lakh,290000
Renault KWID RXL,40000,Petrol,Manual,2,2016,1197,5,2.10 Lakh,210000
Maruti Baleno Delta,20000,Petrol,Manual,1,2021,1248,5,6.50 Lakh,650000
Tata Safari Storme Explorer Edition,110000,Diesel,Manual,3,2013,999,5,3.40 Lakh,340000
Maruti Alto K10 LXI CNG,50000,Cng,Manual,1,2014,1248,5,2.20 Lakh,220000
Maruti Wagon R LXI,70000,Petrol,Manual,2,2005,1968,5,"80,000",80000
Hyundai i20 Magna Plus BSIV,15000,Petrol,Manual,1,2019,1395,5,6 Lakh,600000
Tata Manza Aqua Quadrajet BS IV,120000,Diesel,Manual,3,2012,1998,5,1.80 Lakh,180000
Maruti Ritz ZXi,110000,Petrol,Manual,2,2009,2487,5,1.50 Lakh,150000
Maruti Swift Dzire VDI,40000,Diesel,Manual,1,2018,1995,5,6.25 Lakh,625000
Datsun RediGO 1.0 T Option,60000,Petrol,Manual,3,2019,1991,4,2 Lakh,200000
Maruti Swift Dzire LDI,100000,Diesel,Manual,3,2015,1950,5,3.50 Lakh,350000
Audi Q5 40 TDI Premium Plus,27000,Diesel,Automatic,2,2020,1950,5,44.75 Lakh,4475000
Audi A4 30 TFSI Premium Plus,99125,Petrol,Automatic,1,2017,1998,5,21.75 Lakh,2175000
BMW 5 Series 530i M Sport,46000,Petrol,Automatic,1,2019,1499,5,51.75 Lakh,5175000
Lexus ES 300h,68000,Petrol,Automatic,1,2017,1968,5,39.75 Lakh,3975000
BMW 5 Series 520d Luxury Line,40500,Diesel,Automatic,1,2021,1598,5,54.75 Lakh,5475000
Mercedes-Benz GLC 300 4MATIC,27000,Petrol,Automatic,1,2018,2143,5,43.75 Lakh,4375000
Mercedes-Benz GLC 220d 4MATIC,18000,Diesel,Automatic,1,2020,2143,5,58.75 Lakh,5875000
Mercedes-Benz C-Class Progressive C 220d,40200,Diesel,Automatic,1,2020,1998,5,43.75 Lakh,4375000
Mini 3 DOOR Cooper S,4200,Petrol,Automatic,2,2018,2143,5,43.75 Lakh,4375000
Ford Ecosport 1.5 Ti VCT MT Titanium BSIV,51000,Petrol,Manual,1,2018,1186,5,8.75 Lakh,875000
Audi A6 35 TDI Technology,60100,Diesel,Automatic,2,2015,1197,5,19.75 Lakh,1975000
Renault Duster Petrol RxL,30000,Petrol,Manual,1,2018,1061,5,7.95 Lakh,795000
Mercedes-Benz C-Class C 220 CDI Avantgarde,71000,Diesel,Automatic,2,2018,999,5,29.75 Lakh,2975000
Mercedes-Benz GLE 250d,46100,Diesel,Automatic,1,2017,1086,5,45.75 Lakh,4575000
BMW X3 xDrive 30i Luxury Line,18000,Petrol,Automatic,1,2021,1396,5,61.75 Lakh,6175000
Mercedes-Benz CLA 200 CDI Style,56000,Diesel,Automatic,2,2015,1498,5,16 Lakh,1600000
Hyundai Xcent 1.2 CRDi E Plus,60694,Diesel,Manual,2,2018,1198,5,4.28 Lakh,428000
Maruti Swift Dzire VXI,38536,Petrol,Manual,3,2015,998,5,3.75 Lakh,375000
Maruti Wagon R LXI Minor,97641,Petrol,Manual,3,2008,1498,5,"76,085",76085
Renault KWID 1.0 RXT Optional AT 2016-2019,4956,Petrol,Automatic,1,2018,1199,5,3.40 Lakh,340000
Hyundai Santro Xing GLS,112753,Petrol,Manual,2,2012,998,5,1.51 Lakh,151000
Hyundai i20 1.4 CRDi Sportz,135966,Diesel,Manual,2,2012,998,5,2.45 Lakh,245000
Ford Ecosport 1.5 Diesel Trend Plus BSIV,60730,Diesel,Manual,1,2017,998,5,6.08 Lakh,608000
Honda Amaze SX i-VTEC,35128,Petrol,Manual,1,2015,1248,7,3.77 Lakh,377000
Maruti Wagon R LXI,93688,Petrol,Manual,1,2014,2143,5,2.75 Lakh,275000
Honda Amaze S Diesel,17804,Diesel,Manual,1,2014,1497,5,4 Lakh,400000
Honda Amaze S Petrol,118424,Petrol,Manual,1,2014,2982,7,3.50 Lakh,350000
Maruti Wagon R VXI,9256,Petrol,Manual,1,2017,1497,5,3.75 Lakh,375000
Maruti Wagon R LXI,90098,Petrol,Manual,1,2013,1197,5,2.50 Lakh,250000
Maruti Wagon R LXI BS IV,54363,Petrol,Manual,3,2010,1498,5,1.33 Lakh,133000
Maruti Swift VDI,53139,Diesel,Manual,3,2018,998,5,5.11 Lakh,511000
Mercedes-Benz C-Class C 220 CDI BE Avantgare,73873,Diesel,Automatic,1,2012,796,5,9.12 Lakh,912000
Tata Nexon 1.5 Revotorq XZ Plus,34346,Diesel,Manual,1,2019,1396,5,7.60 Lakh,760000
Toyota Fortuner 4x4 MT,99934,Diesel,Manual,1,2012,1197,5,10.55 Lakh,1055000
Hyundai Creta S,12748,Petrol,Manual,2,2021,1197,5,12.38 Lakh,1238000
Maruti Wagon R VXI 1.2,9006,Petrol,Manual,1,2019,998,5,4.66 Lakh,466000
Mahindra Bolero B6,28600,Diesel,Manual,3,2020,1199,5,9.17 Lakh,917000
Maruti Wagon R CNG LXI Opt,8876,Cng,Manual,1,2021,796,5,5.88 Lakh,588000
Maruti Alto 800 CNG LXI,60613,Cng,Manual,1,2013,998,5,1.68 Lakh,168000
Hyundai i20 1.4 Magna Executive,56939,Diesel,Manual,1,2017,998,5,5.22 Lakh,522000
Hyundai Grand i10 Magna,80628,Petrol,Manual,2,2015,999,5,3.12 Lakh,312000
Maruti Swift VXI,9535,Petrol,Manual,1,2021,1197,5,5.87 Lakh,587000
Maruti Wagon R LXI CNG,68616,Cng,Manual,2,2012,1396,5,2.10 Lakh,210000
Honda Amaze V Petrol BSIV,33000,Petrol,Manual,1,2018,796,7,6.50 Lakh,650000
Maruti Alto 800 LXI,4972,Petrol,Manual,1,2015,1198,5,1.88 Lakh,188000
Maruti Wagon R LXI CNG,34088,Cng,Manual,2,2019,1591,5,4.33 Lakh,433000
Maruti Wagon R Stingray LXI,54890,Petrol,Manual,2,2013,2494,5,2.52 Lakh,252000
Nissan Magnite XL,25166,Petrol,Manual,1,2021,1396,5,5.47 Lakh,547000
Maruti Swift VXI,32714,Petrol,Manual,1,2020,998,5,5.92 Lakh,592000
Hyundai i20 Sportz 1.4 CRDi,75000,Diesel,Manual,1,2014,1086,5,4.50 Lakh,450000
Maruti Alto XCITE,60375,Petrol,Manual,1,2009,1197,8,"86,608",86608
Honda Amaze VX i-Vtech,37083,Petrol,Manual,1,2014,1047,5,3.78 Lakh,378000
Hyundai Creta 1.6 SX Option Executive,7322,Petrol,Manual,2,2019,796,5,13.31 Lakh,1331000
Toyota Innova 2.5 G (Diesel) 7 Seater BS IV,276459,Diesel,Manual,3,2014,2179,7,5.83 Lakh,583000
Hyundai Creta 1.4 E Plus,64179,Diesel,Manual,1,2018,1248,7,8.14 Lakh,814000
Maruti Wagon R LXI BS IV,41347,Petrol,Manual,1,2015,998,5,2.76 Lakh,276000
Hyundai Santro Sportz BSIV,15845,Petrol,Manual,1,2019,1248,5,4.52 Lakh,452000
Maruti Swift Dzire VXI 1.2,20185,Petrol,Manual,1,2017,1248,5,5.35 Lakh,535000
Tata Tigor XZ Plus Diesel,38207,Diesel,Manual,1,2019,998,5,5.97 Lakh,597000
Maruti Alto LXi BSIII,78759,Petrol,Manual,1,2007,1086,5,"76,394",76394
Mahindra Scorpio VLX 2WD BSIV,70000,Diesel,Manual,1,2014,1197,5,5.50 Lakh,550000
Maruti Swift VDI,89414,Diesel,Manual,2,2013,1197,5,3.13 Lakh,313000
Maruti Wagon R LXI BS IV,69420,Petrol,Manual,2,2015,1586,5,2.76 Lakh,276000
Maruti Ertiga SHVS ZDI Plus,68143,Diesel,Manual,1,2017,1493,5,7.24 Lakh,724000
Maruti Ertiga ZDI,56184,Diesel,Manual,2,2014,1248,5,5 Lakh,500000
Maruti Celerio LXI Optional,40479,Petrol,Manual,1,2017,1497,7,2.95 Lakh,295000
Hyundai Santro Xing GL LPG,45912,Lpg,Manual,1,2010,796,5,1.11 Lakh,111000
Maruti Ritz LXI,82441,Petrol,Manual,3,2010,799,5,1.59 Lakh,159000
Maruti Swift VXI,78801,Petrol,Manual,2,2013,3198,5,2.74 Lakh,274000
Maruti SX4 Vxi BSIV,83083,Petrol,Manual,3,2010,2987,5,1.72 Lakh,172000
Kia Seltos HTX Plus D,35157,Diesel,Manual,1,2019,793,5,13.26 Lakh,1326000
Maruti Vitara Brezza VDi,75000,Diesel,Manual,1,2016,1248,5,6.25 Lakh,625000
Honda City 1.5 S MT,75000,Petrol,Manual,1,2011,1086,6,3.40 Lakh,340000
Maruti Alto 800 LXI,72000,Petrol,Manual,1,2015,1197,7,2.60 Lakh,260000
Datsun RediGO S,73000,Petrol,Manual,1,2016,1364,5,2.35 Lakh,235000
Ford Endeavour 3.2 Titanium AT 4X4,103988,Diesel,Automatic,1,2016,1198,8,20.80 Lakh,2080000
Mercedes-Benz S-Class S 300,151374,Petrol,Automatic,1,2011,1498,5,11.94 Lakh,1194000
Maruti Celerio VDi,79977,Diesel,Manual,2,2016,796,7,3.06 Lakh,306000
Fiat Avventura MULTIJET Emotion,51490,Diesel,Manual,1,2015,796,7,4.08 Lakh,408000
Hyundai i10 Magna 1.1L,19967,Petrol,Manual,1,2014,1396,5,2.78 Lakh,278000
Hyundai i20 Sportz 1.2,88581,Petrol,Manual,1,2015,2179,5,4.33 Lakh,433000
Toyota Etios Cross 1.4L GD,111810,Diesel,Manual,1,2014,2179,5,3.64 Lakh,364000
Mahindra KUV 100 NXT D75 K2,35893,Diesel,Manual,1,2018,1197,5,3.84 Lakh,384000
Honda BR-V i-DTEC VX MT,65370,Diesel,Manual,1,2017,998,7,7.23 Lakh,723000
Maruti Alto 800 LXI,48816,Petrol,Manual,1,2015,1248,5,2.02 Lakh,202000
Maruti Omni E MPI STD BSIV,73200,Petrol,Manual,1,2018,1493,5,2.13 Lakh,213000
Tata Indigo LX BSIV,152903,Diesel,Manual,1,2014,1956,5,1.30 Lakh,130000
Tata New Safari DICOR 2.2 EX 4x2,153332,Diesel,Manual,5,2011,1396,5,2.31 Lakh,231000
Tata New Safari DICOR 2.2 EX 4x2,55198,Diesel,Manual,1,2009,1462,5,2.07 Lakh,207000
Maruti Baleno Delta,10239,Petrol,Manual,1,2019,1248,7,6.22 Lakh,622000
Maruti Wagon R VXI,3261,Petrol,Manual,1,2020,1461,5,5.23 Lakh,523000
Maruti Vitara Brezza VDi,94088,Diesel,Manual,1,2017,1197,5,6.57 Lakh,657000
Kia Seltos HTK Plus AT D,27371,Diesel,Automatic,1,2019,1248,5,12.36 Lakh,1236000
Tata New Safari XT Plus,72558,Diesel,Manual,1,2021,1193,5,17.94 Lakh,1794000
Hyundai i20 1.4 CRDi Sportz,133295,Diesel,Manual,2,2011,1498,5,2 Lakh,200000
Maruti Ciaz Sigma BSIV,17221,Petrol,Manual,1,2019,1396,5,7.17 Lakh,717000
Maruti Swift VDI BSIV,28654,Diesel,Manual,1,2017,1199,7,5.14 Lakh,514000
Renault Duster 85PS Diesel RxL Optional,119202,Diesel,Manual,2,2014,1197,5,3.50 Lakh,350000
Hyundai i10 Magna 1.2,55077,Petrol,Manual,2,2009,1497,5,1.52 Lakh,152000
Maruti Ertiga SHVS VDI Limited Edition,74022,Diesel,Manual,2,2017,2179,5,6.14 Lakh,614000
Tata Zest Revotron 1.2T XE,22065,Petrol,Manual,1,2014,1248,5,1.53 Lakh,153000
Skoda Rapid 1.5 TDI AT Ambition Plus,104656,Diesel,Automatic,1,2015,1461,5,4.50 Lakh,450000
Hyundai i20 Asta 1.4 CRDi,163925,Diesel,Manual,1,2015,998,5,4.38 Lakh,438000
Honda Jazz 1.2 V i VTEC,23947,Petrol,Manual,1,2018,1248,5,5.36 Lakh,536000
Maruti Ignis 1.2 Delta BSIV,44230,Petrol,Manual,1,2017,1969,7,4.33 Lakh,433000
Honda City 1.5 V MT,66131,Petrol,Manual,2,2011,1198,5,3.15 Lakh,315000
Mahindra XUV500 AT W10 FWD,124551,Diesel,Automatic,1,2017,1248,5,9.76 Lakh,976000
Maruti Swift Dzire LDi,100271,Diesel,Manual,1,2009,2179,5,1.79 Lakh,179000
Renault Duster 85PS Diesel RxL,72403,Diesel,Manual,2,2013,1086,5,3.79 Lakh,379000
Maruti Wagon R LXI BS IV,81422,Petrol,Manual,1,2011,1199,5,1.71 Lakh,171000
Maruti Swift Dzire VDI,58889,Diesel,Manual,1,2014,1086,5,2 Lakh,200000
Volvo XC60 Inscription D5 BSIV,13000,Diesel,Automatic,1,2019,1086,5,56.75 Lakh,5675000
Honda Brio S MT,20410,Petrol,Manual,1,2015,1197,5,3 Lakh,300000
Maruti Swift Dzire VDI,60000,Diesel,Manual,1,2013,1364,5,4.10 Lakh,410000
Mahindra XUV500 W11 Option AWD,30000,Diesel,Manual,1,2019,998,5,15.50 Lakh,1550000
Hyundai Santro Xing GLS,80000,Petrol,Manual,1,2008,1199,5,1.70 Lakh,170000
Chevrolet Beat LT,80000,Petrol,Manual,3,2015,1086,5,1.65 Lakh,165000
Hyundai i10 Sportz 1.1L,60000,Petrol,Manual,1,2014,1596,5,3.10 Lakh,310000
Hyundai Santro Xing GL,80000,Petrol,Manual,1,2008,1197,5,"85,000",85000
Hyundai i10 Sportz,90000,Petrol,Manual,1,2012,998,7,2.30 Lakh,230000
Toyota Etios Cross 1.4L GD,130000,Diesel,Manual,1,2014,1196,5,4.20 Lakh,420000
Maruti Alto K10 VXI,100000,Petrol,Manual,1,2015,1248,5,2 Lakh,200000
Honda Jazz 1.2 SV i VTEC,138000,Petrol,Manual,1,2015,2179,7,3.70 Lakh,370000
Hyundai Santro Xing XO,25000,Petrol,Manual,1,2007,998,5,1 Lakh,100000
Ford Fiesta 1.6 Duratec EXI Ltd,70000,Petrol,Manual,2,2011,1956,5,2.50 Lakh,250000
Hyundai Venue S Plus,10000,Petrol,Manual,1,2021,1956,5,8 Lakh,800000
Maruti Wagon R Stingray VXI,50000,Petrol,Manual,3,2013,1248,5,3.10 Lakh,310000
Ford Figo Petrol Titanium,30000,Petrol,Manual,2,2010,1497,5,1.45 Lakh,145000
Maruti Swift ZDi,100000,Diesel,Manual,2,2012,1248,5,3.10 Lakh,310000
Mahindra XUV500 AT W10 AWD,76000,Diesel,Automatic,2,2015,1199,5,8.25 Lakh,825000
Maruti Wagon R VXI BS IV,70000,Petrol,Manual,1,2014,1197,5,3.97 Lakh,397000
Jeep Compass 2.0 Limited,55000,Diesel,Manual,1,2018,1197,5,14 Lakh,1400000
Tata New Safari XTA Plus,20000,Diesel,Automatic,1,2022,1373,5,20 Lakh,2000000
Maruti SX4 S Cross Zeta DDiS 200 SH,60000,Diesel,Manual,1,2019,999,5,9.50 Lakh,950000
Honda City ZX MT,70000,Petrol,Manual,1,2020,1497,5,11 Lakh,1100000
Maruti Swift VDI,120000,Diesel,Manual,1,2012,998,5,2.80 Lakh,280000
Chevrolet Sail Hatchback Petrol LT ABS,43727,Petrol,Manual,1,2012,1086,5,2.30 Lakh,230000
Maruti Swift VVT VXI,25000,Petrol,Manual,1,2014,1248,5,4.50 Lakh,450000
Hyundai Xcent 1.2 VTVT SX,20000,Petrol,Manual,1,2019,1150,5,5.64 Lakh,564000
Maruti Ciaz ZXi,85000,Petrol,Manual,1,2015,1197,5,6 Lakh,600000
Renault KWID 1.0 RXT,35000,Petrol,Manual,1,2019,1197,5,3.50 Lakh,350000
Honda City 1.5 V MT,60000,Petrol,Manual,2,2010,1373,5,2.75 Lakh,275000
Maruti Wagon R LXI BS IV,70000,Petrol,Manual,1,2013,1248,5,3.50 Lakh,350000
Hyundai Santro Sportz BSIV,25000,Petrol,Manual,1,2019,998,7,4.02 Lakh,402000
Maruti Swift Dzire VDI,93000,Diesel,Manual,2,2015,1199,5,2.99 Lakh,299000
Chevrolet Aveo U-VA 1.2 LS,15000,Petrol,Manual,1,2008,1086,5,"75,000",75000
Maruti Swift RS VXI,50000,Petrol,Manual,1,2014,2179,5,3.75 Lakh,375000
Hyundai Xcent Prime T Plus,70000,Petrol,Manual,1,2019,1197,5,6 Lakh,600000
Maruti Ciaz ZXi,80000,Petrol,Manual,1,2015,1499,5,5.25 Lakh,525000
Maruti Swift Dzire VDi,87000,Diesel,Manual,5,2012,1248,5,2.30 Lakh,230000
Maruti Wagon R LXI Avnace Edition,60000,Petrol,Manual,1,2015,1197,5,2.50 Lakh,250000
Volkswagen Polo Diesel Highline 1.2L,120000,Diesel,Manual,3,2011,1462,5,1.80 Lakh,180000
Hyundai Santro Sportz AMT BSIV,30000,Petrol,Automatic,1,2019,1498,5,4.70 Lakh,470000
Mahindra XUV500 W4,70000,Diesel,Manual,1,2014,1496,5,10 Lakh,1000000
Hyundai i20 Sportz 1.2,56000,Petrol,Manual,1,2017,1199,5,6 Lakh,600000
Ford Figo 1.5P Titanium AT,110000,Petrol,Automatic,1,2019,799,4,4 Lakh,400000
Tata Manza Aqua Quadrajet BS IV,70000,Diesel,Manual,1,2013,1197,5,3.50 Lakh,350000
Hyundai Aura SX Plus AMT,35000,Petrol,Automatic,1,2020,1197,5,8 Lakh,800000
Maruti Ciaz Delta AT,50000,Petrol,Automatic,1,2020,1997,5,9 Lakh,900000
Ford Ecosport 1.5 Diesel Trend BSIV,80000,Diesel,Manual,1,2017,1197,5,6.50 Lakh,650000
Toyota Etios V,67000,Petrol,Manual,2,2013,999,5,2.90 Lakh,290000
Tata Altroz XZ,15000,Petrol,Manual,1,2021,1368,6,7.75 Lakh,775000
Renault KWID RXT,110000,Petrol,Manual,2,2016,1461,5,1.91 Lakh,191000
Hyundai Venue S,10000,Petrol,Manual,1,2021,1193,5,7.80 Lakh,780000
Mahindra XUV300 W8,25000,Petrol,Manual,1,2019,2835,5,9 Lakh,900000
Mahindra Thar LX 4-Str Hard Top,7700,Petrol,Manual,1,2021,1197,5,14 Lakh,1400000
Maruti Baleno 1.2 Delta,110000,Petrol,Manual,1,2016,796,7,5.50 Lakh,550000
Renault Kiger RXT,14000,Petrol,Manual,1,2022,1396,5,7.20 Lakh,720000
Fiat Linea Active,60000,Petrol,Manual,1,2012,1197,5,1.60 Lakh,160000
Renault Duster 85PS Diesel RxL,120000,Diesel,Manual,1,2014,1493,5,3.80 Lakh,380000
Tata Indica Lei,180977,Petrol,Manual,1,2011,998,5,1.20 Lakh,120000
Mitsubishi Pajero 2.8 SFX,120000,Diesel,Manual,1,2010,1197,5,5 Lakh,500000
Hyundai Grand i10 Nios Sportz,2000,Petrol,Manual,1,2021,1186,7,6.80 Lakh,680000
Maruti Alto LXi,60000,Petrol,Manual,3,2008,1248,5,1 Lakh,100000
Hyundai Elite i20 2018 Diesel Asta Option,40000,Diesel,Manual,1,2018,1405,7,6 Lakh,600000
Maruti Wagon R ZXI Plus,17000,Petrol,Manual,1,2022,1462,5,6.50 Lakh,650000
Mahindra TUV 300 T6 Plus,88000,Diesel,Manual,1,2016,1498,5,5.20 Lakh,520000
Maruti S-Presso VXI Opt AT 2019-2022,35000,Petrol,Automatic,1,2020,1493,5,4.80 Lakh,480000
Hyundai i20 Sportz Option 1.2,30000,Petrol,Manual,1,2015,1956,5,4.85 Lakh,485000
Hyundai Grand i10 1.2 CRDi Asta,80000,Diesel,Manual,2,2018,1498,7,4.20 Lakh,420000
Maruti Swift ZDi,120000,Diesel,Manual,1,2014,1461,5,3.79 Lakh,379000
Tata Indica DLS BSIII,120000,Diesel,Manual,3,2010,1197,5,1 Lakh,100000
Maruti Ertiga VXI,70000,Petrol,Manual,1,2021,2179,5,8.75 Lakh,875000
Honda Amaze E i-DTEC,110000,Diesel,Manual,1,2017,796,5,3.50 Lakh,350000
Mahindra TUV 300 T8,80000,Diesel,Manual,2,2018,1495,5,6.20 Lakh,620000
Jeep Compass 2.0 Longitude BSIV,90000,Diesel,Manual,1,2017,1197,5,10 Lakh,1000000
Renault Duster RXS,17000,Petrol,Manual,1,2020,1197,5,7.50 Lakh,750000
Renault Duster 110PS Diesel RxZ AWD,120000,Diesel,Manual,1,2017,1197,5,6.40 Lakh,640000
Maruti Ignis Sigma,12000,Petrol,Manual,1,2021,1197,5,4.69 Lakh,469000
Tata Safari Storme LX,120000,Diesel,Manual,1,2012,1061,5,3.05 Lakh,305000
Maruti Alto LX BSIII,60000,Petrol,Manual,2,2010,1198,5,1.40 Lakh,140000
Hyundai Accent GLE 2,80000,Petrol,Manual,2,2010,1999,5,1.50 Lakh,150000
Maruti Swift Dzire VXI AT Optional,110000,Petrol,Automatic,1,2016,998,5,5.50 Lakh,550000
Maruti Ignis 1.2 Delta BSIV,80000,Petrol,Manual,1,2018,796,5,4.40 Lakh,440000
Maruti Swift Dzire VXI,80000,Petrol,Manual,1,2015,1086,8,4.70 Lakh,470000
Hyundai Grand i10 Nios Sportz Dual Tone,23000,Petrol,Manual,1,2020,1197,7,6.25 Lakh,625000
Maruti Wagon R LXI Minor,80000,Petrol,Manual,3,2009,1197,5,1.30 Lakh,130000
Honda Amaze S i-VTEC,30000,Petrol,Manual,1,2016,2179,4,4.20 Lakh,420000
Hyundai Elantra 2.0 SX,18100,Petrol,Manual,1,2018,2179,5,12 Lakh,1200000
Maruti S-Presso VXI Opt 2019-2022,35000,Petrol,Manual,1,2020,1396,5,4.60 Lakh,460000
Maruti Alto LXi BSIII,120000,Petrol,Manual,3,2009,624,5,1 Lakh,100000
Hyundai Santro Era,15000,Petrol,Manual,1,2019,1396,5,4 Lakh,400000
Maruti Swift VVT VXI,120000,Petrol,Manual,2,2014,1197,5,3.10 Lakh,310000
Hyundai i20 Sportz Plus BSIV,35000,Petrol,Manual,2,2019,1591,5,5.65 Lakh,565000
Mahindra Scorpio VLS AT 2.2 mHAWK,40000,Diesel,Automatic,2,2012,1405,5,4 Lakh,400000
Mahindra Scorpio S5 BSIV,120000,Diesel,Manual,2,2018,1598,5,8.75 Lakh,875000
Hyundai i20 Magna 1.4 CRDi (Diesel),110000,Diesel,Manual,2,2012,998,5,1.95 Lakh,195000
Tata Nano Lx BSIII,15000,Petrol,Manual,1,2012,1248,5,"50,500",50500
Hyundai i20 1.4 CRDi Magna,110000,Diesel,Manual,2,2012,1197,5,1.95 Lakh,195000
Maruti Swift VXI,30000,Petrol,Manual,1,2020,1197,7,5.50 Lakh,550000
Hyundai Verna 1.6 SX VTVT,70000,Petrol,Manual,3,2014,1197,5,4.10 Lakh,410000
Tata Indigo LX,80000,Diesel,Manual,2,2009,1596,5,1.10 Lakh,110000
Volkswagen Vento Petrol Highline,110000,Petrol,Manual,2,2011,2494,5,2.50 Lakh,250000
Maruti Alto K10 VXI,43500,Petrol,Manual,1,2014,1197,5,2.20 Lakh,220000
Maruti Ritz VDi,61367,Diesel,Manual,2,2011,1197,5,1.65 Lakh,165000
Maruti Swift VXI,61560,Petrol,Manual,2,2015,1396,5,3.60 Lakh,360000
Hyundai i20 Sportz Option 1.2,29258,Petrol,Manual,2,2015,1197,5,5.10 Lakh,510000
Hyundai i20 1.2 Magna,63538,Petrol,Manual,3,2010,1373,5,1.80 Lakh,180000
Ford Fiesta 1.6 SXi ABS,126700,Petrol,Manual,1,2009,1194,5,1.25 Lakh,125000
Toyota Innova 2.5 V Diesel 7-seater,197770,Diesel,Manual,1,2010,1582,7,4.40 Lakh,440000
Hyundai i10 Magna 1.2,36049,Petrol,Manual,1,2010,1497,5,1.79 Lakh,179000
Maruti Swift Dzire VXI 1.2,18740,Petrol,Manual,1,2019,999,5,6.11 Lakh,611000
Hyundai i20 Active 1.4 SX,26981,Diesel,Manual,1,2016,2179,5,5.74 Lakh,574000
Maruti Swift ZXi BSIV,67910,Petrol,Manual,1,2010,1582,5,2.19 Lakh,219000
Maruti Ciaz 1.4 Alpha,43016,Petrol,Manual,1,2017,1197,5,7.67 Lakh,767000
Ford Freestyle Titanium Petrol BSIV,53106,Petrol,Manual,1,2018,1248,5,4.64 Lakh,464000
Hyundai Verna 1.6 SX CRDi (O),135298,Diesel,Manual,2,2013,1493,5,3.67 Lakh,367000
Honda City 1.5 E MT,75525,Petrol,Manual,2,2010,1197,5,2.36 Lakh,236000
Volkswagen Polo 1.0 MPI Comfortline,57392,Petrol,Manual,1,2018,1968,5,4.68 Lakh,468000
Mahindra XUV500 W6 2WD,121645,Diesel,Manual,2,2016,1197,5,6.06 Lakh,606000
Hyundai Elantra 1.6 SX Option,46595,Diesel,Manual,2,2018,1497,5,9.25 Lakh,925000
Toyota Glanza V,38848,Petrol,Manual,1,2019,1186,5,6.10 Lakh,610000
Maruti Swift VDI,119970,Diesel,Manual,1,2013,1591,5,2.92 Lakh,292000
Hyundai Creta SX Diesel,60478,Diesel,Manual,1,2020,1368,5,10.19 Lakh,1019000
Hyundai Xcent 1.2 Kappa S,134163,Petrol,Manual,1,2015,1197,5,3.17 Lakh,317000
Audi A3 35 TDI Premium Plus,67301,Diesel,Automatic,2,2015,999,5,13.09 Lakh,1309000
Maruti Swift Dzire AMT ZXI Plus,15546,Petrol,Automatic,1,2017,1197,5,6.24 Lakh,624000
Honda City 1.5 S MT,67713,Petrol,Manual,1,2011,1197,5,3.05 Lakh,305000
Hyundai Aura S Diesel,29833,Diesel,Manual,1,2021,998,5,7.41 Lakh,741000
Hyundai Creta 1.6 VTVT E Plus,84414,Petrol,Manual,1,2016,1248,5,6.34 Lakh,634000
Fiat Linea Classic 1.4 Petrol,12179,Petrol,Manual,1,2015,998,5,3.32 Lakh,332000
Hyundai i20 1.2 Magna Opt,116623,Petrol,Manual,2,2012,814,5,2.06 Lakh,206000
Skoda Rapid 1.0 TSI Rider,6233,Petrol,Manual,1,2021,1197,5,7.08 Lakh,708000
Hyundai i20 Active 1.2 S,73891,Petrol,Manual,1,2017,936,5,5.14 Lakh,514000
Hyundai i10 Sportz,16428,Petrol,Manual,1,2013,1956,5,2.97 Lakh,297000
Maruti Wagon R VXi BSII,40831,Petrol,Manual,1,2011,796,5,1.64 Lakh,164000
Maruti Swift Dzire VDI,84261,Diesel,Manual,1,2017,1197,5,5.38 Lakh,538000
Hyundai Venue SX Opt Turbo BSIV,37938,Petrol,Manual,1,2019,1197,7,8.53 Lakh,853000
Hyundai EON Magna Plus,55025,Petrol,Manual,1,2016,998,5,2.39 Lakh,239000
Maruti Swift VXI BSIV,44888,Petrol,Manual,1,2018,1461,5,4.77 Lakh,477000
Chevrolet Beat Diesel LT,55308,Diesel,Manual,1,2011,2179,5,1.18 Lakh,118000
Tata Harrier XZ BSIV,19669,Diesel,Manual,1,2019,1199,5,14.57 Lakh,1457000
Maruti Alto 800 VXI,4757,Petrol,Manual,1,2022,1197,5,4.10 Lakh,410000
Maruti Swift VXI,74337,Petrol,Manual,1,2011,1197,5,2.08 Lakh,208000
Hyundai i10 Magna,26693,Petrol,Manual,2,2010,1498,7,1.76 Lakh,176000
Maruti Wagon R VXI BS IV,73549,Petrol,Manual,1,2016,1197,5,3.11 Lakh,311000
Nissan Sunny XV D,61894,Diesel,Manual,1,2018,1582,5,5.51 Lakh,551000
Mahindra XUV500 W9 2WD,94165,Diesel,Manual,1,2017,2982,5,9.74 Lakh,974000
Chevrolet Sail Hatchback Petrol LT ABS,50448,Petrol,Manual,1,2012,814,5,1.92 Lakh,192000
Maruti Swift ZXI,78828,Petrol,Manual,1,2014,1197,5,3.24 Lakh,324000
Hyundai i10 Asta,17725,Petrol,Manual,1,2013,1461,5,3.03 Lakh,303000
Ford Ecosport 1.5 DV5 MT Titanium,126639,Diesel,Manual,2,2013,1798,5,3.36 Lakh,336000
Maruti Baleno 1.2 Delta,59026,Petrol,Manual,1,2016,1461,7,4.61 Lakh,461000
Hyundai Creta 1.6 CRDi SX Option,122966,Diesel,Manual,1,2015,998,5,7.11 Lakh,711000
Toyota Fortuner 4x2 AT,86024,Diesel,Automatic,3,2014,998,5,12.60 Lakh,1260000
Hyundai EON Magna Optional,11231,Petrol,Manual,1,2015,2477,5,3.09 Lakh,309000
Maruti Swift VXI,30639,Petrol,Manual,1,2013,1248,6,2.80 Lakh,280000
Nissan Micra Diesel XV Premium,61258,Diesel,Manual,1,2011,1086,5,2.30 Lakh,230000
Toyota Corolla Altis GL MT,13392,Petrol,Manual,1,2017,1197,5,9.24 Lakh,924000
Renault Duster 85PS Diesel RxS,65885,Diesel,Manual,1,2019,1956,5,7.42 Lakh,742000
Maruti Wagon R VXI BS IV,77989,Petrol,Manual,1,2011,1197,5,1.75 Lakh,175000
Maruti Alto K10 2010-2014 VXI,67110,Petrol,Manual,1,2011,1373,5,1.44 Lakh,144000
Mitsubishi Pajero Sport 4X4,112912,Diesel,Manual,1,2014,1396,5,9.80 Lakh,980000
Maruti Swift Dzire VDI,123040,Diesel,Manual,1,2013,1197,5,3.34 Lakh,334000
Hyundai i10 Sportz 1.1L,25842,Petrol,Manual,1,2016,1197,5,3.38 Lakh,338000
Maruti Ignis Delta,9453,Petrol,Manual,1,2022,1086,5,5.77 Lakh,577000
MG Hector Plus Sharp Diesel MT,53449,Diesel,Manual,1,2021,1199,5,17.87 Lakh,1787000
Hyundai Grand i10 Nios AMT Sportz,20688,Petrol,Automatic,1,2019,1497,5,6.14 Lakh,614000
Maruti Ciaz ZXi Plus,64535,Petrol,Manual,1,2017,1582,5,5.92 Lakh,592000
Tata Indigo LX BSIV,140277,Diesel,Manual,1,2011,998,5,1.27 Lakh,127000
Maruti Swift LXI,35430,Petrol,Manual,1,2018,1197,7,4.22 Lakh,422000
Maruti Swift VXI,134059,Petrol,Manual,2,2013,1197,5,2.25 Lakh,225000
Hyundai i10 Era,118858,Petrol,Manual,1,2008,1199,7,1.26 Lakh,126000
Honda Jazz VX,91449,Petrol,Manual,1,2019,1248,7,5.78 Lakh,578000
Honda City VX MT,31901,Petrol,Manual,1,2019,1248,5,9.80 Lakh,980000
Hyundai Verna 1.6 CRDI AT SX Option,170290,Diesel,Automatic,1,2016,1248,5,5.60 Lakh,560000
Maruti S-Presso VXI Plus 2019-2022,29371,Petrol,Manual,1,2021,1373,5,4.22 Lakh,422000
Hyundai i20 Active 1.2 SX,29723,Petrol,Manual,1,2016,1198,7,5.84 Lakh,584000
Maruti Swift Dzire VXI 1.2,97679,Petrol,Manual,2,2017,1197,5,4.45 Lakh,445000
Tata Tiago XZA Plus,25175,Petrol,Automatic,1,2020,998,5,5.80 Lakh,580000
Maruti Ertiga VDI,72875,Diesel,Manual,1,2014,2179,7,4.99 Lakh,499000
Maruti Vitara Brezza VDi,77493,Diesel,Manual,1,2017,1197,5,6.75 Lakh,675000
Maruti Ertiga VDI,216228,Diesel,Manual,1,2013,1498,5,4.28 Lakh,428000
Maruti Ertiga BSIV VXI,57407,Petrol,Manual,1,2018,2494,5,6.96 Lakh,696000
Skoda Fabia 1.2 MPI Elegance,42989,Petrol,Manual,1,2011,1198,5,1.73 Lakh,173000
Maruti Baleno 1.2 Alpha,98193,Petrol,Manual,1,2018,1197,5,5.69 Lakh,569000
Maruti Alto K10 2010-2014 VXI,44557,Petrol,Manual,2,2013,1197,5,1.73 Lakh,173000
Tata Hexa XTA,25331,Diesel,Automatic,1,2017,1995,7,11.13 Lakh,1113000
Maruti Swift Dzire AMT ZXI Plus,32459,Petrol,Automatic,1,2018,998,5,6.53 Lakh,653000
Ford Ecosport 1.5 Diesel Titanium Plus BSIV,19272,Diesel,Manual,1,2018,1199,5,7.60 Lakh,760000
Toyota Innova 2.5 VX (Diesel) 7 Seater BS IV,195346,Diesel,Manual,1,2013,2179,5,5.63 Lakh,563000
Tata Nexon 1.2 Revotron XZ Plus,8635,Petrol,Manual,1,2019,1197,5,7.54 Lakh,754000
Maruti Swift Dzire ZXI Plus AT,13499,Petrol,Automatic,1,2020,1498,5,7.50 Lakh,750000
Maruti Baleno Zeta,21094,Petrol,Manual,1,2021,1197,5,6.91 Lakh,691000
BMW 3 Series 320d,54206,Diesel,Automatic,1,2011,1248,5,6.91 Lakh,691000
Maruti Zen Estilo VXI BSIV,59807,Petrol,Manual,2,2010,1248,5,1.44 Lakh,144000
Skoda Fabia 1.2L Diesel Elegance,96874,Diesel,Manual,1,2012,814,5,2.40 Lakh,240000
Mahindra XUV500 W10 2WD,100746,Diesel,Manual,1,2017,1248,5,9.75 Lakh,975000
Maruti Swift Dzire VXI 1.2,24117,Petrol,Manual,1,2018,1194,7,5.73 Lakh,573000
Ford Aspire 1.5 TDCi Titanium,70611,Diesel,Manual,1,2017,1396,7,4.65 Lakh,465000
Maruti Baleno Zeta,17771,Petrol,Manual,1,2021,998,5,7.17 Lakh,717000
Maruti Vitara Brezza ZDi,57231,Diesel,Manual,1,2019,2179,6,8.24 Lakh,824000
Maruti SX4 S Cross DDiS 200 Alpha,171931,Diesel,Manual,1,2016,1373,5,5.21 Lakh,521000
Hyundai EON Magna Plus,19311,Petrol,Manual,1,2015,1956,7,2.39 Lakh,239000
Maruti SX4 S Cross Alpha DDiS 200 SH,86226,Diesel,Manual,1,2017,1198,5,6.16 Lakh,616000
Ford Freestyle Titanium Plus Petrol BSIV,26404,Petrol,Manual,1,2018,1197,5,5.62 Lakh,562000
Tata Indigo LX TDI BSIII,272610,Diesel,Manual,1,2015,2179,5,1.83 Lakh,183000
Hyundai Venue SX Plus Turbo DCT BSIV,59215,Petrol,Automatic,1,2019,1591,5,10.19 Lakh,1019000
Mahindra XUV500 W9 2WD,47839,Diesel,Manual,1,2017,1197,5,9.91 Lakh,991000
Maruti Ertiga VXI,22718,Petrol,Manual,1,2015,1497,5,4.72 Lakh,472000
Tata Harrier XZ BSIV,38807,Diesel,Manual,1,2019,998,5,14.19 Lakh,1419000
Mahindra KUV 100 mFALCON D75 K4,48995,Diesel,Manual,1,2017,1197,5,3.25 Lakh,325000
Maruti Ignis Sigma,15536,Petrol,Manual,1,2021,1591,5,4.92 Lakh,492000
Mahindra Scorpio VLX 2WD 7 Str BSIII,159581,Diesel,Manual,1,2009,998,5,3.26 Lakh,326000
Hyundai Creta 1.6 VTVT E Plus,112955,Petrol,Manual,1,2018,1396,5,7.02 Lakh,702000
Hyundai i20 Sportz 1.2,47654,Petrol,Manual,2,2015,1396,7,4.18 Lakh,418000
Honda City 1.5 V MT,72616,Petrol,Manual,2,2010,1197,5,2.92 Lakh,292000
Maruti Alto K10 VXI,70524,Petrol,Manual,2,2015,1248,7,2.28 Lakh,228000
Maruti Swift VXI,71962,Petrol,Manual,1,2015,2179,5,3.83 Lakh,383000
Hyundai Verna 1.6 SX VTVT,42078,Petrol,Manual,3,2012,1197,5,3.45 Lakh,345000
Maruti Alto K10 VXI,21285,Petrol,Manual,2,2017,2523,5,2.78 Lakh,278000
Tata Indigo LX TDI BSIII,188395,Diesel,Manual,1,2013,1197,5,1.39 Lakh,139000
Tata Indigo LX BSIV,121908,Diesel,Manual,1,2012,998,5,1.27 Lakh,127000
Hyundai i20 Active 1.2 SX,85181,Petrol,Manual,1,2016,1591,5,5.17 Lakh,517000
Maruti Swift VDI BSIV,69264,Diesel,Manual,1,2014,1390,7,3.80 Lakh,380000
Mahindra XUV500 W10 2WD,120838,Diesel,Manual,3,2015,1197,7,7.17 Lakh,717000
Hyundai Grand i10 Magna,99065,Petrol,Manual,1,2015,814,7,3.12 Lakh,312000
Mahindra Bolero SLX,51482,Diesel,Manual,1,2013,999,6,4 Lakh,400000
Maruti Swift VXI,6546,Petrol,Manual,1,2021,1248,5,6.51 Lakh,651000
Maruti Alto K10 VXI,37331,Petrol,Manual,2,2016,999,5,2.55 Lakh,255000
Hyundai Verna VTVT 1.6 SX Option,88650,Petrol,Manual,2,2018,1198,5,7.69 Lakh,769000
Volkswagen Jetta 1.4 TSI Comfortline,32291,Petrol,Manual,1,2014,1197,5,5.31 Lakh,531000
Maruti Ignis 1.2 Alpha BSIV,110069,Petrol,Manual,1,2018,998,5,4.27 Lakh,427000
Hyundai EON Era Plus,45039,Petrol,Manual,1,2015,998,5,2.21 Lakh,221000
Renault Triber RXT BSIV,21506,Petrol,Manual,1,2020,1498,5,5.53 Lakh,553000
Maruti Ertiga VDI,111930,Diesel,Manual,1,2015,1197,5,5.08 Lakh,508000
Renault Triber RXE,47993,Petrol,Manual,1,2021,998,7,5.44 Lakh,544000
Mahindra KUV 100 mFALCON G80 K8 AW,24318,Petrol,Manual,1,2017,1199,5,3.52 Lakh,352000
Hyundai Aura S CNG,67085,Cng,Manual,1,2020,998,5,7.24 Lakh,724000
Maruti Wagon R VXI BS IV,87158,Petrol,Manual,1,2016,2755,5,3.11 Lakh,311000
Kia Sonet HTK Plus Turbo DCT,13633,Petrol,Automatic,1,2020,796,5,7.93 Lakh,793000
Honda City i-DTEC V,83027,Diesel,Manual,1,2018,998,5,8.01 Lakh,801000
Maruti Swift Dzire VXI 1.2,20582,Petrol,Manual,1,2017,796,5,5.20 Lakh,520000
Maruti Baleno RS 1.0 Petrol,34302,Petrol,Manual,1,2017,1462,5,5.69 Lakh,569000
Honda WR-V i-VTEC VX,25943,Petrol,Manual,2,2018,1197,5,6.46 Lakh,646000
Hyundai Venue SX Turbo,9902,Petrol,Manual,1,2021,796,5,9.91 Lakh,991000
Toyota Fortuner 2.8 4WD AT BSIV,132566,Diesel,Automatic,1,2017,1120,5,22.25 Lakh,2225000
Maruti Alto 800 LXI,89096,Petrol,Manual,1,2016,1591,5,5 Lakh,500000
Maruti S-Presso VXI 2019-2022,21538,Petrol,Manual,1,2019,1364,5,4.51 Lakh,451000
Maruti Alto 800 LXI,21325,Petrol,Manual,2,2015,1199,5,1.99 Lakh,199000
Maruti Vitara Brezza VXI,15145,Petrol,Manual,1,2021,2997,5,8.49 Lakh,849000
Hyundai Venue S Plus,16591,Petrol,Manual,1,2021,796,5,7.88 Lakh,788000
Maruti Alto LXi BSIII,72380,Petrol,Manual,2,2010,998,5,1.50 Lakh,150000
Hyundai Xcent 1.1 CRDi SX,105563,Diesel,Manual,2,2015,998,5,3.50 Lakh,350000
Hyundai Verna VTVT 1.6 EX,53092,Petrol,Manual,1,2018,1198,5,6.90 Lakh,690000
Toyota Etios Liva GD,149852,Diesel,Manual,1,2011,1950,5,2.20 Lakh,220000
Honda Jazz 1.2 V i VTEC,29587,Petrol,Manual,1,2015,1950,5,4.25 Lakh,425000
Honda Accord V6 AT,60585,Petrol,Automatic,1,2017,1991,5,30 Lakh,3000000
Maruti Alto 800 LXI,72962,Petrol,Manual,1,2013,1997,6,1.85 Lakh,185000
Maruti Wagon R VXI,75506,Petrol,Manual,2,2016,4367,5,3.40 Lakh,340000
Maruti Alto K10 VXI,35420,Petrol,Manual,1,2017,1998,5,2.95 Lakh,295000
Honda Brio E MT,86882,Petrol,Manual,1,2015,1462,5,2.70 Lakh,270000
Mercedes-Benz GLC 220d 4MATIC,24000,Diesel,Automatic,1,2020,998,5,56.50 Lakh,5650000
Mercedes-Benz GLE 300d,13000,Diesel,Automatic,1,2021,1197,5,89 Lakh,8900000
Mercedes-Benz GLC 200,15000,Petrol,Automatic,1,2021,1199,5,61 Lakh,6100000
Jaguar F-Pace 2.0 R-Dynamic S Diesel,9900,Diesel,Automatic,1,2021,1968,5,74 Lakh,7400000
Land Rover Range Rover 4.4 Diesel LWB Autobiography,68500,Diesel,Automatic,1,2019,1968,5,1.90 Crore,19000000
BMW X4 xDrive30i M Sport Silver Shadow Edition,7600,Petrol,Automatic,1,2022,1995,5,74.50 Lakh,7450000
Maruti XL6 Zeta,8349,Petrol,Manual,1,2021,1461,5,9.90 Lakh,990000
Maruti Alto K10 VXI AGS Optional,8804,Petrol,Automatic,1,2018,1498,5,3.35 Lakh,335000
Maruti Swift Dzire VXI,39592,Petrol,Manual,1,2017,1995,5,4.59 Lakh,459000
Tata Nexon XZA Plus (O) AMT,11251,Petrol,Automatic,1,2020,1199,5,9.73 Lakh,973000
Audi A3 35 TDI Premium Plus,39000,Diesel,Automatic,1,2020,1086,5,25.80 Lakh,2580000
Audi Q3 35 TDI Quattro Premium Plus,76000,Diesel,Automatic,2,2016,2400,7,14.75 Lakh,1475000
BMW 5 Series 520d Sedan,60000,Diesel,Automatic,1,2012,1999,7,10 Lakh,1000000
Renault Duster RXZ AWD,96000,Diesel,Manual,2,2013,1199,7,3.25 Lakh,325000
Volkswagen Polo 1.5 TDI Trendline,115000,Diesel,Manual,1,2016,2755,5,4.10 Lakh,410000
BMW X3 xDrive20d,82000,Diesel,Automatic,1,2012,2179,5,13 Lakh,1300000
Honda Jazz 1.2 S i VTEC,91000,Petrol,Manual,1,2015,2998,5,4.50 Lakh,450000
Hyundai i10 Era,93000,Petrol,Manual,2,2011,1199,5,1.90 Lakh,190000
Volvo S 80 D5,81000,Diesel,Automatic,2,2016,1399,5,13 Lakh,1300000
Land Rover Range Rover Evoque 2.0 TD4 SE,81000,Diesel,Automatic,2,2016,1498,5,13 Lakh,1300000
Honda Amaze S Petrol,25102,Petrol,Manual,1,2019,2487,5,6.40 Lakh,640000
Toyota Fortuner 2.8 4WD AT BSIV,79000,Diesel,Automatic,1,2017,998,5,27 Lakh,2700000
Tata Safari Storme EX,120000,Diesel,Manual,3,2013,1461,5,4 Lakh,400000
BMW X7 xDrive 40i,39000,Petrol,Automatic,1,2019,799,5,1.15 Crore,11500000
Tata Tiago 1.2 Revotron XT,50000,Petrol,Manual,2,2018,2143,5,3.25 Lakh,325000
Ford Figo Diesel LXI,90000,Diesel,Manual,1,2012,1461,5,1.60 Lakh,160000
Ford Ecosport 1.5 DV5 MT Titanium,50000,Diesel,Manual,1,2014,1598,5,5.49 Lakh,549000
Toyota Camry Hybrid 2.5,20000,Petrol,Automatic,1,2019,1298,5,40.90 Lakh,4090000
Maruti Wagon R VXI BSIII,70000,Petrol,Manual,2,2013,1950,5,3 Lakh,300000
Renault Duster 85PS Diesel RxL Optional,100000,Diesel,Manual,1,2012,1197,5,4.50 Lakh,450000
Renault KWID RXL,20000,Petrol,Manual,2,2018,1248,2,2.70 Lakh,270000
Mercedes-Benz GLE 250d,49000,Diesel,Automatic,1,2017,1197,5,44 Lakh,4400000
Nissan Terrano XL Plus 85 PS,100000,Diesel,Manual,3,2015,1995,5,4.35 Lakh,435000
Volkswagen Vento Petrol Highline,35000,Petrol,Manual,3,2012,2523,5,2.75 Lakh,275000
Maruti Swift ZXI ABS,61560,Petrol,Manual,3,2007,1086,7,1.60 Lakh,160000
Mercedes-Benz E-Class Expression E 220 d BSIV,17000,Diesel,Automatic,1,2020,796,8,58 Lakh,5800000
Maruti Swift VXI,15000,Petrol,Manual,1,2021,1950,5,6.80 Lakh,680000
Maruti Ritz VDi,162000,Diesel,Manual,4,2009,2179,5,1.15 Lakh,115000
Maruti Swift Dzire Tour S CNG,35000,Cng,Manual,1,2022,2489,5,6.50 Lakh,650000
BMW X3 xDrive 20d Luxury Line,19000,Diesel,Automatic,1,2021,2143,5,60 Lakh,6000000
Mahindra Bolero Pik Up Extra Long CBC 1.7T,80000,Diesel,Manual,1,2019,1997,5,6.10 Lakh,610000
Hyundai Santro Xing XG eRLX Euro II,110000,Petrol,Manual,5,2004,1199,7,"60,000",60000
Maruti Alto 800 VXI,35000,Petrol,Manual,1,2021,2354,5,4 Lakh,400000
Mercedes-Benz GLC Coupe 300d 4MATIC,24900,Diesel,Automatic,1,2021,1248,5,71.50 Lakh,7150000
Tata Safari Storme VX,70000,Diesel,Manual,2,2014,4461,5,5.20 Lakh,520000
Mahindra Xylo D2,70000,Diesel,Manual,1,2010,2143,5,3 Lakh,300000
Mercedes-Benz E-Class 220 CDI,180000,Diesel,Automatic,1,2012,1396,7,9.89 Lakh,989000
Jaguar XF 2.0 Petrol Prestige,7500,Petrol,Automatic,1,2020,796,5,47 Lakh,4700000
Tata Tiago 1.2 Revotron XZ,90000,Petrol,Manual,1,2016,1993,6,2.83 Lakh,283000
Honda CR-V 2.4L 2WD AT,120000,Petrol,Automatic,3,2005,1956,5,2 Lakh,200000
Maruti SX4 VDI,110000,Diesel,Manual,2,2011,1197,7,1.80 Lakh,180000
Toyota Land Cruiser VX,56000,Diesel,Automatic,1,2018,2498,5,1.58 Crore,15800000
Mercedes-Benz E-Class E250 CDI Avantgrade,90000,Diesel,Automatic,1,2015,2925,5,26 Lakh,2600000
Hyundai i20 Asta Option 1.4 CRDi,90000,Diesel,Manual,3,2015,2179,7,5 Lakh,500000
Maruti Alto LX,50000,Petrol,Manual,2,2002,1497,5,"55,000",55000
Mercedes-Benz C-Class C 220d,4000,Diesel,Automatic,1,2022,1598,5,62 Lakh,6200000
MG Hector Plus Select Diesel MT 7 STR,10000,Diesel,Manual,1,2022,2925,5,21 Lakh,2100000
Hyundai Grand i10 Nios Magna,50000,Petrol,Manual,1,2020,1086,5,5.50 Lakh,550000
Mahindra Thar CRDe,70000,Diesel,Manual,2,2016,998,5,5.50 Lakh,550000
Mercedes-Benz S-Class S 350 d,13000,Diesel,Automatic,2,2014,1197,5,47.75 Lakh,4775000
Mahindra XUV500 W8 FWD,41480,Diesel,Manual,1,2014,2993,7,6.44 Lakh,644000
Honda City i VTEC S,69088,Petrol,Manual,2,2015,1396,7,5.05 Lakh,505000
Skoda Rapid 1.6 TDI Elegance,105633,Diesel,Manual,1,2012,1197,7,2.86 Lakh,286000
Mercedes-Benz GLS 400d 4MATIC,15000,Diesel,Automatic,2,2020,2982,5,1.17 Crore,11700000
Hyundai Santro Xing GL Plus LPG,136154,Lpg,Manual,2,2012,2967,5,1.64 Lakh,164000
Maruti Wagon R VXI BS IV,50340,Petrol,Manual,1,2015,2179,7,2.93 Lakh,293000
Maruti Baleno 1.2 Delta,26320,Petrol,Manual,1,2017,1199,5,4.91 Lakh,491000
BMW X5 xDrive 30d xLine,25000,Diesel,Automatic,1,2020,796,5,83 Lakh,8300000
Hyundai i20 Sportz 1.4 CRDi,31202,Diesel,Manual,3,2016,2987,7,4.61 Lakh,461000
Maruti Swift VXi BSIV,87263,Petrol,Manual,2,2010,1197,5,1.86 Lakh,186000
Toyota Fortuner 4x2 Manual,94505,Diesel,Manual,2,2015,1956,5,14.14 Lakh,1414000
Audi Q7 45 TDI Quattro Technology,65000,Diesel,Automatic,1,2017,2982,5,46 Lakh,4600000
Mahindra XUV500 W8 FWD,81153,Diesel,Manual,2,2013,1995,5,4.62 Lakh,462000
Tata Tiago 1.2 Revotron XT,95034,Petrol,Manual,1,2018,799,5,3.69 Lakh,369000
Maruti Alto 800 VXI,5550,Petrol,Manual,1,2022,1582,5,4.09 Lakh,409000
Mercedes-Benz GLS 350d Grand Edition,45000,Diesel,Automatic,2,2016,998,5,59.50 Lakh,5950000
Hyundai i20 Sportz Plus CVT BSIV,33013,Petrol,Automatic,1,2019,2143,5,6.89 Lakh,689000
Tata Harrier Camo XZ Plus,7585,Diesel,Manual,1,2021,1197,5,15.61 Lakh,1561000
Toyota Fortuner 3.0 Diesel,89611,Diesel,Manual,4,2010,1497,5,7.03 Lakh,703000
BMW 5 Series 520d Luxury Line,29000,Diesel,Automatic,1,2019,999,5,48 Lakh,4800000
Renault KWID RXT Optional,21732,Petrol,Manual,1,2016,2995,4,2.69 Lakh,269000
Hyundai Verna 1.6 SX CRDI (O) AT,74750,Diesel,Automatic,1,2014,1956,5,5.08 Lakh,508000
Maruti Zen Estilo VXI BSIV,58282,Petrol,Manual,2,2011,1086,5,1.59 Lakh,159000
Mercedes-Benz GLE 250d,45000,Diesel,Automatic,1,2019,2184,5,56 Lakh,5600000
Hyundai Grand i10 1.2 Kappa Sportz BSIV,32126,Petrol,Manual,1,2019,1998,5,4.95 Lakh,495000
Honda City i VTEC V,79927,Petrol,Manual,1,2016,1197,5,6.40 Lakh,640000
Renault KWID 1.0 RXL,10879,Petrol,Manual,1,2020,1199,5,3.86 Lakh,386000
Land Rover Range Rover 3.0 Petrol LWB Vogue BSIV,40000,Petrol,Automatic,1,2019,1248,4,1.92 Crore,19200000
Jeep Compass 2.0 Limited Plus,42446,Diesel,Manual,1,2020,1995,5,17.21 Lakh,1721000
Hyundai i10 Magna 1.1L,63363,Petrol,Manual,3,2011,814,5,1.78 Lakh,178000
Mahindra Thar LX 4-Str Hard Top Diesel AT,17280,Diesel,Automatic,2,2020,624,5,15.58 Lakh,1558000
Volvo XC60 B5 Inscripition,7000,Petrol,Automatic,1,2022,1462,5,68.50 Lakh,6850000
Hyundai Grand i10 1.2 Kappa Magna BSIV,24623,Petrol,Manual,2,2019,2987,7,4.68 Lakh,468000
Volkswagen Polo Diesel Comfortline 1.2L,56141,Diesel,Manual,2,2011,814,5,2.07 Lakh,207000
Maruti Swift Dzire VDI,172476,Diesel,Manual,1,2013,1248,5,3.23 Lakh,323000
BMW X1 sDrive 20d xLine,25000,Diesel,Automatic,1,2019,2179,5,30 Lakh,3000000
Hyundai EON Era Plus,67062,Petrol,Manual,2,2015,2143,5,2.01 Lakh,201000
Tata Nano Twist XT,27388,Petrol,Manual,2,2015,1198,5,"98,414",98414
Toyota Urban cruiser High,4928,Petrol,Manual,1,2021,1198,5,9.38 Lakh,938000
Maserati Ghibli Diesel BSIV,12000,Diesel,Automatic,1,2016,796,5,66 Lakh,6600000
Hyundai EON Magna Plus,57607,Petrol,Manual,3,2013,2967,5,1.75 Lakh,175000
Maruti Vitara Brezza ZDi Plus,82110,Diesel,Manual,2,2016,1197,5,6.17 Lakh,617000
Mahindra XUV500 W10 2WD,86964,Diesel,Manual,2,2015,1399,5,7.75 Lakh,775000
Mercedes-Benz C-Class C 220 CDI Avantgarde,37000,Diesel,Automatic,2,2015,1086,5,21.50 Lakh,2150000
Volkswagen Polo Petrol Highline 1.2L,39971,Petrol,Manual,1,2013,1991,5,3.24 Lakh,324000
Volkswagen Polo 1.2 MPI Highline,55783,Petrol,Manual,2,2014,1497,5,3.64 Lakh,364000
Maruti Alto 800 LXI,52654,Petrol,Manual,1,2013,1582,5,1.71 Lakh,171000
Porsche Cayenne Diesel Platinum Edition,50000,Diesel,Automatic,1,2016,1461,5,58 Lakh,5800000
Maruti Swift VXI,17331,Petrol,Manual,1,2021,1997,5,5.98 Lakh,598000
Ford Figo Diesel ZXI,76438,Diesel,Manual,1,2011,1956,5,1.53 Lakh,153000
Hyundai i10 Magna 1.1L,85035,Petrol,Manual,3,2008,998,5,1.03 Lakh,103000
Mercedes-Benz E-Class Exclusive E 200,8900,Petrol,Automatic,1,2021,1498,5,67 Lakh,6700000
Honda City i VTEC V,85004,Petrol,Manual,2,2014,1950,5,4.61 Lakh,461000
Hyundai Verna SX CRDi AT,72229,Diesel,Automatic,1,2014,1461,7,5.18 Lakh,518000
Nissan Terrano XL 85 PS,97972,Diesel,Manual,2,2014,1248,7,3.92 Lakh,392000
Land Rover Range Rover Sport 2.0 Petrol HSE,19500,Petrol,Automatic,1,2020,1194,5,1.14 Crore,11400000
Tata Harrier XT,19230,Diesel,Manual,1,2021,4461,5,16.29 Lakh,1629000
Maruti Celerio ZXI Optional AMT BSIV,68911,Petrol,Automatic,1,2018,2179,5,4.39 Lakh,439000
Honda City i DTEC SV,105767,Diesel,Manual,3,2015,814,5,4.39 Lakh,439000
Mercedes-Benz C-Class Progressive C 200,28000,Petrol,Automatic,1,2019,1199,5,42.50 Lakh,4250000
Renault Duster 85PS Diesel RxL Optional,159511,Diesel,Manual,2,2013,1998,5,2.66 Lakh,266000
Maruti Swift Dzire LDI Optional,81325,Diesel,Manual,2,2016,998,4,4.35 Lakh,435000
Ford Aspire Titanium Plus,19904,Petrol,Manual,1,2020,1248,5,6.46 Lakh,646000
Toyota Land Cruiser VX,27000,Diesel,Automatic,1,2019,1364,5,1.69 Crore,16900000
Mahindra XUV500 W8 2WD,110986,Diesel,Manual,2,2014,1998,5,5.41 Lakh,541000
Hyundai EON D Lite Plus,43421,Petrol,Manual,2,2013,1248,5,1.76 Lakh,176000
Chevrolet Beat LT,37275,Petrol,Manual,1,2014,1120,5,2.55 Lakh,255000
BMW X1 sDrive20i xLine,10000,Petrol,Automatic,1,2021,1498,5,40 Lakh,4000000
Maruti Wagon R VXI BS IV,12936,Petrol,Manual,1,2016,2400,5,3.24 Lakh,324000
Maruti Vitara Brezza LDi Option,76535,Diesel,Manual,2,2017,1197,7,5.35 Lakh,535000
Toyota Etios Cross 1.4L VD,51260,Diesel,Manual,1,2014,1248,4,3.78 Lakh,378000
Mini 3 DOOR John Cooper Works 2019-2020,40000,Petrol,Automatic,2,2017,1498,5,34.50 Lakh,3450000
Maruti Swift VDI,53297,Diesel,Manual,1,2018,1999,5,5.64 Lakh,564000
Hyundai Xcent 1.1 CRDi SX Option,104304,Diesel,Manual,1,2014,3996,5,3.12 Lakh,312000
Ford Ecosport 1.5 DV5 MT Titanium,50141,Diesel,Manual,2,2014,999,5,4.52 Lakh,452000
Volvo XC60 D5 Inscription,34000,Diesel,Automatic,1,2019,1197,7,54.50 Lakh,5450000
Hyundai Xcent 1.2 Kappa SX,83608,Petrol,Manual,2,2016,2925,5,3.92 Lakh,392000
Chevrolet Sail LS ABS,64000,Diesel,Manual,1,2014,1086,4,2.45 Lakh,245000
Honda Amaze V Diesel BSIV,72000,Diesel,Manual,1,2019,1493,5,7.25 Lakh,725000
Land Rover Discovery Sport TD4 HSE 7S,38000,Diesel,Automatic,1,2020,1197,5,48.75 Lakh,4875000
Audi RS7 4.0 TFSI,7100,Petrol,Automatic,1,2021,3996,5,1.75 Crore,17500000
Volkswagen Polo 1.0 MPI Comfortline,48141,Petrol,Manual,1,2019,1968,5,5.72 Lakh,572000
Hyundai i20 Magna,84947,Petrol,Manual,3,2013,1248,5,2.50 Lakh,250000
Mercedes-Benz S-Class S 350d,1400,Diesel,Automatic,1,2022,2993,5,1.77 Crore,17700000
Hyundai i10 Era 1.1,79857,Petrol,Manual,1,2009,1968,5,1.45 Lakh,145000
Hyundai Alcazar Platinum 7-Seater Diesel AT,12081,Diesel,Automatic,1,2021,1498,5,18.54 Lakh,1854000
Hyundai Grand i10 Sportz,56384,Petrol,Manual,1,2015,1598,5,3.47 Lakh,347000
Audi RS7 4.0 TFSI,11500,Petrol,Automatic,1,2020,2179,5,1.75 Crore,17500000
Audi Q3 2.0 TDI Quattro Premium Plus,72000,Diesel,Automatic,2,2014,998,5,13 Lakh,1300000
Maruti Baleno 1.3 Alpha,77000,Diesel,Manual,2,2016,1197,5,4.50 Lakh,450000
Land Rover Range Rover 3.0 Vogue,60000,Diesel,Automatic,2,2012,814,5,18 Lakh,1800000
Audi Q5 40 TDI Premium Plus,27000,Diesel,Automatic,2,2020,1197,5,44.75 Lakh,4475000
Honda Jazz 1.5 S i DTEC,91000,Diesel,Manual,1,2015,1395,5,4.50 Lakh,450000
Volkswagen Polo GT TDI,77000,Diesel,Manual,2,2012,1998,5,2 Lakh,200000
Land Rover Freelander 2 HSE,71000,Diesel,Automatic,1,2014,2487,5,13.90 Lakh,1390000
Hyundai Venue SX Plus Turbo DCT BSIV,58499,Petrol,Automatic,1,2019,1995,7,10.20 Lakh,1020000
Hyundai i10 Asta Sunroof AT,123445,Petrol,Automatic,1,2012,1991,5,2.65 Lakh,265000
Hyundai EON Magna Plus,47651,Petrol,Manual,2,2013,1373,5,1.89 Lakh,189000
Hyundai Grand i10 Magna,42907,Petrol,Manual,1,2017,2982,5,3.96 Lakh,396000
Audi A4 30 TFSI Premium Plus,99125,Petrol,Automatic,1,2017,1196,5,21.75 Lakh,2175000
BMW 5 Series 530i M Sport,46000,Petrol,Automatic,1,2019,998,5,51.75 Lakh,5175000
Lexus ES 300h,68000,Petrol,Automatic,1,2017,1493,5,39.75 Lakh,3975000
BMW 5 Series 520d Luxury Line,40500,Diesel,Automatic,1,2021,1197,5,54.75 Lakh,5475000
Mercedes-Benz GLC 300 4MATIC,27000,Petrol,Automatic,1,2018,1950,5,43.75 Lakh,4375000
Maruti Ciaz 1.4 Delta,33877,Petrol,Manual,1,2018,1495,5,6.48 Lakh,648000
Toyota Fortuner 4x4 MT,180396,Diesel,Manual,1,2014,1998,5,13.65 Lakh,1365000
Ford Aspire 1.2 Ti-VCT Trend,100135,Petrol,Manual,1,2016,1950,5,3.65 Lakh,365000
Maruti Wagon R VXI BS IV,40955,Petrol,Manual,2,2018,1248,5,3.65 Lakh,365000
Kia Seltos X-Line AT D,8357,Diesel,Automatic,1,2022,1197,4,17.58 Lakh,1758000
Maruti Swift VXI,71234,Petrol,Manual,1,2016,1956,5,4.31 Lakh,431000
Mercedes-Benz GLC 220d 4MATIC,18000,Diesel,Automatic,1,2020,1197,5,58.75 Lakh,5875000
Hyundai Accent Executive,43308,Petrol,Manual,1,2012,1997,4,2.12 Lakh,212000
Audi A4 Technology,16000,Petrol,Automatic,1,2021,1968,5,41.80 Lakh,4180000
Mercedes-Benz E-Class Exclusive E 220d,32000,Diesel,Automatic,1,2019,1950,7,54.75 Lakh,5475000
Maruti Swift Dzire VDI,111298,Diesel,Manual,2,2015,1998,5,4.28 Lakh,428000
Hyundai i20 Magna Plus BSIV,5240,Petrol,Manual,1,2019,1493,5,5.78 Lakh,578000
Tata Harrier XZ BSIV,66773,Diesel,Manual,1,2019,1493,5,13.83 Lakh,1383000
Hyundai i20 Magna 1.2,72009,Petrol,Manual,1,2016,1956,5,4.58 Lakh,458000
Mahindra Thar LX 4-Str Hard Top,5500,Petrol,Manual,1,2022,1373,5,16.80 Lakh,1680000
Audi Q5 30 TDI quattro Premium Plus,56500,Diesel,Automatic,1,2016,1498,5,23.90 Lakh,2390000
Mercedes-Benz C-Class Progressive C 220d,40200,Diesel,Automatic,1,2020,1196,5,43.75 Lakh,4375000
Mini 3 DOOR Cooper S,4200,Petrol,Automatic,2,2018,1197,5,43.75 Lakh,4375000
Hyundai i20 Asta Opt Diesel,13980,Diesel,Manual,2,2020,1197,7,10.59 Lakh,1059000
Mahindra TUV 300 T6 Plus,39563,Diesel,Manual,1,2016,1198,5,5.07 Lakh,507000
Tata Harrier XZ Plus,20499,Diesel,Manual,1,2020,814,5,19.22 Lakh,1922000
Maruti Ciaz VXi Plus,39967,Petrol,Manual,1,2016,2179,5,5.39 Lakh,539000
Honda Amaze V CVT Diesel BSIV,87593,Diesel,Automatic,2,2018,1582,5,5.97 Lakh,597000
Ford Aspire 1.2 Ti-VCT Trend,41717,Petrol,Manual,1,2015,1968,7,3.92 Lakh,392000
Maruti Swift VXI,18946,Petrol,Manual,1,2021,1984,7,5.98 Lakh,598000
Maruti Baleno 1.2 Delta,93428,Petrol,Manual,1,2017,1493,5,4.91 Lakh,491000
Volkswagen Polo 1.2 MPI Comfortline,44000,Petrol,Manual,1,2014,1248,5,3.90 Lakh,390000
Hyundai EON Magna Plus,37646,Petrol,Manual,2,2014,1462,5,2.17 Lakh,217000
Mahindra XUV500 W6 2WD,31188,Diesel,Manual,1,2015,1998,5,6.59 Lakh,659000
Hyundai Verna 1.6 CRDi EX MT,78960,Diesel,Manual,2,2014,1999,5,4.50 Lakh,450000
Audi A4 35 TDI Technology Edition,45500,Diesel,Automatic,1,2014,1395,5,14.80 Lakh,1480000
Audi A6 45 TFSI Technology,16000,Petrol,Automatic,0,2021,1968,5,57.80 Lakh,5780000
Hyundai Verna S Plus Diesel,7622,Diesel,Manual,1,2022,1968,5,10.66 Lakh,1066000
Chevrolet Enjoy TCDi LTZ 7 Seater,87365,Diesel,Manual,1,2014,1498,5,3.27 Lakh,327000
Maruti Ertiga ZXI AT,13672,Petrol,Automatic,1,2021,1968,5,10.59 Lakh,1059000
Audi A4 Technology,12000,Petrol,Automatic,1,2021,1497,5,45.90 Lakh,4590000
Jaguar XF 2.0 Diesel Prestige,59000,Diesel,Automatic,1,2018,1186,5,29.80 Lakh,2980000
Audi A4 30 TFSI Technology,41000,Petrol,Automatic,1,2018,1198,5,33.80 Lakh,3380000
Audi Q3 35 TDI Quattro Premium,44600,Diesel,Automatic,1,2017,1199,5,23.90 Lakh,2390000
Audi Q3 35 TDI Quattro Premium Plus,38500,Diesel,Automatic,2,2013,1498,5,12.80 Lakh,1280000
Renault Duster 1.5 Petrol RXL,33809,Petrol,Manual,1,2016,1396,5,6.15 Lakh,615000
Audi A6 35 TDI Technology,60100,Diesel,Automatic,2,2015,1197,5,19.75 Lakh,1975000
Ford Aspire Titanium Automatic,62168,Petrol,Automatic,1,2015,1248,5,4.85 Lakh,485000
Hyundai Grand i10 1.2 CRDi Sportz,79500,Diesel,Manual,1,2016,1197,5,3.30 Lakh,330000
Nissan Micra XL,43732,Petrol,Manual,1,2012,1497,5,1.80 Lakh,180000
Honda Amaze V CVT Petrol,82200,Petrol,Automatic,1,2018,1197,5,5.70 Lakh,570000
Ford Ecosport 1.5 DV5 MT Trend,66001,Diesel,Manual,2,2014,1197,5,4.55 Lakh,455000
Hyundai i20 Sportz 1.4 CRDi,83204,Diesel,Manual,2,2013,1197,5,3.35 Lakh,335000
Maruti Baleno 1.2 Delta,58516,Petrol,Manual,1,2018,1197,5,5.75 Lakh,575000
Maruti Ciaz ZDi Plus SHVS,93000,Diesel,Manual,1,2015,1197,5,5.35 Lakh,535000
Hyundai Grand i10 Sportz,73000,Petrol,Manual,1,2016,2143,5,4.45 Lakh,445000
Honda City 1.5 S MT,47864,Petrol,Manual,1,2009,1781,5,2.45 Lakh,245000
Maruti Baleno 1.2 Zeta,29000,Petrol,Manual,2,2019,1396,5,6.88 Lakh,688000
Hyundai i20 Magna 1.2,81000,Petrol,Manual,1,2017,1798,5,5.35 Lakh,535000
Hyundai i20 Asta Option 1.2,69000,Petrol,Manual,2,2015,1197,5,5.05 Lakh,505000
Hyundai Grand i10 AT Sportz,29000,Petrol,Automatic,1,2014,1498,5,4.35 Lakh,435000
Hyundai Grand i10 Sportz,64000,Petrol,Manual,1,2014,1399,5,3.85 Lakh,385000
Mercedes-Benz C-Class C 220 CDI Avantgarde,71000,Diesel,Automatic,2,2018,1197,7,29.75 Lakh,2975000
Audi A4 1.8 TFSI,57500,Petrol,Automatic,3,2013,1197,5,14.80 Lakh,1480000
Hyundai i20 Sportz 1.4 CRDi,83000,Diesel,Manual,2,2013,799,5,3.35 Lakh,335000
Audi A6 35 TFSI Matrix,12000,Petrol,Automatic,1,2016,2498,5,33.80 Lakh,3380000
Maruti Baleno Zeta,29000,Petrol,Manual,2,2019,1461,6,6.88 Lakh,688000
Volkswagen Vento 1.5 TDI Comfortline,93000,Diesel,Manual,1,2013,1197,8,3.45 Lakh,345000
Ford Figo Diesel LXI,90300,Diesel,Manual,1,2013,1461,5,2.10 Lakh,210000
Hyundai Grand i10 Sportz,73000,Petrol,Manual,1,2016,1198,5,4.45 Lakh,445000
Maruti Baleno 1.2 Delta,58000,Petrol,Manual,1,2018,2494,5,5.75 Lakh,575000
Renault KWID RXT,65292,Petrol,Manual,1,2017,1086,5,2.70 Lakh,270000
Mahindra Xylo E4,112341,Diesel,Manual,1,2009,1199,5,1.82 Lakh,182000
Nissan Sunny Diesel XL,92540,Diesel,Manual,2,2012,1061,5,1.96 Lakh,196000
Hyundai Grand i10 Sportz,69470,Petrol,Manual,1,2015,1582,5,3.59 Lakh,359000
Renault Duster 110PS Diesel RxZ,45590,Diesel,Manual,2,2012,2143,5,3.54 Lakh,354000
Mahindra KUV 100 NXT D75 K2,54137,Diesel,Manual,1,2018,1998,5,3.81 Lakh,381000
Toyota Innova 2.5 G (Diesel) 8 Seater,60130,Diesel,Manual,2,2012,1248,5,4.65 Lakh,465000
Hyundai i10 Era,54858,Petrol,Manual,2,2012,1462,5,2.01 Lakh,201000
Tata Altroz XZ,11939,Petrol,Manual,1,2020,1197,5,7.80 Lakh,780000
Maruti Wagon R VXI Minor,41149,Petrol,Manual,1,2009,1199,5,1.30 Lakh,130000
Hyundai Verna 1.6 SX CRDi (O),239199,Diesel,Manual,1,2012,2143,5,3.36 Lakh,336000
Mercedes-Benz GLE 250d,46100,Diesel,Automatic,1,2017,814,5,45.75 Lakh,4575000
BMW X3 xDrive 30i Luxury Line,18000,Petrol,Automatic,1,2021,1396,5,61.75 Lakh,6175000
Maruti Swift VDI,103992,Diesel,Manual,1,2012,998,7,2.88 Lakh,288000
Maruti Brezza VXi,1026,Petrol,Manual,1,2022,1582,5,9.09 Lakh,909000
Hyundai Grand i10 1.2 Kappa Sportz BSIV,14748,Petrol,Manual,1,2018,1368,5,4.67 Lakh,467000
Tata Altroz XZ,9789,Petrol,Manual,1,2020,2179,5,7.98 Lakh,798000
Mercedes-Benz CLA 200 CDI Style,56000,Diesel,Automatic,2,2015,1248,5,16 Lakh,1600000
Hyundai EON Era Plus,7779,Petrol,Manual,1,2015,1497,5,2.31 Lakh,231000
Hyundai i20 Magna 1.4 CRDi,81867,Diesel,Manual,4,2015,1497,5,3.85 Lakh,385000
Maruti Wagon R LXI BS IV,85232,Petrol,Manual,2,2015,998,5,2.76 Lakh,276000
Hyundai Verna 1.6 SX CRDi (O),53416,Diesel,Manual,2,2012,1197,5,3.61 Lakh,361000
Jeep Compass 1.4 Longitude Plus AT,78000,Petrol,Automatic,1,2018,1197,5,16.90 Lakh,1690000
Mahindra XUV500 W8 FWD,91480,Diesel,Manual,1,2012,1197,5,4.46 Lakh,446000
Maruti Swift Dzire VDI,55385,Diesel,Manual,1,2017,1197,5,5.70 Lakh,570000
Honda City i VTEC V,57264,Petrol,Manual,1,2017,1120,5,6.75 Lakh,675000
Mahindra XUV300 W4 Diesel,15220,Diesel,Manual,1,2021,998,5,9.23 Lakh,923000
Maruti Wagon R VXI BS IV,34438,Petrol,Manual,2,2014,1364,5,2.62 Lakh,262000
Hyundai Grand i10 Sportz,23931,Petrol,Manual,1,2017,1248,5,4.17 Lakh,417000
Hyundai Xcent 1.2 Kappa S,32423,Petrol,Manual,2,2014,1197,5,3.55 Lakh,355000
Maruti Ignis Sigma,6944,Petrol,Manual,1,2021,799,5,5.16 Lakh,516000
Maruti Baleno 1.2 Delta,51906,Petrol,Manual,1,2018,1498,5,5.32 Lakh,532000
Hyundai Xcent 1.1 CRDi S Option,55975,Diesel,Manual,2,2015,1197,5,3.71 Lakh,371000
Maruti Wagon R AMT VXI,46491,Petrol,Automatic,1,2016,1956,5,3.58 Lakh,358000
Toyota Platinum Etios 1.4 GXD,25330,Diesel,Manual,1,2018,1968,5,6.41 Lakh,641000
Maruti Swift VDI,86593,Diesel,Manual,2,2012,1197,4,2.88 Lakh,288000
Hyundai i20 Asta,76634,Petrol,Manual,2,2010,796,5,2.05 Lakh,205000
Renault KWID RXT,37094,Petrol,Manual,2,2018,1461,7,2.82 Lakh,282000
Honda Amaze S i-Dtech,94817,Diesel,Manual,2,2014,624,5,3.07 Lakh,307000
Hyundai i10 Magna 1.2,78841,Petrol,Manual,4,2009,1196,5,1.37 Lakh,137000
Tata Harrier XZ Plus,30193,Diesel,Manual,1,2021,1493,5,18.55 Lakh,1855000
Audi A4 35 TDI Technology,43900,Diesel,Automatic,1,2019,1396,5,32.80 Lakh,3280000
Maruti Swift VXI,60548,Petrol,Manual,1,2018,936,5,5.02 Lakh,502000
Maruti Alto 800 VXI Optional,7517,Petrol,Manual,1,2019,1197,4,3.17 Lakh,317000
Nissan Terrano XV 110 PS,99348,Diesel,Manual,2,2014,1248,5,4.14 Lakh,414000
Tata Nano Cx BSII,48977,Petrol,Manual,1,2011,1248,5,"53,250",53250
Ford Aspire 1.2 Ti-VCT Titanium,86754,Petrol,Manual,1,2015,1998,5,3.65 Lakh,365000
Mahindra TUV 300 T8,86418,Diesel,Manual,1,2017,1798,5,5.54 Lakh,554000
Hyundai Venue SX Opt Diesel BSIV,19540,Diesel,Manual,1,2019,1582,5,10.02 Lakh,1002000
Chevrolet Beat Diesel LT,76529,Diesel,Manual,1,2013,1199,5,1.26 Lakh,126000
Maruti Swift Dzire VXI 1.2,43334,Petrol,Manual,1,2017,1248,5,5.41 Lakh,541000
Maruti Swift Dzire VDI,99515,Diesel,Manual,2,2015,1197,5,4.28 Lakh,428000
Maruti Vitara Brezza VDi,47264,Diesel,Manual,1,2018,1497,5,6.82 Lakh,682000
BMW 6 Series GT 630i Luxury Line 2018-2021,20800,Petrol,Automatic,1,2019,1582,5,55.80 Lakh,5580000
Audi A4 35 TFSi Premium,32000,Petrol,Automatic,1,2016,1582,5,20.80 Lakh,2080000
Hyundai Elantra CRDi SX,87995,Diesel,Manual,2,2013,1197,5,5.33 Lakh,533000
Honda WR-V i-VTEC S,39283,Petrol,Manual,1,2017,1591,5,5.70 Lakh,570000
Maruti Ciaz VDi Plus SHVS,76239,Diesel,Manual,2,2016,998,5,5.48 Lakh,548000
Hyundai i20 Sportz,1040,Petrol,Manual,1,2022,1395,5,7.67 Lakh,767000
Honda City i-VTEC CVT V,22307,Petrol,Automatic,1,2019,1498,7,9.15 Lakh,915000
Hyundai Elantra CRDi SX,55538,Diesel,Manual,2,2013,1248,8,5.33 Lakh,533000
Hyundai Verna 1.6 SX,90867,Diesel,Manual,1,2013,998,5,4.14 Lakh,414000
Maruti Ignis Sigma,23302,Petrol,Manual,1,2021,2179,5,4.91 Lakh,491000
Hyundai Verna VTVT 1.6 SX,38990,Petrol,Manual,2,2018,2179,5,7.48 Lakh,748000
Maruti A-Star Vxi,65641,Petrol,Manual,1,2010,1199,5,1.44 Lakh,144000
Audi A4 30 TFSI Technology,27000,Petrol,Automatic,2,2018,1497,5,32.80 Lakh,3280000
Volkswagen Vento 1.5 TDI Comfortline,95129,Diesel,Manual,1,2013,998,5,3.45 Lakh,345000
Maruti Swift Dzire ZDI,135969,Diesel,Manual,1,2012,1968,5,3.46 Lakh,346000
Maruti Wagon R VXI,23400,Petrol,Manual,3,2020,998,7,5.11 Lakh,511000
Mahindra Scorpio S7 140 BSIV,55461,Diesel,Manual,1,2018,1197,5,10.64 Lakh,1064000
Mahindra Scorpio SLE BSIV,72299,Diesel,Manual,1,2010,1353,5,3.70 Lakh,370000
Honda Amaze VX,5362,Petrol,Manual,1,2022,2179,5,8.16 Lakh,816000
Honda City GXi,122758,Petrol,Manual,5,2005,1498,6,1.05 Lakh,105000
Maruti Wagon R LXI BS IV,66081,Petrol,Manual,1,2012,1197,5,2.15 Lakh,215000
Audi A6 35 TDI,85000,Diesel,Automatic,1,2015,1197,7,19.80 Lakh,1980000
Maruti Wagon R Stingray VXI,131022,Petrol,Manual,1,2015,1198,5,2.82 Lakh,282000
Maruti Swift VXI,52580,Petrol,Manual,1,2013,1197,5,2.86 Lakh,286000
Kia Seltos GTX Plus DCT,41714,Petrol,Automatic,1,2020,2179,5,16.95 Lakh,1695000
Mahindra XUV500 W8 FWD,121446,Diesel,Manual,1,2012,1991,5,4.29 Lakh,429000
Honda City VX MT,17262,Petrol,Manual,1,2020,814,5,12.12 Lakh,1212000
Maruti Swift Dzire VXI 1.2,65908,Petrol,Manual,1,2017,1498,5,5.41 Lakh,541000
Maruti Swift VXI,7282,Petrol,Manual,1,2020,1248,5,5.98 Lakh,598000
Mahindra KUV 100 mFALCON G80 K4,69404,Petrol,Manual,2,2016,1197,5,2.87 Lakh,287000
Maruti Swift Dzire VXI,29265,Petrol,Manual,1,2015,1995,5,4.08 Lakh,408000
Mahindra XUV500 R W10 FWD,50179,Diesel,Manual,2,2015,799,5,7.95 Lakh,795000
Mercedes-Benz GLA Class Urban Edition 200,29774,Petrol,Automatic,1,2019,1248,5,26.46 Lakh,2646000
Hyundai EON D Lite Plus,77896,Petrol,Manual,2,2012,2143,5,1.61 Lakh,161000
Honda City VX CVT,6144,Petrol,Automatic,1,2021,1497,5,13.47 Lakh,1347000
Maruti Swift VDI BSIV,88559,Diesel,Manual,2,2015,1198,5,4.22 Lakh,422000
Hyundai Grand i10 Sportz,51927,Petrol,Manual,2,2016,814,5,3.59 Lakh,359000
BMW 3 Series 320d Luxury Line,99000,Diesel,Automatic,1,2015,1197,7,13.50 Lakh,1350000
Renault KWID RXL,47000,Petrol,Manual,1,2018,1197,5,2.75 Lakh,275000
Maruti Baleno 1.3 Sigma,35000,Diesel,Manual,1,2018,1086,5,5.50 Lakh,550000
Mercedes-Benz C-Class C 220 CDI BE COR,58000,Diesel,Automatic,1,2013,1248,5,9.75 Lakh,975000
Honda City S,48000,Petrol,Manual,1,2012,1197,5,4 Lakh,400000
Honda Amaze VX AT i-Vtech,45000,Petrol,Automatic,1,2014,1998,5,4.75 Lakh,475000
Hyundai EON D Lite,60000,Petrol,Manual,2,2012,999,5,1.90 Lakh,190000
Hyundai i20 Magna Optional 1.2,23000,Petrol,Manual,1,2014,1396,5,4.65 Lakh,465000
Hyundai Grand i10 1.2 Kappa Era,45000,Petrol,Manual,1,2019,1495,5,4.60 Lakh,460000
Hyundai i10 Magna 1.1L,45000,Petrol,Manual,1,2014,1198,5,3.25 Lakh,325000
Maruti Ertiga VDI,58000,Diesel,Manual,1,2013,1186,5,5.25 Lakh,525000
Hyundai i20 1.2 Spotz,48000,Petrol,Manual,1,2018,1199,5,6.25 Lakh,625000
BMW 2 Series 220i M Sport,18000,Petrol,Automatic,1,2021,2499,5,40 Lakh,4000000
Skoda Kushaq 1.0 TSI Style 6 Airbags AT,16000,Petrol,Automatic,1,2022,2143,5,16.75 Lakh,1675000
Hyundai i20 Asta 1.4 CRDi,90000,Diesel,Manual,2,2015,1197,5,4.65 Lakh,465000
Hyundai Accent GLE,80000,Petrol,Manual,2,2006,1199,5,2.50 Lakh,250000
Tata Nexon 1.2 Revotron XZ Plus Dual Tone,140000,Petrol,Manual,1,2018,1461,5,8.30 Lakh,830000
Hyundai Grand i10 1.2 CRDi Asta,60000,Diesel,Manual,2,2019,998,5,4 Lakh,400000
Honda WR-V i-VTEC VX,17000,Petrol,Manual,1,2019,2143,5,9 Lakh,900000
Lexus NX 300h,111000,Petrol,Automatic,1,2018,1061,5,42 Lakh,4200000
Mercedes-Benz M-Class ML 250 CDI,38000,Diesel,Automatic,2,2015,1248,5,28.50 Lakh,2850000
Maruti Swift VXI,80000,Petrol,Manual,2,2013,1498,5,3.85 Lakh,385000
Honda Amaze V Petrol BSIV,36500,Petrol,Manual,1,2017,1196,5,6 Lakh,600000
Nissan Sunny XE D,55000,Diesel,Manual,2,2018,1497,5,4.25 Lakh,425000
Maruti Wagon R VXI Optional,80000,Petrol,Manual,2,2016,796,5,3 Lakh,300000
Mercedes-Benz C-Class C 220 CDI Elegance AT,98000,Diesel,Automatic,2,2010,1198,5,6.20 Lakh,620000
Maruti Wagon R LXI Minor,200000,Petrol,Manual,3,2007,796,5,1.98 Lakh,198000
Maruti Swift VDI,140000,Diesel,Manual,2,2012,1198,5,3.25 Lakh,325000
Volkswagen Vento 1.5 TDI Highline,100000,Diesel,Manual,2,2014,1497,5,3.60 Lakh,360000
Maruti Eeco 5 Seater AC BSIV,168000,Petrol,Manual,3,2012,1196,5,2.30 Lakh,230000
Kia Seltos HTX IVT G,25000,Petrol,Automatic,1,2021,995,7,15 Lakh,1500000
Maruti Alto LX BSIII,120000,Petrol,Manual,4,2009,998,5,1.10 Lakh,110000
Honda Amaze E i-VTEC,30000,Petrol,Manual,2,2017,796,7,4.45 Lakh,445000
Maruti Alto LX,100000,Petrol,Manual,1,2011,1497,5,1.36 Lakh,136000
Nissan Micra Active XL Petrol,80000,Petrol,Manual,1,2016,1461,5,2.50 Lakh,250000
Honda City i VTEC VX Option,50000,Petrol,Manual,1,2016,1196,5,10 Lakh,1000000
Maruti Eeco CNG 5 Seater AC,40000,Cng,Manual,1,2021,1796,7,2.90 Lakh,290000
Chevrolet Spark 1.0 LS,100000,Petrol,Manual,4,2009,1061,5,"55,000",55000
Maruti Wagon R VXI Optional,166000,Petrol,Manual,1,2015,1197,5,3 Lakh,300000
Maruti Alto 800 LXI,74000,Petrol,Manual,1,2014,1373,5,1.85 Lakh,185000
Honda BR-V i-VTEC E MT,80000,Petrol,Manual,1,2017,1451,5,7 Lakh,700000
Renault Duster 85PS Diesel RxS,60000,Diesel,Manual,2,2019,1197,5,6.50 Lakh,650000
Maruti Eeco 7 Seater STD 2020-2022,50000,Petrol,Manual,2,2020,1498,5,4.10 Lakh,410000
Mercedes-Benz E-Class E 200 CGI Elegance,70000,Petrol,Automatic,2,2011,1248,5,10 Lakh,1000000
Maruti Wagon R LXI Minor,73000,Petrol,Manual,2,2010,1497,5,2.20 Lakh,220000
Hyundai i20 1.2 Asta Option,70000,Petrol,Manual,1,2018,1197,5,6.50 Lakh,650000
Maruti Ertiga LXI CNG,120000,Cng,Manual,3,2014,1798,7,3.85 Lakh,385000
MG Hector Sharp DCT,40000,Petrol,Automatic,1,2021,1248,5,17 Lakh,1700000
Hyundai i20 1.2 Asta,50000,Petrol,Manual,1,2018,998,5,6.75 Lakh,675000
Honda Amaze SX i-DTEC,70000,Diesel,Manual,2,2015,2179,5,4.70 Lakh,470000
Maruti Ciaz ZDi Plus SHVS,70000,Diesel,Manual,2,2015,2967,5,5.90 Lakh,590000
Honda City 1.5 V AT,92000,Petrol,Automatic,2,2010,1197,5,3.50 Lakh,350000
Hyundai Grand i10 Magna,60000,Petrol,Manual,1,2015,1797,5,4.11 Lakh,411000
Skoda Superb Petrol Ambition,45000,Petrol,Manual,3,2012,1197,5,4 Lakh,400000
Tata Manza Aura (ABS) Quadrajet,58000,Diesel,Manual,3,2009,1199,5,1.35 Lakh,135000
Maruti Wagon R VXI BS IV,90000,Petrol,Manual,1,2013,1493,5,3.11 Lakh,311000
Tata Hexa XM Plus,35000,Diesel,Manual,2,2019,1061,5,13.50 Lakh,1350000
Audi A6 3.0 TDI quattro,80000,Diesel,Automatic,4,2010,1198,5,5.50 Lakh,550000
Hyundai Grand i10 Sportz,80000,Petrol,Manual,2,2014,1197,5,2.89 Lakh,289000
Hyundai Elantra SX,200000,Petrol,Manual,2,2012,1298,5,3.41 Lakh,341000
Hyundai Grand i10 Sportz,80000,Petrol,Manual,2,2015,1196,5,3.50 Lakh,350000
Chevrolet Beat LT,40000,Petrol,Manual,1,2011,1298,5,1.70 Lakh,170000
Hyundai Verna SX Opt AT Diesel,32000,Diesel,Automatic,1,2021,1198,5,15.50 Lakh,1550000
Maruti Wagon R LXI Minor,70000,Petrol,Manual,2,2009,1197,5,1.75 Lakh,175000
Mahindra KUV 100 NXT D75 K8 5Str,80000,Diesel,Manual,2,2017,1197,7,3.20 Lakh,320000
Maruti Swift Dzire VXI,60000,Petrol,Manual,1,2021,998,5,7 Lakh,700000
Maruti Swift 1.3 VXi,130000,Petrol,Manual,4,2008,1798,4,1.60 Lakh,160000
Maruti Eeco 5 STR With AC Plus HTR CNG,100000,Cng,Manual,4,2010,1248,7,1.30 Lakh,130000
Maruti Swift Dzire VXi,80000,Petrol,Manual,2,2009,1197,5,2.50 Lakh,250000
Nissan Micra XV CVT,80000,Petrol,Automatic,3,2017,624,5,3.08 Lakh,308000
Hyundai i20 Sportz,30000,Petrol,Manual,1,2020,1373,5,7.50 Lakh,750000
Hyundai i20 1.2 Spotz,30000,Petrol,Manual,1,2018,1461,7,6 Lakh,600000
Maruti Wagon R VXI Minor,90000,Petrol,Manual,2,2011,1248,5,2.50 Lakh,250000
Toyota Corolla Altis 1.8 J,120000,Petrol,Manual,4,2008,1196,5,1.45 Lakh,145000
Maruti Ertiga SHVS VDI,157000,Diesel,Manual,1,2017,2982,5,7 Lakh,700000
Maruti Wagon R VXI 1.2,50000,Petrol,Manual,3,2020,1199,5,4.25 Lakh,425000
Tata Nano LX SE,15000,Petrol,Manual,2,2012,2953,5,"60,000",60000
Maruti Ertiga VXI,90000,Petrol,Manual,4,2013,1197,5,4.25 Lakh,425000
Renault Pulse RxL,111000,Diesel,Manual,2,2013,1197,5,1.90 Lakh,190000
Tata Indica Aqua 1.3 Quadrajet,120000,Diesel,Manual,1,2011,1248,5,1.50 Lakh,150000
Maruti Eeco CNG HTR 5-STR,90000,Cng,Manual,4,2016,998,5,3.51 Lakh,351000
Toyota Fortuner 4x2 AT,40000,Diesel,Automatic,2,2014,1198,5,15 Lakh,1500000
Tata Tiago 1.2 Revotron XZ,110000,Petrol,Manual,1,2018,796,5,4.25 Lakh,425000
Ford Endeavour 3.0 4x4 Thunder Plus,210000,Diesel,Manual,1,2008,1197,5,5.80 Lakh,580000
Hyundai Grand i10 1.2 Kappa Magna CNG BSIV,80000,Cng,Manual,2,2019,1497,5,5.75 Lakh,575000
Maruti Swift Dzire VXI,100000,Petrol,Manual,3,2013,796,5,3.99 Lakh,399000
Maruti Swift Dzire VDi,198000,Diesel,Manual,2,2011,999,5,3.25 Lakh,325000
Maruti Alto K10 VXI,70000,Petrol,Manual,1,2019,998,5,3.50 Lakh,350000
Tata Nexon 1.2 Revotron XZ Plus,100000,Petrol,Manual,1,2020,2143,5,7.50 Lakh,750000
Maruti Alto 800 CNG LXI,50000,Cng,Manual,2,2016,799,5,2.35 Lakh,235000
Hyundai i20 Era 1.2,90000,Petrol,Manual,1,2014,1086,5,3.80 Lakh,380000
Honda City 1.5 V MT,120000,Petrol,Manual,4,2011,1086,7,2.75 Lakh,275000
Maruti Alto LXi,90000,Petrol,Manual,3,2012,998,5,1.51 Lakh,151000
Hyundai Santro AT,68000,Petrol,Automatic,2,2002,1599,5,1 Lakh,100000
Maruti A-Star Vxi,100000,Petrol,Manual,2,2010,998,5,1.65 Lakh,165000
Mercedes-Benz C-Class 220 CDI AT,68551,Diesel,Automatic,1,2013,1248,7,12 Lakh,1200000
Renault KWID RXT,20000,Petrol,Manual,1,2021,1984,5,4.50 Lakh,450000
Hyundai Santro Xing GL Plus,100000,Petrol,Manual,2,2014,1197,5,2.50 Lakh,250000
Hyundai Santro Xing GLS,90000,Petrol,Manual,3,2008,2446,7,1.60 Lakh,160000
Maruti Wagon R LXI CNG,90000,Cng,Manual,2,2010,1061,5,1.80 Lakh,180000
Hyundai Verna 1.6 Xi ABS,100000,Petrol,Manual,1,2009,2755,5,2 Lakh,200000
Maruti Wagon R VXI BS IV,83000,Petrol,Manual,2,2015,1197,5,3.50 Lakh,350000
Maruti Ertiga VDI,120000,Diesel,Manual,2,2014,1248,5,4.50 Lakh,450000
Volvo V40 Cross Country D3,50000,Diesel,Automatic,2,2014,1997,5,13 Lakh,1300000
Hyundai Grand i10 1.2 Kappa Sportz Option,80000,Petrol,Manual,3,2018,1197,5,4.50 Lakh,450000
Toyota Qualis FS B1,120000,Diesel,Manual,3,2001,1493,5,1.75 Lakh,175000
Maruti Wagon R LX Minor,60000,Petrol,Manual,2,2007,1498,4,1.25 Lakh,125000
Toyota Fortuner 2.8 2WD MT BSIV,114000,Diesel,Manual,1,2017,1199,5,27.01 Lakh,2701000
Maruti Swift VXI,17000,Petrol,Manual,1,2021,1197,8,6.80 Lakh,680000
Maruti Vitara Brezza ZDi Plus Dual Tone,72000,Diesel,Manual,1,2016,1498,7,7.75 Lakh,775000
Mahindra Scorpio 1.99 S10,75000,Diesel,Manual,2,2016,1248,5,10 Lakh,1000000
Hyundai i20 Asta Option CVT,30000,Petrol,Automatic,1,2020,2184,5,8.20 Lakh,820000
Hyundai Creta SX Opt Diesel AT,60000,Diesel,Automatic,1,2020,1497,5,17.75 Lakh,1775000
Honda Amaze V CVT Diesel BSIV,50000,Diesel,Automatic,1,2019,2494,5,8.75 Lakh,875000
Honda Amaze VX CVT,12000,Petrol,Automatic,1,2022,1493,5,9.25 Lakh,925000
Maruti Swift VXI Optional,67000,Petrol,Manual,1,2017,1197,5,5.75 Lakh,575000
Ford Ecosport 1.5 Diesel Titanium Plus,50000,Diesel,Manual,1,2020,1956,5,10.50 Lakh,1050000
Maruti Ciaz ZDi Plus SHVS,97000,Diesel,Manual,1,2016,1582,7,6.75 Lakh,675000
Mahindra Thar LX 4-Str Hard Top Diesel AT,17000,Diesel,Automatic,1,2021,1497,5,16.50 Lakh,1650000
Mahindra XUV300 W8 Option Diesel,65000,Diesel,Manual,1,2020,1995,5,10.50 Lakh,1050000
Toyota Innova 2.5 GX (Diesel) 8 Seater,137000,Diesel,Manual,2,2015,1497,5,8.25 Lakh,825000
Mahindra Bolero Power Plus ZLX,48000,Diesel,Manual,1,2017,1396,5,7.50 Lakh,750000
Maruti Swift Dzire VXI,13000,Petrol,Manual,1,2020,2755,5,6.75 Lakh,675000
MG Hector Sharp Diesel MT,52000,Diesel,Manual,1,2021,1248,5,17.75 Lakh,1775000
Hyundai Creta 1.6 CRDi SX Plus,68000,Diesel,Manual,2,2017,1493,7,9.75 Lakh,975000
Mahindra XUV300 W8 Option Diesel BSIV,82000,Diesel,Manual,1,2019,1248,5,10.25 Lakh,1025000
Renault Koleos 4X4 MT,120000,Diesel,Manual,1,2016,1995,7,6.20 Lakh,620000
Honda City EXi,120000,Petrol,Manual,2,2008,1493,5,2.90 Lakh,290000
Hyundai i20 Asta Option Diesel,65000,Diesel,Manual,1,2017,1582,5,6.90 Lakh,690000
Toyota Fortuner 2.8 4WD AT,67000,Diesel,Automatic,1,2019,2755,5,37 Lakh,3700000
Maruti Ciaz ZDi Plus SHVS,79000,Diesel,Manual,1,2017,1498,5,7.25 Lakh,725000
Hyundai Creta SX Opt Diesel,9000,Diesel,Manual,1,2021,2393,5,18.50 Lakh,1850000
Maruti Swift Dzire VDI,64000,Diesel,Manual,1,2018,1248,5,7.30 Lakh,730000
BMW X1 sDrive20d Expedition,18000,Diesel,Automatic,1,2020,1396,5,32 Lakh,3200000
Kia Seltos HTX Plus D,38000,Diesel,Manual,1,2022,1956,5,18.25 Lakh,1825000
Hyundai Verna CRDi 1.6 SX,84000,Diesel,Manual,1,2018,1582,7,8.90 Lakh,890000
Toyota Fortuner 2.8 2WD AT BSIV,95000,Diesel,Automatic,1,2017,1197,7,29 Lakh,2900000
Honda Amaze VX i DTEC,51000,Diesel,Manual,1,2018,1497,5,7.90 Lakh,790000
Toyota Innova Crysta 2.4 ZX MT BSIV,90000,Diesel,Manual,2,2019,1493,7,21 Lakh,2100000
Maruti Swift DDiS LDI,65000,Diesel,Manual,1,2019,1198,5,6 Lakh,600000
Hyundai i20 Asta Option 1.4 CRDi,69000,Diesel,Manual,1,2016,3198,5,7 Lakh,700000
Tata Harrier XZA Plus Dark Edition AT,40000,Diesel,Automatic,1,2020,1462,5,21 Lakh,2100000
Hyundai Verna 1.6 CRDI AT SX Option,75000,Diesel,Automatic,1,2017,1591,5,9.75 Lakh,975000
Hyundai Grand i10 1.2 Kappa Sportz BSIV,65000,Petrol,Manual,1,2018,2198,5,5.50 Lakh,550000
Honda City i-VTEC V,43000,Petrol,Manual,1,2019,1956,5,9.50 Lakh,950000
Hyundai Creta SX Opt Diesel,23000,Diesel,Manual,1,2021,796,5,18 Lakh,1800000
Honda Amaze VX i-VTEC,27000,Petrol,Manual,1,2019,1582,7,7.40 Lakh,740000
Ford Endeavour 3.2 Titanium AT 4X4,86000,Diesel,Automatic,1,2016,1196,7,23.50 Lakh,2350000
Maruti Ertiga ZXI,83000,Petrol,Manual,1,2019,1197,5,10.40 Lakh,1040000
Hyundai Verna 1.6 SX VTVT AT,44000,Petrol,Automatic,2,2014,796,5,6.50 Lakh,650000
Ford Endeavour 2.2 Titanium AT 4X2 Sunroof,110000,Diesel,Automatic,1,2018,999,5,27.50 Lakh,2750000
Tata Harrier XZA Plus Dark Edition AT,39000,Diesel,Automatic,1,2020,1373,5,21 Lakh,2100000
Maruti Alto 800 LXI Opt BSIV,18000,Petrol,Manual,1,2019,1373,5,3.65 Lakh,365000
Hyundai Creta 1.6 CRDi AT SX Plus,91000,Diesel,Automatic,1,2017,1498,5,11.90 Lakh,1190000
Maruti Eeco 5 Seater AC BSIV,104911,Petrol,Manual,1,2019,1199,5,3.58 Lakh,358000
Hyundai Grand i10 1.2 Kappa Sportz Option,127509,Petrol,Manual,1,2017,1197,5,4.55 Lakh,455000
Maruti Alto 800 LXI,29353,Petrol,Manual,1,2019,1451,5,3.28 Lakh,328000
Renault Kiger RXZ Turbo,42859,Petrol,Manual,1,2021,1197,5,8.10 Lakh,810000
Maruti Ertiga VXI CNG,106785,Cng,Manual,1,2017,1498,5,6.52 Lakh,652000
Maruti Ertiga ZXI,93703,Petrol,Manual,4,2013,1299,5,4.09 Lakh,409000
Honda City i DTEC VX,111474,Diesel,Manual,2,2015,1086,5,5.29 Lakh,529000
Honda Jazz 1.2 S AT i VTEC,77038,Petrol,Automatic,2,2015,1461,5,4.88 Lakh,488000
Maruti Ignis Sigma,13945,Petrol,Manual,1,2021,1086,5,4.83 Lakh,483000
MG Hector Sharp DCT,30106,Petrol,Automatic,1,2019,1995,7,16.15 Lakh,1615000
Maruti Swift Dzire VXI 1.2,84798,Petrol,Manual,1,2020,1197,5,6.15 Lakh,615000
Honda City i DTec VX,92696,Diesel,Manual,2,2017,1497,5,6.80 Lakh,680000
Ford Ikon 1.3 Flair,80044,Petrol,Manual,1,2009,1197,5,"87,256",87256
Hyundai Santro Xing GL Plus,51974,Petrol,Manual,1,2014,1197,5,2.39 Lakh,239000
Renault Fluence Diesel E4,152000,Diesel,Manual,2,2013,2179,5,3.63 Lakh,363000
Hyundai Santro Xing GLS,84508,Petrol,Manual,3,2014,796,5,1.84 Lakh,184000
BMW X1 sDrive20d,100265,Diesel,Automatic,2,2014,1086,5,10.50 Lakh,1050000
Hyundai i20 1.2 Asta,69475,Petrol,Manual,2,2018,1582,5,5.68 Lakh,568000
Honda City i VTEC CVT VX,79165,Petrol,Automatic,2,2015,1199,5,6.57 Lakh,657000
Toyota Etios Liva G,138094,Petrol,Manual,2,2011,799,5,2.14 Lakh,214000
Hyundai i20 1.2 Magna Executive,43993,Petrol,Manual,2,2018,998,5,5.18 Lakh,518000
Mahindra XUV500 W8 2WD,77494,Diesel,Manual,2,2012,1461,5,4.91 Lakh,491000
Maruti Alto 800 LXI,33880,Petrol,Manual,1,2019,1956,5,2.99 Lakh,299000
Hyundai i10 Magna 1.1L,98223,Petrol,Manual,2,2012,1198,5,2.23 Lakh,223000
Hyundai Verna 1.6 SX,90387,Diesel,Manual,1,2012,998,5,4.16 Lakh,416000
Tata Tiago 1.2 Revotron XZ,80176,Petrol,Manual,1,2018,998,5,4.04 Lakh,404000
Renault KWID RXL,72685,Petrol,Manual,1,2016,1582,7,2.37 Lakh,237000
Maruti Wagon R LXI BS IV,42090,Petrol,Manual,1,2013,999,5,2.39 Lakh,239000
Renault Duster 110PS Diesel RxL,111332,Diesel,Manual,2,2013,1086,5,3.50 Lakh,350000
MG Hector Sharp Diesel MT BSIV,32744,Diesel,Manual,2,2019,1193,5,15.68 Lakh,1568000
Nissan Micra XL,47910,Petrol,Manual,3,2011,1248,5,2.07 Lakh,207000
Maruti Wagon R VXI BS IV,98466,Petrol,Manual,1,2014,2494,5,2.73 Lakh,273000
Maruti Wagon R VXI BS IV,81929,Petrol,Manual,3,2011,1197,5,1.66 Lakh,166000
Hyundai Verna 1.6 SX,56538,Diesel,Manual,2,2011,1197,5,3.81 Lakh,381000
Renault KWID 1.0 RXL,61432,Petrol,Manual,1,2018,1461,5,2.69 Lakh,269000
Hyundai Santro Xing GL Plus,87733,Petrol,Manual,3,2012,1086,5,1.74 Lakh,174000
Tata Zest Revotron 1.2T XMS,112991,Petrol,Manual,3,2015,1368,5,2.41 Lakh,241000
Maruti Swift Dzire VDI,124628,Diesel,Manual,2,2012,999,5,2.98 Lakh,298000
Toyota Innova 2.5 VX (Diesel) 7 Seater,83233,Diesel,Manual,1,2015,998,5,9.57 Lakh,957000
Maruti Ignis 1.2 Zeta BSIV,73140,Petrol,Manual,1,2017,1248,5,4.83 Lakh,483000
Hyundai i20 1.2 Magna Opt,111437,Petrol,Manual,2,2012,1197,5,2.44 Lakh,244000
Nissan Sunny Diesel XV,174529,Diesel,Manual,2,2013,1197,5,2.58 Lakh,258000
Hyundai i10 Era,78755,Petrol,Manual,4,2011,1086,5,1.74 Lakh,174000
Hyundai Verna VTVT 1.4 E,35336,Petrol,Manual,1,2018,1248,5,6.75 Lakh,675000
Renault KWID Climber 1.0 AMT,11755,Petrol,Automatic,1,2019,1798,5,4.29 Lakh,429000
Maruti Wagon R LXI BS IV,95891,Petrol,Manual,3,2010,1497,5,1.34 Lakh,134000
Maruti Baleno 1.3 Zeta,76502,Diesel,Manual,2,2018,2143,5,5.99 Lakh,599000
Maruti Swift Dzire VXI,29526,Petrol,Manual,2,2021,1198,5,6.58 Lakh,658000
Hyundai i20 Magna,59650,Petrol,Manual,2,2012,796,5,2.77 Lakh,277000
Hyundai Getz 1.1 GVS,122236,Petrol,Manual,5,2009,1495,5,"95,157",95157
Maruti SX4 S Cross Zeta DDiS 200 SH,44641,Diesel,Manual,1,2018,1197,5,7.58 Lakh,758000
Skoda Superb Elegance 1.8 TSI AT,77613,Petrol,Automatic,3,2010,1956,5,3.08 Lakh,308000
Honda City i VTEC CVT VX,61687,Petrol,Automatic,2,2015,1399,5,6.83 Lakh,683000
Mercedes-Benz CLA 200 CDI Sport,144496,Diesel,Automatic,1,2016,1497,5,16.36 Lakh,1636000
Honda Brio EX MT,149636,Petrol,Manual,3,2013,1197,5,2.11 Lakh,211000
Maruti Alto 800 LXI,95489,Petrol,Manual,1,2015,1061,5,1.99 Lakh,199000
Hyundai Accent Executive,155835,Petrol,Manual,4,2011,1198,5,1.38 Lakh,138000
Maruti Swift VXI,51371,Petrol,Manual,1,2019,799,5,5.48 Lakh,548000
Jeep Compass 2.0 Limited 4X4,57400,Diesel,Manual,1,2018,1368,7,12.87 Lakh,1287000
Ford Figo Diesel Titanium,146439,Diesel,Manual,1,2011,2400,5,1.56 Lakh,156000
Honda City 1.5 V MT,69733,Petrol,Manual,1,2011,1461,5,4.01 Lakh,401000
Hyundai Xcent Prime T Plus CNG,92124,Cng,Manual,2,2018,1197,5,4.19 Lakh,419000
Maruti Wagon R LXI Minor,85191,Petrol,Manual,3,2008,1120,5,"90,698",90698
Volkswagen Polo 1.2 MPI Highline,157151,Petrol,Manual,2,2014,1248,5,2.97 Lakh,297000
Renault KWID RXT Optional,28691,Petrol,Manual,1,2018,1591,5,3.35 Lakh,335000
Fiat Linea T Jet Active,81350,Petrol,Manual,3,2011,1998,5,1.20 Lakh,120000
Volvo XC60 D5 Summum,126553,Diesel,Automatic,1,2013,999,7,15.56 Lakh,1556000
Nissan Terrano XL Plus 85 PS,86019,Diesel,Manual,2,2014,1196,5,4.16 Lakh,416000
Maruti Swift VXI,22511,Petrol,Manual,1,2020,1199,7,5.68 Lakh,568000
Hyundai Grand i10 CRDi Sportz,61893,Diesel,Manual,2,2017,2499,5,4.24 Lakh,424000
Maruti Ertiga ZDI,114892,Diesel,Manual,2,2015,2143,5,5.55 Lakh,555000
Hyundai Verna VTVT 1.6 SX,50720,Petrol,Manual,1,2019,1248,5,7.71 Lakh,771000
BMW 2 Series 220i M Sport,18000,Petrol,Automatic,1,2021,1199,7,40 Lakh,4000000
Skoda Kushaq 1.0 TSI Style 6 Airbags AT,16000,Petrol,Automatic,1,2022,2179,5,16.75 Lakh,1675000
Maruti Eeco 5 Seater AC 2020-2022,80000,Petrol,Manual,2,2020,1396,5,4.15 Lakh,415000
Honda WR-V i-VTEC VX,17000,Petrol,Manual,1,2019,1248,5,9 Lakh,900000
Lexus NX 300h,111000,Petrol,Automatic,1,2018,1186,5,42 Lakh,4200000
Mercedes-Benz M-Class ML 250 CDI,38000,Diesel,Automatic,2,2015,1498,5,28.50 Lakh,2850000
Maruti Ertiga SHVS VDI,71000,Diesel,Manual,1,2017,1197,5,7.71 Lakh,771000
Honda Amaze V Petrol BSIV,36500,Petrol,Manual,1,2017,1199,5,6 Lakh,600000
Mahindra XUV500 W8 AWD,77000,Diesel,Manual,1,2013,1499,5,5.90 Lakh,590000
Hyundai i20 1.4 Asta Option,68000,Diesel,Manual,1,2017,1172,5,7.11 Lakh,711000
Maruti Swift Dzire VDi,110000,Diesel,Manual,2,2010,1968,5,2.30 Lakh,230000
Hyundai Xcent 1.2 CRDi SX,65000,Diesel,Manual,1,2018,995,5,5.50 Lakh,550000
Honda BR-V i-DTEC V MT,77000,Diesel,Manual,2,2017,1086,5,7.50 Lakh,750000
Hyundai Grand i10 Asta Option,60000,Petrol,Manual,1,2015,1498,5,4.50 Lakh,450000
Tata Tiago XTA AMT,2640,Petrol,Automatic,1,2002,1298,5,6.10 Lakh,610000
Ford Fiesta Petrol Titanium,60000,Petrol,Manual,3,2011,1493,5,2.30 Lakh,230000
Fiat Punto 1.2 Active,80000,Petrol,Manual,1,2014,1197,5,1.60 Lakh,160000
Skoda Octavia 2.0 TDI AT Style Plus,120000,Diesel,Automatic,3,2016,1341,5,9.30 Lakh,930000
Chevrolet Spark 1.0 LT,80000,Petrol,Manual,2,2009,1497,5,"56,000",56000
Hyundai Santro Xing XE,25000,Petrol,Manual,1,2007,1353,5,1 Lakh,100000
Honda Amaze SX i-DTEC,90000,Diesel,Manual,2,2014,1120,5,3.20 Lakh,320000
Maruti Swift 1.3 LXI,30130,Petrol,Manual,2,2006,1248,7,2.15 Lakh,215000
Hyundai Verna SX Opt AT Diesel,32000,Diesel,Automatic,1,2021,1995,5,15.50 Lakh,1550000
Maruti Swift VXI,13000,Petrol,Manual,1,2022,1199,5,6.75 Lakh,675000
Hyundai Getz GLS,40000,Petrol,Manual,2,2005,799,5,1.10 Lakh,110000
Hyundai Creta SX Opt IVT,20000,Petrol,Automatic,1,2021,1298,5,15.50 Lakh,1550000
Kia Seltos GTX Plus DCT,16000,Petrol,Automatic,1,2021,2179,5,16.51 Lakh,1651000
Hyundai Grand i10 CRDi Magna,60000,Diesel,Manual,2,2014,1461,5,3.70 Lakh,370000
Maruti Swift Dzire ZDi,120000,Diesel,Manual,3,2010,1086,5,2.50 Lakh,250000
BMW X1 sDrive20d,120000,Diesel,Automatic,2,2012,1193,5,7.40 Lakh,740000
Skoda Fabia 1.2L Diesel Elegance,70000,Diesel,Manual,2,2012,1196,5,2.10 Lakh,210000
Datsun RediGO T Option,40000,Petrol,Manual,1,2017,1495,5,1.80 Lakh,180000
Maruti Swift Dzire VXi,120000,Petrol,Manual,2,2010,1498,7,3 Lakh,300000
Tata Hexa XTA,90000,Diesel,Automatic,1,2017,1598,5,10.51 Lakh,1051000
Nissan Micra Diesel XV,90000,Diesel,Manual,1,2011,1198,5,1.95 Lakh,195000
Hyundai Santro Xing XG AT eRLX Euro II,110000,Petrol,Automatic,3,2006,1197,5,1 Lakh,100000
Tata Zest Revotron 1.2T XM,110000,Petrol,Manual,2,2015,1586,7,2.80 Lakh,280000
Maruti Eeco 5 Seater Standard BSIV,89511,Petrol,Manual,1,2011,1493,4,2.25 Lakh,225000
Hyundai Accent Executive CNG,120000,Cng,Manual,2,2012,1248,5,1.50 Lakh,150000
Skoda Rapid 1.5 TDI AT Style Plus,70000,Diesel,Automatic,2,2016,1197,5,6 Lakh,600000
Skoda Rapid 1.6 MPI AT Elegance Black Package,90000,Petrol,Automatic,2,2014,1086,5,3.90 Lakh,390000
Honda Brio EX MT,50000,Petrol,Manual,1,2013,1248,5,3 Lakh,300000
Maruti Ritz LXI,132000,Petrol,Manual,2,2011,624,5,1.60 Lakh,160000
Maruti SX4 Vxi BSIII,80000,Petrol,Manual,3,2008,1198,5,1.75 Lakh,175000
Mahindra Bolero Neo N10,30000,Diesel,Manual,1,2021,796,5,10.20 Lakh,1020000
Maruti Swift RS VDI,100000,Diesel,Manual,1,2014,1461,5,4 Lakh,400000
Hyundai Grand i10 1.2 Kappa Magna BSIV,15000,Petrol,Manual,1,2019,1798,5,5.35 Lakh,535000
Hyundai Santro Xing GL Plus,120000,Petrol,Manual,2,2015,1582,5,2.20 Lakh,220000
Maruti Ertiga VDI,120000,Diesel,Manual,3,2013,1493,5,4 Lakh,400000
Tata Nano Lx,50000,Petrol,Manual,2,2011,1390,5,"35,000",35000
Honda Amaze SX i-VTEC,70000,Petrol,Manual,2,2014,2354,5,4.40 Lakh,440000
Maruti Alto 800 LXI,35000,Petrol,Manual,1,2016,1598,5,2.60 Lakh,260000
Nissan Terrano XL Plus 85 PS,70000,Diesel,Manual,1,2015,1590,5,5 Lakh,500000
Skoda Superb 1.8 TSI,80000,Petrol,Automatic,1,2009,1995,5,2.50 Lakh,250000
Hyundai Creta 1.6 CRDi SX Option,120000,Diesel,Manual,1,2016,1197,5,9 Lakh,900000
Hyundai Verna CRDi,100000,Diesel,Manual,2,2008,1590,5,1.90 Lakh,190000
Mahindra Renault Logan 1.4 GLX,90000,Petrol,Manual,3,2008,1582,5,1 Lakh,100000
Honda Accord 2.4 A/T,100000,Petrol,Automatic,1,2012,814,5,5.10 Lakh,510000
Volkswagen Vento Diesel Comfortline,110000,Diesel,Manual,3,2011,936,5,1.90 Lakh,190000
Maruti Baleno LXI - BSIII,90000,Petrol,Manual,2,2006,1196,5,1.30 Lakh,130000
BMW X1 sDrive 20d xLine,50000,Diesel,Automatic,3,2016,1248,5,21 Lakh,2100000
Hyundai Grand i10 Magna,90000,Petrol,Manual,2,2017,998,7,3.55 Lakh,355000
Maruti Baleno LXI,90000,Petrol,Manual,2,2006,1582,5,1.30 Lakh,130000
Hyundai Verna 1.6 SX CRDI (O) AT,88777,Diesel,Automatic,2,2015,1461,5,5.49 Lakh,549000
Hyundai EON Sportz,65239,Petrol,Manual,2,2012,1248,5,1.83 Lakh,183000
Chevrolet Beat Diesel LS,88741,Diesel,Manual,2,2014,1497,5,1.52 Lakh,152000
Maruti Eeco 5 Seater AC BSIV,58017,Petrol,Manual,1,2016,2179,5,3.15 Lakh,315000
Maruti Ciaz VDi Plus SHVS,70076,Diesel,Manual,3,2016,995,5,5.14 Lakh,514000
Maruti Alto K10 VXI,55202,Petrol,Manual,1,2018,1196,7,3.36 Lakh,336000
Hyundai Verna 1.6 CRDi EX MT,99681,Diesel,Manual,2,2012,999,5,3.44 Lakh,344000
Renault Duster 110PS Diesel RxZ,88189,Diesel,Manual,2,2013,1248,5,3.96 Lakh,396000
Tata Indica Quadrajet LS,273257,Diesel,Manual,4,2011,1086,5,"84,602",84602
Honda City i VTEC V,104062,Petrol,Manual,2,2014,1199,5,5.09 Lakh,509000
Mahindra XUV500 W8 2WD,103448,Diesel,Manual,2,2014,2179,5,5.81 Lakh,581000
Chevrolet Spark 1.0 LS,73672,Petrol,Manual,2,2013,1497,5,1.34 Lakh,134000
Maruti Eeco 5 Seater AC BSIV,93009,Petrol,Manual,1,2017,1498,5,3.15 Lakh,315000
Renault Kiger RXT,13244,Petrol,Manual,1,2021,999,5,7.49 Lakh,749000
Maruti Swift Dzire VDi,128999,Diesel,Manual,2,2010,1598,5,2.33 Lakh,233000
Hyundai i10 Magna 1.1,75722,Petrol,Manual,3,2010,1496,5,1.65 Lakh,165000
Honda Jazz VX CVT,94834,Petrol,Automatic,1,2018,1499,5,6.23 Lakh,623000
Mahindra XUV500 AT W10 FWD,93453,Diesel,Automatic,2,2017,1582,5,9.91 Lakh,991000
Honda City i-VTEC VX,26352,Petrol,Manual,1,2018,1197,5,9.21 Lakh,921000
Volkswagen Vento 1.5 TDI Highline AT,80746,Diesel,Automatic,3,2016,1497,5,4.92 Lakh,492000
Nissan Magnite XL,5973,Petrol,Manual,1,2021,1199,5,5.27 Lakh,527000
Volkswagen Vento Diesel Highline,118137,Diesel,Manual,3,2011,1498,5,2.27 Lakh,227000
Toyota Etios G,85560,Petrol,Manual,1,2011,1497,7,2.68 Lakh,268000
Ford Figo 1.5P Titanium AT,69693,Petrol,Automatic,2,2016,1197,5,4.11 Lakh,411000
Hyundai Creta 1.6 CRDi SX Option,91879,Diesel,Manual,2,2016,1197,5,8.14 Lakh,814000
Hyundai i20 Sportz Petrol,125403,Petrol,Manual,3,2010,1497,5,2.02 Lakh,202000
Honda City i VTEC VX,71434,Petrol,Manual,1,2016,1582,5,6.38 Lakh,638000
Tata Tiago 1.2 Revotron XZ,52328,Petrol,Manual,2,2016,2179,5,3.52 Lakh,352000
Honda Amaze S i-Dtech,65027,Diesel,Manual,2,2014,1199,5,3.71 Lakh,371000
Tata Altroz XE Diesel,4553,Diesel,Manual,1,2022,1598,5,7.07 Lakh,707000
Hyundai Grand i10 Sportz,50185,Petrol,Manual,1,2015,1497,5,3.85 Lakh,385000
Hyundai i20 Petrol CVT Asta,48953,Petrol,Automatic,2,2018,1197,5,6.82 Lakh,682000
Honda City 1.5 S MT,161875,Petrol,Manual,1,2011,1498,5,3.26 Lakh,326000
Hyundai Creta 1.6 CRDi SX,101585,Diesel,Manual,1,2016,1396,5,8.29 Lakh,829000
Mahindra Scorpio S5,27924,Diesel,Manual,1,2020,1950,5,12.36 Lakh,1236000
Volkswagen Polo Diesel Comfortline 1.2L,77863,Diesel,Manual,2,2013,1498,5,2.79 Lakh,279000
Skoda Rapid 1.6 TDI Ambition,140141,Diesel,Manual,1,2012,796,7,2.75 Lakh,275000
Honda City 1.5 S MT,116442,Petrol,Manual,1,2009,1197,5,2.89 Lakh,289000
Hyundai i20 Magna 1.2,46329,Petrol,Manual,1,2015,1197,5,4.31 Lakh,431000
Skoda Rapid 1.5 TDI Elegance,97702,Diesel,Manual,2,2015,1197,5,4.35 Lakh,435000
Hyundai i20 Sportz 1.4 CRDi,84533,Diesel,Manual,2,2015,1197,5,3.88 Lakh,388000
Mercedes-Benz E-Class Exclusive E 220 d BSIV,115372,Diesel,Automatic,1,2018,1248,5,40.98 Lakh,4098000
Volkswagen Vento 1.5 TDI Highline AT,79715,Diesel,Automatic,2,2016,1598,7,5.51 Lakh,551000
Maruti Alto 800 LXI,269930,Petrol,Manual,1,2014,814,5,1.46 Lakh,146000
Hyundai i10 Magna,84561,Petrol,Manual,2,2013,1199,5,2.57 Lakh,257000
Maruti Swift Dzire VXI,94479,Petrol,Manual,2,2015,1248,5,3.98 Lakh,398000
Hyundai i20 Sportz 1.2,65723,Petrol,Manual,1,2014,1599,5,3.71 Lakh,371000
Hyundai i20 1.2 Asta Option,120707,Petrol,Manual,1,2018,1248,5,5.88 Lakh,588000
Maruti Ertiga SHVS VDI,95873,Diesel,Manual,2,2016,1197,5,6.27 Lakh,627000
Volkswagen Vento Diesel Highline,98439,Diesel,Manual,3,2011,1086,5,2.31 Lakh,231000
Hyundai EON Magna Optional,80310,Petrol,Manual,1,2011,1248,5,1.60 Lakh,160000
Volkswagen Polo 1.2 MPI Comfortline,23677,Petrol,Manual,1,2016,1197,5,4.54 Lakh,454000
Maruti Swift Dzire VDI,136782,Diesel,Manual,1,2017,1196,5,5.28 Lakh,528000
Hyundai Verna Transform Xi,76491,Petrol,Manual,1,2010,1197,5,2.80 Lakh,280000
Maruti Ertiga SHVS ZDI Plus,45991,Diesel,Manual,1,2017,1197,5,7.75 Lakh,775000
Hyundai Grand i10 1.2 Kappa Magna BSIV,13481,Petrol,Manual,1,2019,998,5,4.96 Lakh,496000
Hyundai Santro Xing GLS,77414,Petrol,Manual,3,2009,1186,7,1.28 Lakh,128000
Maruti Swift Dzire VDI,48182,Diesel,Manual,1,2014,1248,5,4.20 Lakh,420000
Hyundai i10 Magna 1.2,42262,Petrol,Manual,1,2010,998,5,1.99 Lakh,199000
Maruti Eeco 5 Seater AC BSIV,126761,Petrol,Manual,2,2013,1498,5,1.93 Lakh,193000
Maruti Swift Dzire VXI,84080,Petrol,Manual,2,2013,1120,5,3.18 Lakh,318000
Hyundai i10 Sportz,55961,Petrol,Manual,3,2011,1997,5,2.17 Lakh,217000
Maruti Wagon R VXI,46567,Petrol,Manual,1,2020,1197,5,5 Lakh,500000
Hyundai Xcent 1.2 CRDi SX,42000,Diesel,Manual,1,2018,0,5,6.25 Lakh,625000
Maruti Ciaz ZDi,79000,Diesel,Manual,1,2015,1461,7,6.11 Lakh,611000
Maruti Wagon R LXI BS IV,114478,Petrol,Manual,1,2017,1422,5,3.11 Lakh,311000
Honda WR-V i-DTEC VX,104931,Diesel,Manual,1,2018,1197,5,7.13 Lakh,713000
Hyundai Grand i10 CRDi Magna,63467,Diesel,Manual,1,2015,1498,5,3.68 Lakh,368000
Mahindra Scorpio 1.99 S10,75000,Diesel,Manual,2,2016,1197,5,10 Lakh,1000000
Hyundai i20 Asta Option CVT,30000,Petrol,Automatic,1,2020,2179,5,8.20 Lakh,820000
Tata Nexon EV Prime XZ Plus Dark Edition,8397,Electric,Automatic,1,2022,1186,5,13.39 Lakh,1339000
Renault Duster 85PS Diesel RxL Optional,137286,Diesel,Manual,1,2014,1499,5,4.07 Lakh,407000
Skoda Fabia 1.4 TDI Ambiente,105768,Diesel,Manual,3,2010,1120,5,1.16 Lakh,116000
Hyundai i20 Sportz Plus,48000,Petrol,Manual,1,2019,1498,5,6.75 Lakh,675000
Volkswagen Vento 1.5 TDI Highline AT,74088,Diesel,Automatic,1,2016,1598,5,8.50 Lakh,850000
Maruti Eeco 5 Seater AC,38000,Petrol,Manual,1,2019,1497,5,5.35 Lakh,535000
Mahindra XUV500 W10 2WD,66000,Diesel,Manual,1,2015,1498,5,8.50 Lakh,850000
Hyundai Grand i10 1.2 CRDi Sportz,52000,Diesel,Manual,1,2018,1196,5,4.95 Lakh,495000
Ford Aspire Titanium Plus Diesel,54000,Diesel,Manual,1,2015,1197,5,4.50 Lakh,450000
Hyundai Grand i10 CRDi Magna,54000,Diesel,Manual,1,2016,998,5,4.50 Lakh,450000
Volkswagen Vento 1.5 TDI Highline Plus,55000,Diesel,Manual,1,2017,1461,5,8.75 Lakh,875000
Volkswagen Vento Diesel Highline,68000,Diesel,Manual,1,2014,2354,5,4.95 Lakh,495000
Ford Ecosport 1.5 Petrol Ambiente BSIV,26339,Petrol,Manual,3,2018,1248,8,5.73 Lakh,573000
Ford Ecosport Sports Diesel,50044,Diesel,Manual,1,2021,1197,5,10.93 Lakh,1093000
Maruti Eeco 5 Seater AC BSIV,99569,Petrol,Manual,3,2016,1197,5,2.56 Lakh,256000
Hyundai i20 Sportz Petrol,77537,Petrol,Manual,2,2010,995,5,2.40 Lakh,240000
Maruti Wagon R LXI BS IV,55026,Petrol,Manual,1,2013,998,7,2.39 Lakh,239000
Renault Pulse RxL,73081,Diesel,Manual,1,2014,2494,5,2.99 Lakh,299000
Honda Accord 2.4 AT,123149,Petrol,Automatic,2,2010,1061,5,3.05 Lakh,305000
Maruti Swift Dzire VDI,81759,Diesel,Manual,1,2015,796,5,4.69 Lakh,469000
Maruti Swift LXI BSIV,58766,Petrol,Manual,1,2015,1248,5,3.64 Lakh,364000
Maruti Swift Dzire VXI,74886,Petrol,Manual,1,2014,1497,5,3.61 Lakh,361000
Chevrolet Spark 1.0 LT,74008,Petrol,Manual,4,2008,1198,7,"73,784",73784
Maruti Wagon R VXI,3809,Petrol,Manual,1,2022,1197,5,6.40 Lakh,640000
Toyota Innova 2.5 GX (Diesel) 8 Seater,137000,Diesel,Manual,2,2015,1197,5,8.25 Lakh,825000
Maruti Zen Estilo 1.1 LXI BSIII,104817,Petrol,Manual,2,2009,1120,5,1.05 Lakh,105000
Maruti Alto 800 LXI,10666,Petrol,Manual,1,2020,1373,5,3.45 Lakh,345000
Maruti Swift VDI,74124,Diesel,Manual,2,2013,1956,5,3.80 Lakh,380000
Mahindra Marazzo M8,92167,Diesel,Manual,2,2018,1199,5,8.97 Lakh,897000
Honda Brio 1.2 S MT,32111,Petrol,Manual,1,2017,1248,5,4.11 Lakh,411000
Hyundai i10 Sportz,111986,Petrol,Manual,1,2010,1497,5,1.85 Lakh,185000
Maruti Ritz VXI,89451,Petrol,Manual,4,2010,1995,5,1.85 Lakh,185000
Hyundai Xcent 1.1 CRDi SX Option,82990,Diesel,Manual,1,2014,1497,5,3.65 Lakh,365000
Maruti Ciaz ZXi,88621,Petrol,Manual,1,2014,1396,5,5.11 Lakh,511000
Tata New Safari XZA Plus AT,13690,Diesel,Automatic,1,2022,1995,6,20.23 Lakh,2023000
Honda Amaze S Petrol,15712,Petrol,Manual,1,2020,1968,7,6.62 Lakh,662000
Maruti Vitara Brezza ZDi,72500,Diesel,Manual,1,2017,1047,5,7.90 Lakh,790000
Mahindra XUV300 W8 Option Diesel BSIV,82000,Diesel,Manual,1,2019,1196,5,10.25 Lakh,1025000
Renault Koleos 4X4 MT,120000,Diesel,Manual,1,2016,1396,5,6.20 Lakh,620000
Honda City EXi,120000,Petrol,Manual,2,2008,1462,5,2.90 Lakh,290000
Hyundai i20 Asta Option Diesel,65000,Diesel,Manual,1,2017,1498,5,6.90 Lakh,690000
BMW X1 sDrive20d Expedition,18000,Diesel,Automatic,1,2020,1197,7,32 Lakh,3200000
Volkswagen Tiguan 2.0 TDI Highline,56500,Diesel,Automatic,1,2018,1598,5,21 Lakh,2100000
Tata Tiago 1.05 Revotorq XZ,80381,Diesel,Manual,2,2017,1461,5,3.65 Lakh,365000
Maruti Eeco 5 Seater AC BSIV,78220,Petrol,Manual,3,2014,1047,7,2.42 Lakh,242000
Hyundai i20 Magna Plus Diesel,91412,Diesel,Manual,1,2019,1198,5,6.46 Lakh,646000
Maruti XL6 Alpha,97295,Petrol,Manual,1,2019,2157,5,7.93 Lakh,793000
Honda Mobilio S i-DTEC,58300,Diesel,Manual,1,2016,999,5,5.90 Lakh,590000
Maruti Swift Dzire VXI 1.2,68031,Petrol,Manual,2,2017,799,5,5.26 Lakh,526000
Skoda Rapid 1.6 TDI Ambition,94405,Diesel,Manual,3,2012,2982,6,2.76 Lakh,276000
Renault Duster 85PS Diesel RxS,58200,Diesel,Manual,1,2017,1498,5,6.75 Lakh,675000
Tata Tigor 1.05 Revotorq XT,58000,Diesel,Manual,1,2018,1198,5,5.25 Lakh,525000
Mahindra KUV 100 NXT D75 K8 5Str,62000,Diesel,Manual,1,2018,1498,5,4.65 Lakh,465000
Mahindra Alturas G4 4X4 AT,99000,Diesel,Automatic,1,2020,1497,5,25.25 Lakh,2525000
Renault KWID 1.0 RXT Optional,32875,Petrol,Manual,1,2018,1198,5,3.44 Lakh,344000
Renault KWID RXT,31951,Petrol,Manual,2,2016,1197,5,2.64 Lakh,264000
Toyota Fortuner 4x2 Manual,74300,Diesel,Manual,1,2014,1198,5,15.21 Lakh,1521000
Skoda Rapid 1.5 TDI Style Plus,91100,Diesel,Manual,1,2016,1498,5,6.90 Lakh,690000
Tata Nexon 1.2 Revotron XM,15601,Petrol,Manual,1,2018,1968,7,6.51 Lakh,651000
Volkswagen Polo 1.5 TDI Highline,64300,Diesel,Manual,1,2015,796,5,4.95 Lakh,495000
Honda City i VTEC CVT VX,89772,Petrol,Automatic,1,2016,1197,5,7.50 Lakh,750000
Mahindra KUV 100 mFALCON D75 K8 Dual Tone,66078,Diesel,Manual,1,2017,814,5,3.84 Lakh,384000
Hyundai i20 Asta 1.2,75317,Petrol,Manual,2,2014,1498,5,4.35 Lakh,435000
Skoda Fabia 1.2 MPI Elegance,73263,Petrol,Manual,2,2011,2199,5,1.78 Lakh,178000
Honda City i DTEC SV,121816,Diesel,Manual,1,2014,1248,5,4.45 Lakh,445000
Volkswagen Tiguan 2.0 TDI Highline,104000,Diesel,Automatic,1,2017,999,5,22.25 Lakh,2225000
Maruti Alto 800 LXI,45877,Petrol,Manual,1,2016,1461,5,2.27 Lakh,227000
Maruti Swift VXI,38922,Petrol,Manual,1,2018,1197,5,4.94 Lakh,494000
Hyundai EON Era Plus,51612,Petrol,Manual,1,2015,998,5,2.43 Lakh,243000
Volkswagen Vento 1.5 TDI Comfortline AT,101695,Diesel,Automatic,3,2015,1197,5,4.72 Lakh,472000
Hyundai Santa Fe 2WD AT,94786,Diesel,Automatic,2,2015,1186,5,10.52 Lakh,1052000
Maruti Swift VDI BSIV,230510,Diesel,Manual,1,2011,1582,5,2.14 Lakh,214000
Nissan Magnite XV Premium,10905,Petrol,Manual,1,2021,1198,5,8.49 Lakh,849000
Renault Scala Diesel RxL,71336,Diesel,Manual,2,2014,1199,5,2.97 Lakh,297000
Maruti Swift VXI,6356,Petrol,Manual,1,2021,1248,5,5.82 Lakh,582000
Maruti Wagon R LXI BS IV,77065,Petrol,Manual,1,2014,1197,5,2.72 Lakh,272000
Hyundai i10 Sportz 1.2 AT,54885,Petrol,Automatic,3,2009,1197,5,1.84 Lakh,184000
Hyundai Grand i10 1.2 CRDi Sportz Option,82621,Diesel,Manual,1,2018,1591,5,4.29 Lakh,429000
Hyundai Creta 1.6 CRDi SX,46095,Diesel,Manual,1,2019,998,8,11.09 Lakh,1109000
Honda Brio S MT,45162,Petrol,Manual,1,2015,1956,6,3.22 Lakh,322000
Tata Tiago 1.2 Revotron XT,26680,Petrol,Manual,1,2018,1498,5,4.24 Lakh,424000
Maruti Swift Vdi BSIII,150112,Diesel,Manual,5,2009,1197,5,1.52 Lakh,152000
Hyundai Grand i10 1.2 Kappa Sportz Dual Tone,58386,Petrol,Manual,2,2019,998,5,5.10 Lakh,510000
Maruti Swift Dzire VXI,75963,Petrol,Manual,3,2012,2494,5,2.86 Lakh,286000
Hyundai Creta 1.6 SX Automatic,25099,Petrol,Automatic,1,2019,1198,5,12.63 Lakh,1263000
Maruti Celerio VXI,42101,Petrol,Manual,1,2015,1984,5,3.10 Lakh,310000
Tata Harrier XZ Dual Tone,23129,Diesel,Manual,1,2021,998,5,10.89 Lakh,1089000
Honda Amaze VX i-DTEC,62000,Diesel,Manual,1,2015,1248,5,4.75 Lakh,475000
Maruti Swift Dzire VXI,67715,Petrol,Manual,1,2015,1497,5,4.20 Lakh,420000
Maruti Wagon R VXI,59726,Petrol,Manual,1,2002,1248,5,1 Lakh,100000
Toyota Innova 2.5 GX (Diesel) 8 Seater,168292,Diesel,Manual,2,2015,1498,5,7.60 Lakh,760000
Mahindra KUV 100 NXT G80 K2,84825,Petrol,Manual,1,2018,999,5,3.30 Lakh,330000
Skoda Superb LK 2.0 TDI AT,140785,Diesel,Automatic,1,2017,1582,5,17.55 Lakh,1755000
Maruti Wagon R VXI BS IV,28037,Petrol,Manual,1,2012,1956,5,2.16 Lakh,216000
Maruti Swift VDI,80789,Diesel,Manual,3,2012,998,5,2.86 Lakh,286000
Hyundai Creta S,16968,Petrol,Manual,1,2020,1497,5,12.90 Lakh,1290000
Maruti Swift Dzire AMT ZDI,23338,Diesel,Automatic,1,2016,1498,5,5.94 Lakh,594000
Ford Ecosport 1.5 DV5 MT Titanium,88993,Diesel,Manual,2,2013,1199,5,4.14 Lakh,414000
Renault KWID 1.0 RXT Optional,58342,Petrol,Manual,1,2018,1582,7,3.75 Lakh,375000
Hyundai Verna CRDi 1.6 AT SX Plus,57000,Diesel,Automatic,1,2018,1197,5,9.80 Lakh,980000
Tata Harrier XZ,66000,Diesel,Manual,1,2019,995,7,13.90 Lakh,1390000
Maruti Celerio VXI AT,58213,Petrol,Automatic,1,2014,1086,5,3.75 Lakh,375000
Honda City 1.5 V MT,129760,Petrol,Manual,2,2009,1396,5,2.76 Lakh,276000
Honda City i-DTEC ZX,48100,Diesel,Manual,1,2018,1498,5,10.25 Lakh,1025000
Tata Tiago 1.2 Revotron XZ,48554,Petrol,Manual,1,2016,1968,5,3.84 Lakh,384000
Hyundai Creta 1.6 CRDi SX Option,19787,Diesel,Manual,1,2017,2179,5,10.58 Lakh,1058000
Hyundai Grand i10 Sportz,39910,Petrol,Manual,1,2017,1462,5,4.49 Lakh,449000
Chevrolet Spark 1.0 LT,63342,Petrol,Manual,1,2009,1197,5,"73,784",73784
Hyundai i10 Era,89000,Petrol,Manual,1,2011,1248,7,2.90 Lakh,290000
Hyundai i20 Magna 1.4 CRDi (Diesel),89201,Diesel,Manual,2,2013,1968,5,3.40 Lakh,340000
Honda Mobilio S i-DTEC,130151,Diesel,Manual,1,2015,1298,5,4.23 Lakh,423000
Skoda Octavia Elegance 2.0 TDI AT,179308,Diesel,Automatic,2,2013,1495,5,5.78 Lakh,578000
Tata Hexa XT,58000,Diesel,Manual,1,2018,1461,5,10.50 Lakh,1050000
Maruti Ciaz Alpha Automatic BSIV,24311,Petrol,Automatic,1,2019,2179,5,9.03 Lakh,903000
Toyota Etios Liva G,81899,Petrol,Manual,1,2014,814,7,3.36 Lakh,336000
Maruti Vitara Brezza VDi Option,45795,Diesel,Manual,1,2017,1248,8,6.68 Lakh,668000
Skoda New Laura Ambiente 2.0 TDI CR MT,95884,Diesel,Manual,2,2013,1248,5,3.41 Lakh,341000
Maruti Swift 1.3 VXi,89657,Petrol,Manual,1,2008,1199,6,1.47 Lakh,147000
Hyundai Accent GLE,116416,Petrol,Manual,3,2010,1197,5,1.35 Lakh,135000
Renault Duster 85PS Diesel RxL Optional,90198,Diesel,Manual,2,2012,1498,5,3.14 Lakh,314000
Mahindra XUV500 W6 2WD,73230,Diesel,Manual,1,2016,2494,5,7.73 Lakh,773000
Hyundai EON Era,134279,Petrol,Manual,1,2011,1956,5,1.38 Lakh,138000
Maruti Ciaz ZDi Plus SHVS,64933,Diesel,Manual,2,2015,1451,5,5.88 Lakh,588000
Maruti Ciaz VDi Plus SHVS,81114,Diesel,Manual,4,2016,1198,5,5.06 Lakh,506000
Honda Jazz 1.2 VX i VTEC,60923,Petrol,Manual,3,2016,1248,5,4.44 Lakh,444000
Hyundai i20 Magna,92573,Petrol,Manual,1,2010,1582,5,2.20 Lakh,220000
Honda Mobilio V i-DTEC,65281,Diesel,Manual,2,2015,1197,8,4.56 Lakh,456000
Toyota Innova 2.5 VX (Diesel) 8 Seater,138448,Diesel,Manual,2,2015,1598,5,8.57 Lakh,857000
Jeep Compass 2.0 Limited Option 4X4 Black,86513,Diesel,Manual,2,2018,1120,5,12.58 Lakh,1258000
MG Hector Plus Sharp Hybrid MT,18697,Petrol,Manual,1,2020,999,5,16.57 Lakh,1657000
Honda Brio S MT,71735,Petrol,Manual,2,2016,1197,5,3.68 Lakh,368000
Maruti Vitara Brezza VDi,72316,Diesel,Manual,2,2016,2494,7,5.95 Lakh,595000
Hyundai Verna 1.6 CRDi SX,87770,Diesel,Manual,1,2016,1248,5,6.25 Lakh,625000
Hyundai i20 Magna Plus BSIV,25890,Petrol,Manual,1,2019,1598,5,5.68 Lakh,568000
Volkswagen Vento Petrol Comfortline,81426,Petrol,Manual,2,2013,1591,5,3.20 Lakh,320000
Hyundai Grand i10 CRDi Sportz,107868,Diesel,Manual,1,2014,1199,5,3.09 Lakh,309000
Renault KWID 1.0 RXT,23434,Petrol,Manual,1,2018,999,7,3.40 Lakh,340000
Maruti Baleno 1.2 Zeta,21099,Petrol,Manual,1,2017,1582,5,5.58 Lakh,558000
Toyota Innova 2.5 G (Diesel) 8 Seater BS IV,196320,Diesel,Manual,2,2010,1248,5,3.72 Lakh,372000
Tata Indica Aura 1.3 Quadrajet,51650,Diesel,Manual,2,2009,1364,5,1.41 Lakh,141000
Volkswagen Vento 1.6 Highline,44091,Petrol,Manual,1,2016,1956,5,6.20 Lakh,620000
Hyundai Creta 1.6 VTVT SX Plus,33231,Petrol,Manual,2,2017,1248,5,9.16 Lakh,916000
Tata Altroz XM plus,7027,Petrol,Manual,1,2021,1462,5,6.75 Lakh,675000
Renault Triber RXL,5570,Petrol,Manual,1,2021,1248,5,6.87 Lakh,687000
Hyundai Creta 1.6 CRDi SX,72500,Diesel,Manual,1,2016,936,5,9.40 Lakh,940000
Maruti Swift VDI,114638,Diesel,Manual,2,2012,998,5,2.86 Lakh,286000
Toyota Etios GD SP,72200,Diesel,Manual,1,2013,1373,5,3.50 Lakh,350000
Jeep Compass 2.0 Longitude Option,61300,Diesel,Manual,1,2018,1199,5,11.90 Lakh,1190000
Maruti Ertiga VDI,245456,Diesel,Manual,1,2013,1497,7,4.13 Lakh,413000
Maruti Ciaz Delta,52200,Petrol,Manual,1,2019,999,5,8.49 Lakh,849000
Maruti Ciaz ZDi Plus,75000,Diesel,Manual,2,2015,1197,5,5.90 Lakh,590000
Chevrolet Beat Diesel LT,68669,Diesel,Manual,1,2011,1248,5,1.60 Lakh,160000
Maruti Celerio ZXI,57313,Petrol,Manual,1,2019,1086,5,4.50 Lakh,450000
Maruti Ciaz VXi Plus,549999,Petrol,Manual,1,2015,2494,5,5.50 Lakh,550000
Volkswagen Polo 1.2 MPI Comfortline,46328,Petrol,Manual,1,2016,1197,5,5 Lakh,500000
Honda City 1.5 S MT,57407,Petrol,Manual,2,2011,1995,5,3.75 Lakh,375000
Datsun RediGO 1.0 S,87537,Petrol,Manual,2,2017,799,5,2.25 Lakh,225000
Maruti Swift Dzire VXI,80176,Petrol,Manual,1,2013,1248,5,4.35 Lakh,435000
Maruti Swift Dzire VDI,62600,Diesel,Manual,1,2017,2143,5,6.65 Lakh,665000
Hyundai Santro Xing GL,66737,Petrol,Manual,2,2013,1497,5,2.11 Lakh,211000
Toyota Innova 2.5 V Diesel 7-seater,124400,Diesel,Manual,2,2011,1198,7,5.50 Lakh,550000
Hyundai i10 Sportz 1.2,57480,Petrol,Manual,2,2010,814,5,1.91 Lakh,191000
BMW 3 Series 320d Luxury Line,99000,Diesel,Automatic,1,2015,1197,5,13.50 Lakh,1350000
Renault KWID RXL,47000,Petrol,Manual,1,2018,1197,5,2.75 Lakh,275000
Maruti Baleno 1.3 Sigma,35000,Diesel,Manual,1,2018,1086,5,5.50 Lakh,550000
Mercedes-Benz C-Class C 220 CDI BE COR,58000,Diesel,Automatic,1,2013,1248,5,9.75 Lakh,975000
Honda City S,48000,Petrol,Manual,1,2012,1197,5,4 Lakh,400000
Honda Amaze VX AT i-Vtech,45000,Petrol,Automatic,1,2014,1998,5,4.75 Lakh,475000
Hyundai EON D Lite,60000,Petrol,Manual,2,2012,999,5,1.90 Lakh,190000
Hyundai i20 Magna Optional 1.2,23000,Petrol,Manual,1,2014,1199,5,4.65 Lakh,465000
Hyundai Grand i10 1.2 Kappa Era,45000,Petrol,Manual,1,2019,2499,5,4.60 Lakh,460000
Hyundai i10 Magna 1.1L,45000,Petrol,Manual,1,2014,2143,5,3.25 Lakh,325000
Maruti Ertiga VDI,58000,Diesel,Manual,1,2013,1199,5,5.25 Lakh,525000
Hyundai i20 1.2 Spotz,48000,Petrol,Manual,1,2018,998,5,6.25 Lakh,625000
BMW 2 Series 220i M Sport,18000,Petrol,Automatic,1,2021,1998,5,40 Lakh,4000000
Skoda Kushaq 1.0 TSI Style 6 Airbags AT,16000,Petrol,Automatic,1,2022,1596,5,16.75 Lakh,1675000
Honda WR-V i-VTEC VX,17000,Petrol,Manual,1,2019,1061,5,9 Lakh,900000
Lexus NX 300h,111000,Petrol,Automatic,1,2018,1248,5,42 Lakh,4200000
Mercedes-Benz M-Class ML 250 CDI,38000,Diesel,Automatic,2,2015,1461,5,28.50 Lakh,2850000
Honda Amaze V Petrol BSIV,36500,Petrol,Manual,1,2017,995,5,6 Lakh,600000
Maruti Wagon R VXI Optional,80000,Petrol,Manual,2,2016,998,4,3 Lakh,300000
Chevrolet Cruze LTZ,60000,Diesel,Manual,2,2012,1248,5,3.50 Lakh,350000
Ford Fiesta 1.6 SXi ABS,110000,Petrol,Manual,1,2006,1199,5,"60,000",60000
Maruti Wagon R LXI Minor,40000,Petrol,Manual,2,2009,796,5,1.30 Lakh,130000
Maruti Ciaz VDi Plus SHVS,100000,Diesel,Manual,1,2016,1493,4,5.20 Lakh,520000
Nissan Kicks XV D BSIV,20000,Diesel,Manual,1,2020,796,5,11.60 Lakh,1160000
Chevrolet Spark 1.0 LS,90000,Petrol,Manual,4,2009,1461,5,"80,000",80000
Maruti S-Presso VXI Plus 2019-2022,60000,Petrol,Manual,1,2020,1197,7,3.70 Lakh,370000
Maruti Swift Dzire VDI,100000,Diesel,Manual,1,2015,998,5,5.75 Lakh,575000
Volkswagen Polo Diesel Highline 1.2L,100000,Diesel,Manual,2,2013,624,5,2.35 Lakh,235000
Maruti Alto 800 LXI,80000,Petrol,Manual,3,2013,1591,5,1.80 Lakh,180000
Hyundai Verna SX Opt AT Diesel,32000,Diesel,Automatic,1,2021,998,7,15.50 Lakh,1550000
Maruti 800 AC,76000,Petrol,Manual,3,2006,1461,5,"80,000",80000
Renault Duster 110PS Diesel RxL,165000,Diesel,Manual,2,2014,1198,5,4.20 Lakh,420000
Maruti Swift Dzire VXI,40000,Petrol,Manual,1,2015,998,8,4.50 Lakh,450000
Maruti Celerio VXI CNG,40000,Cng,Manual,1,2020,1461,5,5.70 Lakh,570000
Tata Nano Lx BSIV,100000,Petrol,Manual,1,2012,2179,5,"35,000",35000
Hyundai Creta 1.6 Gamma SX Plus,83775,Petrol,Manual,3,2015,1798,5,7.27 Lakh,727000
Maruti Celerio VXI AT,6860,Petrol,Automatic,1,2017,1086,5,3.98 Lakh,398000
Renault Lodgy Stepway 110PS RXZ 7S,122759,Diesel,Manual,1,2015,2494,5,4.56 Lakh,456000
Volkswagen Polo Petrol Highline 1.2L,39818,Petrol,Manual,1,2010,1497,5,2.76 Lakh,276000
Maruti Wagon R LXI BS IV,47635,Petrol,Manual,2,2010,999,5,1.68 Lakh,168000
Renault Duster 110PS Diesel RxZ,128383,Diesel,Manual,2,2013,1120,5,3.57 Lakh,357000
Tata Hexa XE,294967,Diesel,Manual,2,2017,1582,5,6.22 Lakh,622000
Skoda Octavia 1.8 TSI AT L K,23377,Petrol,Automatic,1,2018,2967,5,19.67 Lakh,1967000
Hyundai i10 Era 1.1,56691,Petrol,Manual,1,2008,1248,5,1.56 Lakh,156000
Toyota Innova 2.5 V Diesel 8-seater,144256,Diesel,Manual,2,2011,1405,5,5.08 Lakh,508000
Honda City i VTEC V,78688,Petrol,Manual,2,2014,2179,5,5.29 Lakh,529000
Skoda Kushaq 1.0 TSI Style,8267,Petrol,Manual,1,2022,1496,5,15.02 Lakh,1502000
Hyundai Grand i10 CRDi Asta,86857,Diesel,Manual,2,2016,1198,5,3.94 Lakh,394000
Hyundai Verna 1.6 CRDi SX,110613,Diesel,Manual,1,2016,1197,5,5.60 Lakh,560000
Porsche Cayenne Diesel Platinum Edition,88277,Diesel,Automatic,2,2014,1198,5,26.71 Lakh,2671000
Maruti Baleno 1.3 Zeta,91498,Diesel,Manual,1,2015,1197,5,5.36 Lakh,536000
Tata Indica Terra 1.4 TDI,40493,Diesel,Manual,1,2011,1461,5,1.50 Lakh,150000
Mahindra TUV 300 Plus P6 BSIV,112299,Diesel,Manual,2,2018,1493,5,3.99 Lakh,399000
Ford Ecosport 1.5 Petrol Titanium,11988,Petrol,Manual,1,2020,1086,7,8.86 Lakh,886000
Datsun GO T BSIV,71913,Petrol,Manual,1,2015,1197,7,2.17 Lakh,217000
Maruti Swift Dzire VXI,92720,Petrol,Manual,2,2016,998,7,4.39 Lakh,439000
Volkswagen Polo 1.2 MPI Highline,94167,Petrol,Manual,2,2014,1196,5,3.68 Lakh,368000
Hyundai Grand i10 1.2 Kappa Magna BSIV,35708,Petrol,Manual,1,2018,1248,5,4.70 Lakh,470000
Renault Duster 110PS Diesel RxZ,123420,Diesel,Manual,1,2013,1197,5,3.57 Lakh,357000
Kia Seltos HTX Plus D,50135,Diesel,Manual,2,2020,2179,5,9.95 Lakh,995000
Hyundai i10 Era,85876,Petrol,Manual,2,2011,1373,5,1.95 Lakh,195000
Hyundai Xcent 1.2 Kappa SX,8620,Petrol,Manual,1,2017,2999,5,5.15 Lakh,515000
Maruti Wagon R LXI CNG,116328,Cng,Manual,3,2010,998,5,1.48 Lakh,148000
Maruti Eeco 5 Seater AC BSIV,56321,Petrol,Manual,1,2016,1120,5,3.15 Lakh,315000
Maruti Swift Dzire VDI,160648,Diesel,Manual,1,2014,1086,5,3.81 Lakh,381000
Hyundai Grand i10 Magna,50726,Petrol,Manual,1,2014,998,5,3.23 Lakh,323000
Mahindra XUV500 W8 2WD,127046,Diesel,Manual,2,2013,998,7,4.91 Lakh,491000
Maruti Ertiga VXI,82158,Petrol,Manual,1,2015,1199,5,4.41 Lakh,441000
Isuzu MU-X 2WD,64000,Diesel,Automatic,1,2018,998,5,17.11 Lakh,1711000
Maruti Celerio VXI CNG,74776,Cng,Manual,1,2020,1197,5,4.32 Lakh,432000
Hyundai Grand i10 CRDi Magna,171065,Diesel,Manual,1,2016,1582,5,3.42 Lakh,342000
Hyundai i10 Magna 1.1,46400,Petrol,Manual,1,2010,1198,5,2.09 Lakh,209000
Maruti Celerio ZXI AT,38156,Petrol,Automatic,1,2015,1493,5,3.63 Lakh,363000
Maruti Wagon R VXI BS IV,49915,Petrol,Manual,1,2015,1197,5,3.19 Lakh,319000
Chevrolet Beat LT,10768,Petrol,Manual,1,2015,1798,5,2.73 Lakh,273000
Maruti Wagon R LXI BS IV,69843,Petrol,Manual,2,2014,1197,5,2.61 Lakh,261000
Maruti Baleno 1.2 Delta,59176,Petrol,Manual,1,2017,1462,5,5.08 Lakh,508000
Hyundai Verna 1.6 SX,46962,Diesel,Manual,3,2011,1497,5,3.69 Lakh,369000
Honda Amaze VX i-Vtech,125380,Petrol,Manual,1,2013,1197,7,3.26 Lakh,326000
Mahindra TUV 300 T8,57616,Diesel,Manual,1,2016,814,5,5.53 Lakh,553000
Maruti Swift Dzire AMT VXI,126686,Petrol,Automatic,1,2018,1197,5,5.66 Lakh,566000
Toyota Corolla Altis VL AT,125981,Petrol,Automatic,1,2014,1197,5,7.59 Lakh,759000
Hyundai i20 Sportz Petrol,26786,Petrol,Manual,1,2010,1197,5,2.52 Lakh,252000
Maruti Ciaz Sigma,35135,Petrol,Manual,1,2020,998,5,7.72 Lakh,772000
Honda City i VTEC CVT VX,99163,Petrol,Automatic,1,2015,1497,5,6.48 Lakh,648000
Maruti Baleno 1.2 Delta,48832,Petrol,Manual,1,2017,1199,5,5.08 Lakh,508000
Hyundai EON Era Plus,38678,Petrol,Manual,2,2016,1298,5,2.56 Lakh,256000
Maruti Swift Dzire ZXI AT,5427,Petrol,Automatic,1,2022,1197,5,7.91 Lakh,791000
Toyota Etios Liva G,67357,Petrol,Manual,1,2011,1198,5,2.35 Lakh,235000
Hyundai i20 Magna,81951,Petrol,Manual,1,2010,998,5,2.20 Lakh,220000
Maruti Wagon R LXI CNG,70048,Cng,Manual,3,2012,1197,5,1.92 Lakh,192000
Mahindra Marazzo M4,117512,Diesel,Manual,1,2018,1794,5,7.46 Lakh,746000
Chevrolet Beat PS,113652,Petrol,Manual,3,2013,1248,5,1.56 Lakh,156000
Maruti Swift Dzire VXi,141719,Petrol,Manual,3,2010,1197,5,1.84 Lakh,184000
Hyundai i10 Magna,71708,Petrol,Manual,2,2012,1198,5,2.46 Lakh,246000
Nissan Micra XV,45000,Petrol,Manual,1,2010,998,5,2.75 Lakh,275000
Maruti Wagon R VXI BS IV,60252,Petrol,Manual,1,2014,1995,5,2.88 Lakh,288000
Hyundai Xcent 1.2 Kappa S Option,40687,Petrol,Manual,1,2015,1248,5,4.21 Lakh,421000
Toyota Corolla Altis 1.8 VL AT,25075,Petrol,Automatic,2,2013,1373,5,6.12 Lakh,612000
Maruti Vitara Brezza VDi Option,109863,Diesel,Manual,2,2017,998,5,6.31 Lakh,631000
Hyundai Grand i10 1.2 Kappa Sportz BSIV,74334,Petrol,Manual,1,2018,796,5,4.54 Lakh,454000
Volkswagen Polo Petrol Trendline 1.2L,52186,Petrol,Manual,1,2012,1248,5,2.75 Lakh,275000
Maruti Alto K10 LXI,49977,Petrol,Manual,2,2010,1197,5,1.38 Lakh,138000
BMW X3 xDrive20d,91000,Diesel,Automatic,2,2012,999,5,17.50 Lakh,1750000
Maruti Ciaz VDi Plus SHVS,124860,Diesel,Manual,1,2016,1461,5,5.44 Lakh,544000
Maruti Ciaz 1.4 S,42681,Petrol,Manual,1,2017,1086,5,6.47 Lakh,647000
Maruti Celerio X ZXI BSIV,22532,Petrol,Manual,1,2019,1086,5,4.46 Lakh,446000
Toyota Etios GD SP,212367,Diesel,Manual,1,2012,1799,4,2.73 Lakh,273000
Maruti Alto 800 LXI,73505,Petrol,Manual,1,2017,1197,5,2.67 Lakh,267000
Maruti Swift VDI BSIV,146256,Diesel,Manual,1,2016,1497,5,4.19 Lakh,419000
Hyundai i20 1.2 Magna Opt,33865,Petrol,Manual,1,2012,1248,5,2.93 Lakh,293000
Skoda Slavia 1.0 TSI Ambition AT,6090,Petrol,Automatic,1,2022,1197,5,12.95 Lakh,1295000
Renault Duster 85PS Diesel RxL Optional,45691,Diesel,Manual,1,2014,1991,6,4.83 Lakh,483000
Hyundai Santro Sportz,12471,Petrol,Manual,1,2021,1799,5,5.07 Lakh,507000
Hyundai i10 Sportz 1.1L,56379,Petrol,Manual,2,2015,1199,5,3.29 Lakh,329000
Honda Civic 1.8 S MT,98446,Petrol,Manual,3,2011,1364,5,2.47 Lakh,247000
Maruti Swift AMT ZXI,55519,Petrol,Automatic,1,2018,1198,5,5.86 Lakh,586000
Honda City GXi,112886,Petrol,Manual,1,2008,1956,5,1.74 Lakh,174000
Maruti SX4 S Cross Zeta DDiS 200 SH,79989,Diesel,Manual,1,2018,1497,5,7.24 Lakh,724000
Hyundai Grand i10 AT Asta,46000,Petrol,Automatic,1,2016,1197,5,5.25 Lakh,525000
Chevrolet Cruze LTZ AT,84000,Diesel,Automatic,2,2012,1086,5,4.50 Lakh,450000
Honda Civic 1.8 S MT,45423,Petrol,Manual,1,2011,1451,5,3.34 Lakh,334000
Tata Nexon XM S,4531,Petrol,Manual,1,2022,1198,7,8.84 Lakh,884000
Toyota Etios GD SP,165260,Diesel,Manual,1,2014,796,5,3.84 Lakh,384000
Datsun GO T BSIV,34729,Petrol,Manual,1,2017,1086,5,2.87 Lakh,287000
MG Hector Plus Sharp Diesel MT,58493,Diesel,Manual,1,2020,1248,5,15.30 Lakh,1530000
Mahindra XUV300 W8 Option Dual Tone Diesel,40536,Diesel,Manual,1,2021,1197,5,8.04 Lakh,804000
Maruti Baleno Zeta,57936,Petrol,Manual,1,2020,2179,5,6.12 Lakh,612000
Hyundai i10 Magna 1.1L,83061,Petrol,Manual,3,2012,1061,5,2.06 Lakh,206000
MG Hector Sharp DCT,31752,Petrol,Automatic,1,2019,998,5,16.15 Lakh,1615000
Volkswagen Polo Petrol Trendline 1.2L,82770,Petrol,Manual,3,2011,1197,5,2.25 Lakh,225000
Maruti Alto 800 LXI,71596,Petrol,Manual,3,2015,1197,5,1.88 Lakh,188000
Hyundai Santro Sportz AMT,5273,Petrol,Automatic,1,2022,1086,5,5.44 Lakh,544000
Maruti Swift Dzire LDI,72134,Diesel,Manual,1,2014,814,5,3.35 Lakh,335000
Maruti Baleno 1.2 Zeta,33835,Petrol,Manual,1,2018,1248,5,5.71 Lakh,571000
Mahindra XUV500 W6 2WD,42355,Diesel,Manual,1,2017,1120,5,8.77 Lakh,877000
Maruti Wagon R LXI Minor,166155,Petrol,Manual,2,2008,1461,5,"82,642",82642
Maruti Celerio ZXI MT BSIV,5246,Petrol,Manual,1,2019,799,5,4.61 Lakh,461000
Maruti Swift Dzire ZXI 1.2,7376,Petrol,Manual,1,2018,1998,5,6.27 Lakh,627000
Maruti Swift VXI,62195,Petrol,Manual,1,2018,3598,5,4.94 Lakh,494000
Hyundai Santro Xing GL,84173,Petrol,Manual,3,2008,1582,5,1 Lakh,100000
Hyundai EON Era Plus,56016,Petrol,Manual,1,2016,1197,5,2.69 Lakh,269000
Tata Manza Aura (ABS) Quadrajet,103659,Diesel,Manual,1,2010,1197,5,1.43 Lakh,143000
Hyundai Grand i10 CRDi Magna,73000,Diesel,Manual,2,2014,1248,5,3.85 Lakh,385000
Renault Duster 85PS Diesel RxL,42900,Diesel,Manual,3,2014,1199,7,4.50 Lakh,450000
Datsun RediGO T Option,84000,Petrol,Manual,1,2016,1197,5,2.50 Lakh,250000
Chevrolet Cruze LTZ,56000,Diesel,Manual,2,2013,1047,5,4.90 Lakh,490000
Volkswagen Touareg 3.6 V6 FSI,92000,Petrol,Automatic,2,2007,998,5,10 Lakh,1000000
Hyundai Creta 1.6 CRDi AT SX Plus,79000,Diesel,Automatic,1,2016,1197,5,9.50 Lakh,950000
Maruti Baleno 1.2 Delta,59407,Petrol,Manual,1,2017,1498,5,5.08 Lakh,508000
Maruti Swift Dzire 1.2 Vxi BSIV,57756,Petrol,Manual,1,2010,1461,5,2.49 Lakh,249000
Fiat Linea Emotion Pack (Diesel),140148,Diesel,Manual,1,2010,1197,5,1.66 Lakh,166000
Tata Altroz XM plus,3730,Petrol,Manual,1,2021,998,5,6.84 Lakh,684000
Maruti Swift ZXI BSIV,98890,Petrol,Manual,2,2015,2143,5,3.64 Lakh,364000
Tata Tigor 1.05 Revotorq XZ Option,134156,Diesel,Manual,1,2017,2143,7,4.08 Lakh,408000
Maruti Alto K10 VXI,49446,Petrol,Manual,1,2017,796,5,3.09 Lakh,309000
Maruti Swift Dzire 1.2 Lxi BSIV,146510,Petrol,Manual,3,2011,1396,5,1.91 Lakh,191000
Honda Mobilio S i-DTEC,81355,Diesel,Manual,3,2014,998,5,3.93 Lakh,393000
Renault Duster 110PS Diesel RxL,100298,Diesel,Manual,2,2013,1462,5,3.50 Lakh,350000
Maruti Swift Dzire ZXI Plus,60892,Petrol,Manual,1,2018,2179,5,6.84 Lakh,684000
Maruti Alto K10 VXI,48603,Petrol,Manual,1,2015,1197,5,2.69 Lakh,269000
Mercedes-Benz GLC Progressive 220d,95472,Diesel,Automatic,1,2018,1197,5,32.19 Lakh,3219000
Mercedes-Benz E-Class E250 CDI Blue Efficiency,63000,Diesel,Automatic,2,2011,1197,5,17.75 Lakh,1775000
Maruti Alto 800 LXI,44000,Petrol,Manual,1,2016,1172,5,3.25 Lakh,325000
Hyundai i20 1.4 CRDi Magna,60000,Diesel,Manual,2,2012,998,5,3.90 Lakh,390000
Maruti Celerio LXI,18674,Petrol,Manual,1,2014,1498,5,2.59 Lakh,259000
Maruti Ciaz Alpha,11689,Petrol,Manual,1,2021,1197,5,9.98 Lakh,998000
Mahindra Scorpio S11 BSIV,55187,Diesel,Manual,1,2017,1197,5,10.61 Lakh,1061000
Maruti Baleno 1.2 Zeta,59089,Petrol,Manual,1,2017,1197,5,5.57 Lakh,557000
Hyundai i10 Sportz 1.2,86517,Petrol,Manual,2,2010,1199,5,1.81 Lakh,181000
Hyundai Grand i10 Sportz,19079,Petrol,Manual,1,2015,1197,5,3.85 Lakh,385000
Fiat Grande Punto 1.2 Emotion,50502,Petrol,Manual,2,2010,1496,5,1.76 Lakh,176000
Maruti Celerio ZXI MT BSIV,33173,Petrol,Manual,1,2018,995,5,4.28 Lakh,428000
Honda Amaze S i-DTEC,88227,Diesel,Manual,1,2016,1497,7,4.34 Lakh,434000
Hyundai i20 Magna Optional 1.2,73914,Petrol,Manual,2,2013,1197,7,3.14 Lakh,314000
Hyundai i20 Sportz Plus BSIV,85906,Petrol,Manual,1,2019,793,5,6.45 Lakh,645000
Hyundai i20 Sportz Petrol,82818,Petrol,Manual,2,2010,1197,5,2.40 Lakh,240000
Honda Amaze V CVT Petrol BSIV,13102,Petrol,Automatic,1,2018,1197,5,7.21 Lakh,721000
Maruti Swift VXI,18008,Petrol,Manual,1,2022,2179,5,6.17 Lakh,617000
Ford Ecosport 1.5 Petrol Ambiente,12011,Petrol,Manual,1,2020,2179,5,7.42 Lakh,742000
Chevrolet Spark 1.0 PS,89133,Petrol,Manual,1,2009,1497,5,"73,582",73582
Honda City i VTEC CVT VX,57445,Petrol,Automatic,1,2015,1197,7,6.98 Lakh,698000
Hyundai i20 Magna,127936,Petrol,Manual,1,2013,1197,5,2.76 Lakh,276000
Maruti Celerio VDi,77262,Diesel,Manual,1,2015,1199,5,3.01 Lakh,301000
Hyundai i20 1.2 Asta,52401,Petrol,Manual,1,2018,1197,5,5.92 Lakh,592000
Maruti Swift VXI,44071,Petrol,Manual,1,2020,1197,5,5.48 Lakh,548000
Mahindra XUV500 W8 2WD,153231,Diesel,Manual,1,2014,1462,5,5.96 Lakh,596000
Mahindra XUV500 W6 2WD,132131,Diesel,Manual,1,2015,1999,7,6.22 Lakh,622000
Honda City V MT,70132,Petrol,Manual,2,2012,1248,5,4.17 Lakh,417000
Hyundai Grand i10 1.2 Kappa Sportz Option,15321,Petrol,Manual,1,2017,1591,5,4.89 Lakh,489000
Maruti Ritz LXI,74727,Petrol,Manual,1,2009,1498,5,1.79 Lakh,179000
Tata Punch Creative DT,19959,Petrol,Manual,1,2021,1794,5,7.87 Lakh,787000
Hyundai i10 Sportz,50596,Petrol,Manual,1,2011,2179,5,2.44 Lakh,244000
Maruti Baleno 1.2 Zeta,56982,Petrol,Manual,1,2016,1248,5,5.12 Lakh,512000
Maruti Ertiga LXI,52932,Petrol,Manual,1,2019,998,5,5.92 Lakh,592000
Mahindra XUV700 AX3 AT,8655,Petrol,Automatic,1,2021,1896,5,14.76 Lakh,1476000
Maruti Ritz VDi,127763,Diesel,Manual,1,2011,1461,5,2.04 Lakh,204000
Hyundai Verna VTVT 1.6 SX,20033,Petrol,Manual,2,2019,1598,5,8.58 Lakh,858000
Volkswagen Polo 1.5 TDI Highline,124908,Diesel,Manual,1,2016,1248,5,4.46 Lakh,446000
Toyota Corolla H2,60000,Petrol,Manual,2,2005,1298,5,2.15 Lakh,215000
Mahindra XUV500 W10 2WD,140556,Diesel,Manual,1,2017,1497,5,9.17 Lakh,917000
Tata Bolt Quadrajet XE,184618,Diesel,Manual,2,2016,998,5,2.74 Lakh,274000
Maruti Alto K10 VXI,73600,Petrol,Manual,1,2014,1956,5,2.42 Lakh,242000
Volkswagen Jetta 1.9 Highline TDI,89000,Diesel,Automatic,2,2009,1248,5,3.25 Lakh,325000
Renault Duster 85PS Diesel RxL,57000,Diesel,Manual,4,2012,796,5,4 Lakh,400000
Skoda Rapid 1.6 TDI Elegance,65000,Diesel,Manual,2,2011,1462,5,4.11 Lakh,411000
Maruti Swift LDI,67000,Diesel,Manual,1,2012,999,5,3.90 Lakh,390000
Maruti Swift 1.3 VXi,59458,Petrol,Manual,3,2009,1197,5,1.52 Lakh,152000
Mahindra XUV300 W8 Option Diesel,67534,Diesel,Manual,1,2021,1197,5,9.68 Lakh,968000
Maruti Wagon R VXI BS IV,37204,Petrol,Manual,1,2011,1197,5,1.93 Lakh,193000
Jeep Compass 2.0 Longitude Option BSIV,119444,Diesel,Manual,1,2017,1197,6,9.27 Lakh,927000
Maruti Ciaz 1.3 Delta,25541,Diesel,Manual,1,2017,995,5,6.72 Lakh,672000
Maruti Alto 800 LXI,22999,Petrol,Manual,1,2017,1199,5,2.75 Lakh,275000
Maruti Ciaz Alpha BSIV,57270,Petrol,Manual,1,2019,1199,7,8.34 Lakh,834000
Volkswagen Polo 1.0 MPI Trendline,29797,Petrol,Manual,1,2020,1198,5,5.59 Lakh,559000
Volkswagen Vento 1.2 TSI Highline AT,92028,Petrol,Automatic,2,2015,1198,5,4.57 Lakh,457000
Hyundai i20 1.2 Sportz,36550,Petrol,Manual,1,2012,1086,5,3.08 Lakh,308000
Hyundai Grand i10 Sportz Celebration Edition,46407,Petrol,Manual,1,2016,1248,5,4.25 Lakh,425000
Maruti Baleno Zeta CVT,9598,Petrol,Automatic,1,2021,1198,5,8.32 Lakh,832000
Chevrolet Spark 1.0 LT,48616,Petrol,Manual,1,2010,1373,5,1.16 Lakh,116000
Honda Amaze VX Petrol BSIV,116560,Petrol,Manual,1,2019,1198,5,4.65 Lakh,465000
Honda Jazz 1.2 V i VTEC,49625,Petrol,Manual,1,2016,995,5,5.14 Lakh,514000
Nissan Micra XV CVT,56409,Petrol,Automatic,1,2014,1199,5,3.38 Lakh,338000
Mahindra KUV 100 mFALCON D75 K4,128847,Diesel,Manual,1,2016,1198,7,2.60 Lakh,260000
Hyundai i10 Era,212598,Petrol,Manual,4,2010,1462,5,1.39 Lakh,139000
Maruti Ciaz ZDi Plus,80444,Diesel,Manual,2,2015,1497,5,5.14 Lakh,514000
Datsun GO Plus T BSIV,30848,Petrol,Manual,1,2017,814,5,3.21 Lakh,321000
Maruti Ciaz 1.4 Delta,154027,Petrol,Manual,2,2017,995,5,5.69 Lakh,569000
Honda Amaze S i-VTEC,71834,Petrol,Manual,1,2016,1373,5,3.58 Lakh,358000
Chevrolet Spark 1.0 LS,74829,Petrol,Manual,1,2011,1197,5,1.10 Lakh,110000
Volkswagen Polo 1.2 MPI Comfortline,175705,Petrol,Manual,1,2017,799,5,3.67 Lakh,367000
Honda Brio S MT,38219,Petrol,Manual,1,2012,1497,6,2.55 Lakh,255000
Maruti Ciaz Sigma BSIV,49391,Petrol,Manual,1,2018,1197,5,6.52 Lakh,652000
Honda City 1.5 V MT,167457,Petrol,Manual,2,2010,1248,5,3.05 Lakh,305000
Hyundai EON D Lite Plus,50915,Petrol,Manual,1,2012,1198,5,1.85 Lakh,185000
Chevrolet Spark 1.0 LS LPG,192340,Lpg,Manual,2,2010,1390,5,"59,736",59736
Maruti Ertiga VXI CNG,77778,Cng,Manual,1,2018,1462,5,7.05 Lakh,705000
Maruti Baleno 1.2 Delta,30435,Petrol,Manual,1,2017,1248,5,5.08 Lakh,508000
Renault KWID RXT,80478,Petrol,Manual,1,2018,814,5,2.76 Lakh,276000
Mahindra XUV300 W6 AMT Diesel BSIV,62805,Diesel,Automatic,1,2020,1197,5,7.91 Lakh,791000
Hyundai Grand i10 Nios Sportz,8683,Petrol,Manual,1,2021,1196,5,6.51 Lakh,651000
Maruti Ciaz Delta Diesel,50251,Diesel,Manual,1,2019,1956,5,6.96 Lakh,696000
Datsun GO T BSIV,32635,Petrol,Manual,1,2015,1086,5,2.37 Lakh,237000
Volkswagen Jetta 1.4 TSI Comfortline,53003,Petrol,Manual,1,2012,796,5,4.97 Lakh,497000
Maruti XL6 Zeta,113006,Petrol,Manual,1,2019,1461,5,7.44 Lakh,744000
Maruti Swift Dzire Tour 1.3 S Diesel,69036,Diesel,Manual,1,2018,999,5,5.43 Lakh,543000
Hyundai EON Era Plus,61235,Petrol,Manual,1,2012,998,5,1.92 Lakh,192000
Hyundai i20 1.2 Spotz,29946,Petrol,Manual,1,2017,2609,7,5.47 Lakh,547000
Maruti Eeco 5 Seater AC 2020-2022,21330,Petrol,Manual,1,2021,1197,5,4.78 Lakh,478000
Tata Harrier XZA Plus Dark Edition AT 2020-2022,42418,Diesel,Automatic,1,2020,1198,5,18.14 Lakh,1814000
Hyundai i10 Era,90605,Petrol,Manual,1,2013,1586,5,2.30 Lakh,230000
Maruti Alto Green LXi (CNG),127866,Cng,Manual,1,2010,1498,5,1.34 Lakh,134000
Renault Duster 110PS Diesel RxZ,177697,Diesel,Manual,2,2012,1198,5,2.68 Lakh,268000
Volkswagen Ameo 1.0 MPI Highline Plus,13278,Petrol,Manual,1,2018,2179,5,5.68 Lakh,568000
Maruti S-Presso VXI Plus AT 2019-2022,4343,Petrol,Automatic,1,2021,1497,5,4.94 Lakh,494000
Mahindra Scorpio LX 2.6 Turbo 9 Str,123804,Diesel,Manual,3,2009,1405,7,2.23 Lakh,223000
Hyundai Xcent 1.2 VTVT S,22939,Petrol,Manual,1,2018,998,5,5.15 Lakh,515000
Honda Amaze S i-Vtech,22055,Petrol,Manual,1,2016,799,5,4.54 Lakh,454000
Maruti SX4 Vxi BSIV,62843,Petrol,Manual,1,2010,1197,7,1.98 Lakh,198000
MG Astor Style,4783,Petrol,Manual,1,2022,1995,7,9.77 Lakh,977000
Tata Nexon 1.2 Revotron XZA Plus,54441,Petrol,Automatic,2,2019,1364,5,7.94 Lakh,794000
Tata Hexa XTA,122735,Diesel,Automatic,1,2017,2179,5,10.08 Lakh,1008000
Honda City Corporate Edition,48096,Petrol,Manual,2,2012,1599,5,4.07 Lakh,407000
Tata Indica TDI LS,130265,Diesel,Manual,2,2013,1197,5,"95,633",95633
Maruti Celerio ZXI AT,46005,Petrol,Automatic,1,2016,2179,5,3.86 Lakh,386000
Datsun RediGO T Option,62876,Petrol,Manual,1,2017,1248,5,2.19 Lakh,219000
Hyundai Xcent 1.2 Kappa SX Option,21712,Petrol,Manual,1,2014,998,5,4.33 Lakh,433000
BMW 5 Series 520d Luxury Line,55525,Diesel,Automatic,1,2014,1086,5,19.71 Lakh,1971000
Toyota Etios Liva GD,154913,Diesel,Manual,1,2013,998,5,2.92 Lakh,292000
Mahindra XUV500 W6 2WD,75269,Diesel,Manual,1,2014,998,5,6.22 Lakh,622000
Hyundai Verna XXi (Petrol),158267,Petrol,Manual,2,2008,1197,5,1.12 Lakh,112000
Hyundai i20 Magna Plus,12355,Petrol,Manual,1,2020,998,5,6.09 Lakh,609000
Mahindra XUV500 W8 2WD,81631,Diesel,Manual,3,2012,1298,5,4.47 Lakh,447000
Maruti Ertiga SHVS VDI,88972,Diesel,Manual,2,2017,1591,5,6.91 Lakh,691000
Maruti Wagon R LXI BS IV,90509,Petrol,Manual,1,2011,998,5,1.89 Lakh,189000
Hyundai Santro Xing GLS LPG,76154,Lpg,Manual,2,2008,1197,5,1.32 Lakh,132000
Maruti Alto K10 VXI,34851,Petrol,Manual,2,2017,998,5,3.09 Lakh,309000
Maruti A-Star Vxi,35354,Petrol,Manual,1,2010,1086,5,1.80 Lakh,180000
Hyundai i10 Magna,55226,Petrol,Manual,2,2011,1353,5,2.14 Lakh,214000
Maruti Wagon R LXI BS IV,83436,Petrol,Manual,2,2012,1582,5,2.11 Lakh,211000
Maruti Swift 1.3 VXi,193593,Petrol,Manual,1,2009,1896,5,1.42 Lakh,142000
Hyundai Creta 1.6 VTVT SX Plus,128782,Petrol,Manual,1,2017,1461,5,7.99 Lakh,799000
Maruti Celerio VXI Optional,63636,Petrol,Manual,2,2017,1396,5,3.33 Lakh,333000
Maruti Swift Dzire ZXI,79052,Petrol,Manual,3,2014,1498,5,3.69 Lakh,369000
Maruti Zen Estilo LXI BSIII,76800,Petrol,Manual,1,2011,1591,5,3 Lakh,300000
Hyundai i10 Era,58478,Petrol,Manual,1,2013,1591,5,5 Lakh,500000
Kia Seltos GTX Plus DCT,19667,Petrol,Automatic,1,2019,799,5,14.98 Lakh,1498000
Hyundai Verna 1.6 SX CRDI (O) AT,75386,Diesel,Automatic,3,2014,1199,5,4.69 Lakh,469000
Volkswagen Jetta 1.9 Highline TDI,85000,Diesel,Automatic,2,2010,814,5,5.51 Lakh,551000
Renault Duster 85PS Diesel RxZ,28137,Diesel,Manual,1,2018,1248,5,8.52 Lakh,852000
Tata Indigo LS BSIV,355444,Diesel,Manual,2,2011,998,5,1.36 Lakh,136000
Ford Ecosport 1.5 DV5 MT Titanium,82347,Diesel,Manual,2,2014,1197,5,4.45 Lakh,445000
Hyundai Verna 1.6 SX VTVT,130625,Petrol,Manual,2,2011,998,5,3.34 Lakh,334000
Hyundai Creta 1.6 VTVT E Plus,44401,Petrol,Manual,3,2017,1248,5,7.90 Lakh,790000
Renault KWID RXT,11592,Petrol,Manual,1,2016,1248,5,2.72 Lakh,272000
Tata Tiago 1.2 Revotron XT,34121,Petrol,Manual,2,2018,1199,5,4.23 Lakh,423000
Hyundai EON Magna Optional,33611,Petrol,Manual,1,2011,1197,5,1.77 Lakh,177000
Maruti Vitara Brezza VDi Option,53000,Diesel,Manual,1,2017,1498,5,7.85 Lakh,785000
Hyundai Venue SX Dual Tone Turbo BSIV,55000,Petrol,Manual,2,2019,1956,5,9.50 Lakh,950000
Hyundai i10 Magna,58000,Petrol,Manual,1,2011,1497,5,5 Lakh,500000
Maruti Wagon R LXI,68000,Petrol,Manual,1,2011,998,5,5 Lakh,500000
Chevrolet Sail LS ABS,76800,Diesel,Manual,1,2013,999,5,7.50 Lakh,750000
Maruti Swift Dzire AMT ZDI Plus,68477,Diesel,Automatic,2,2019,1451,5,7.57 Lakh,757000
Honda Amaze VX CVT Petrol BSIV,24370,Petrol,Automatic,1,2019,1956,5,6.67 Lakh,667000
Maruti Swift Dzire VXi AT,64071,Petrol,Automatic,1,2017,1199,5,5.98 Lakh,598000
Honda Amaze S Diesel,94403,Diesel,Manual,1,2015,1497,5,6 Lakh,600000
Tata Harrier XZ Plus Dual Tone,14519,Diesel,Manual,1,2022,1197,5,22.06 Lakh,2206000
Honda City i VTEC CVT VX,31938,Petrol,Automatic,1,2014,998,5,5.55 Lakh,555000
Maruti Alto K10 LXI,39873,Petrol,Manual,2,2017,1950,5,2.82 Lakh,282000
Volkswagen Vento 1.0 TSI Comfortline,22649,Petrol,Manual,1,2021,1950,5,8.64 Lakh,864000
MG Hector Sharp DCT Dualtone,27710,Petrol,Automatic,1,2020,2987,5,15.76 Lakh,1576000
Tata Harrier XZA Plus Dual Tone AT,35575,Diesel,Automatic,1,2020,2143,5,20.14 Lakh,2014000
Honda WR-V i-VTEC S,65062,Petrol,Manual,1,2019,1968,5,6.96 Lakh,696000
Honda City i VTEC CVT VX,87144,Petrol,Automatic,2,2014,1995,5,5.40 Lakh,540000
Hyundai i20 Asta IVT,24561,Petrol,Automatic,1,2021,1405,5,9.29 Lakh,929000
Maruti Alto K10 LXI,40000,Petrol,Manual,1,2016,1995,5,3.25 Lakh,325000
Mercedes-Benz GLC 220d 4MATIC,24000,Diesel,Automatic,1,2020,2143,5,56.50 Lakh,5650000
Mercedes-Benz GLE 300d,13000,Diesel,Automatic,1,2021,2993,4,89 Lakh,8900000
Mercedes-Benz S-Class S 350 CDI,18000,Diesel,Automatic,1,2017,1968,4,71.50 Lakh,7150000
Mercedes-Benz C-Class 220 CDI AT,40000,Diesel,Automatic,1,2013,2143,5,13.75 Lakh,1375000
Audi A6 35 TDI,68000,Diesel,Automatic,1,2016,2993,5,24.50 Lakh,2450000
BMW 5 Series 520d Sport Line,55000,Diesel,Automatic,2,2018,1498,5,40.50 Lakh,4050000
Tata Indigo LX,80000,Diesel,Manual,3,2012,1595,5,1.50 Lakh,150000
BMW 3 Series 320d GT Luxury Line,64593,Diesel,Automatic,3,2014,2967,5,18.50 Lakh,1850000
Mercedes-Benz E-Class E250 CDI Avantgarde,63203,Diesel,Automatic,2,2015,2993,5,22 Lakh,2200000
BMW X6 xDrive 40d M Sport,75000,Diesel,Automatic,2,2015,2143,5,37.90 Lakh,3790000
Audi Q5 2.0 TDI Premium Plus,94002,Diesel,Automatic,2,2014,4367,5,16 Lakh,1600000
Mercedes-Benz C-Class C 220 CDI Avantgarde,90004,Diesel,Automatic,3,2014,1968,5,11.90 Lakh,1190000
BMW X5 xDrive 30d M Sport,83005,Diesel,Automatic,2,2014,1968,5,29 Lakh,2900000
Ford Ecosport 1.5 Diesel Titanium,62500,Diesel,Manual,1,2015,4367,5,4.75 Lakh,475000
Mercedes-Benz B Class B180 Sports,67000,Petrol,Automatic,2,2013,1998,5,12.90 Lakh,1290000
Audi A8 L 50 TDI Quattro Premium Plus,81250,Diesel,Automatic,1,2015,1968,5,42 Lakh,4200000
Jaguar XJ 3.0L LWB Ultimate,79004,Diesel,Automatic,2,2012,1498,5,22.90 Lakh,2290000
Mercedes-Benz M-Class ML 250 CDI,80000,Diesel,Automatic,2,2014,1582,5,21.90 Lakh,2190000
Land Rover Range Rover Vogue SE 4.4 SDV8,87002,Diesel,Automatic,2,2013,1248,5,35.25 Lakh,3525000
Audi Q5 2.0 TDI Premium Plus,94002,Diesel,Automatic,2,2013,998,5,14.25 Lakh,1425000
Audi A6 2.0 TDI Premium Plus,82005,Diesel,Automatic,2,2013,1248,5,14.25 Lakh,1425000
Land Rover Range Rover Vogue SE 4.4 SDV8,95004,Diesel,Automatic,1,2013,1956,5,39.75 Lakh,3975000
BMW X1 sDrive20i xLine,68753,Petrol,Automatic,2,2019,1956,5,28.10 Lakh,2810000
Audi Q5 30 TDI quattro Premium,80000,Diesel,Automatic,3,2015,2967,5,14.75 Lakh,1475000
Ford Ecosport 1.5 DV5 MT Titanium,62500,Diesel,Manual,1,2015,0,5,4.75 Lakh,475000
Hyundai Creta 1.6 CRDi AT S Plus,85000,Diesel,Automatic,1,2017,1950,5,8.95 Lakh,895000
Maruti Baleno 1.3 Zeta,55500,Diesel,Manual,1,2018,1798,7,6.20 Lakh,620000
Hyundai Venue SX Opt iMT,10000,Petrol,Manual,1,2021,1998,5,11.50 Lakh,1150000
Maruti Baleno 1.3 Zeta,54000,Diesel,Manual,1,2018,1950,4,6.25 Lakh,625000
Tata Harrier XM,32500,Diesel,Manual,1,2019,1968,5,12.50 Lakh,1250000
Tata Harrier XM,33500,Diesel,Manual,1,2019,1991,5,12.60 Lakh,1260000
Audi Q5 3.0 TDI Quattro Technology,35000,Diesel,Automatic,1,2015,1598,5,21 Lakh,2100000
MG ZS EV Exclusive,38000,Electric,Automatic,1,2020,2755,5,21.10 Lakh,2110000
Mercedes-Benz C-Class Progressive C 200,16500,Petrol,Automatic,1,2018,1968,5,36.50 Lakh,3650000
Audi A6 35 TFSI Matrix,30000,Petrol,Automatic,1,2018,1995,5,36.75 Lakh,3675000
Mini Cooper D,29000,Diesel,Automatic,2,2014,2499,5,18.90 Lakh,1890000
Mercedes-Benz C-Class Progressive C 220d,24000,Diesel,Automatic,2,2020,1498,5,39 Lakh,3900000
Audi A3 35 TDI Premium Plus,39000,Diesel,Automatic,1,2020,1998,5,25.80 Lakh,2580000
Mercedes-Benz E-Class Expression E 200 BSIV,65000,Petrol,Automatic,1,2018,2494,5,44 Lakh,4400000
Renault Duster Petrol RxL,49000,Petrol,Manual,2,2017,1950,5,5.75 Lakh,575000
Toyota Innova Crysta 2.8 GX AT BSIV,26000,Diesel,Automatic,1,2018,1199,5,18.75 Lakh,1875000
Audi Q3 35 TDI Quattro Premium Plus,76000,Diesel,Automatic,2,2016,1199,5,14.75 Lakh,1475000
BMW 6 Series GT 620d Luxury Line 2019-2021,50000,Diesel,Automatic,1,2020,1991,5,60.50 Lakh,6050000
Lexus NX 300h Luxury,49000,Petrol,Automatic,1,2019,796,7,48 Lakh,4800000
Volkswagen Polo 1.5 TDI Trendline,115000,Diesel,Manual,1,2016,1991,5,4.10 Lakh,410000
BMW 5 Series 530i M Sport,6000,Petrol,Automatic,1,2022,1998,5,66 Lakh,6600000
Toyota Camry 2.5 Hybrid,47000,Petrol,Automatic,1,2017,1997,5,23.50 Lakh,2350000
Mercedes-Benz C-Class Progressive C 200,17000,Petrol,Automatic,1,2018,1799,7,36 Lakh,3600000
Honda Amaze S Petrol,25102,Petrol,Manual,1,2019,2499,5,6.40 Lakh,640000
Tata Tiago 1.2 Revotron XT,10000,Petrol,Manual,2,2018,2498,5,4.90 Lakh,490000
Mercedes-Benz GLC 200,15000,Petrol,Automatic,1,2021,4367,5,61 Lakh,6100000
Maruti Alto 800 LXI,60000,Petrol,Manual,2,2016,2179,7,2.20 Lakh,220000
Mercedes-Benz GLC 300 4MATIC Sport,29000,Petrol,Automatic,1,2019,2179,7,48.10 Lakh,4810000
BMW X3 xDrive 30i Luxury Line,25500,Petrol,Automatic,1,2018,2987,5,45 Lakh,4500000
Jaguar F-Pace 2.0 R-Dynamic S Diesel,9900,Diesel,Automatic,1,2021,1998,5,74 Lakh,7400000
Honda Civic 1.8 V AT,90000,Petrol,Automatic,1,2008,2143,5,2 Lakh,200000
Lexus NX 300h Luxury,48000,Petrol,Automatic,1,2019,1199,5,48.25 Lakh,4825000
Mahindra Thar 4X4,59000,Diesel,Manual,2,2014,2755,5,5.90 Lakh,590000
Land Rover Range Rover 4.4 Diesel LWB Autobiography,68500,Diesel,Automatic,1,2019,2998,5,1.90 Crore,19000000
Land Rover Range Rover Evoque 2.2L Prestige,69000,Diesel,Automatic,2,2014,1995,5,25.90 Lakh,2590000
Land Rover Range Rover Evoque 2.2L Prestige,69000,Diesel,Automatic,1,2015,2987,5,29.90 Lakh,2990000
Mercedes-Benz GL-Class 350 CDI Blue Efficiency,79000,Diesel,Automatic,3,2015,2993,5,34.90 Lakh,3490000
BMW X4 xDrive30i M Sport Silver Shadow Edition,7600,Petrol,Automatic,1,2022,1582,5,74.50 Lakh,7450000
Mercedes-Benz GLC 220d 4MATIC Sport,69000,Diesel,Automatic,1,2017,2143,5,38.90 Lakh,3890000
Chevrolet Beat LS,80000,Petrol,Manual,1,2011,2487,5,1.07 Lakh,107000
Toyota Fortuner 2.8 2WD MT BSIV,60000,Diesel,Manual,1,2019,1595,5,31 Lakh,3100000
BMW X7 xDrive 40i,39000,Petrol,Automatic,1,2019,1396,5,1.15 Crore,11500000
Hyundai Tucson 2.0 e-VGT 2WD AT GL,60000,Diesel,Automatic,1,2017,1497,5,15.50 Lakh,1550000
Mercedes-Benz S-Class S 350 CDI,40000,Diesel,Automatic,1,2015,1956,5,51 Lakh,5100000
BMW X5 xDrive 30d Expedition,34000,Diesel,Automatic,1,2019,1199,5,56.50 Lakh,5650000
Hyundai Creta 1.6 CRDi SX,80000,Diesel,Manual,1,2017,1197,5,10 Lakh,1000000
Mercedes-Benz E-Class E250 CDI Avantgarde,60625,Diesel,Automatic,2,2016,1197,5,25.90 Lakh,2590000
Toyota Camry Hybrid 2.5,20000,Petrol,Automatic,1,2019,2143,7,40.90 Lakh,4090000
Mercedes-Benz A Class A180 Sport,68000,Petrol,Automatic,1,2017,1461,5,17 Lakh,1700000
Hyundai i20 1.4 CRDi Sportz,82000,Diesel,Manual,1,2011,1968,5,3 Lakh,300000
Honda City V MT,67000,Petrol,Manual,2,2011,1991,5,3.50 Lakh,350000
Jeep Compass 2.0 Sport Plus BSIV,62000,Diesel,Manual,1,2019,1950,5,15.75 Lakh,1575000
Chevrolet Beat LT Option,60000,Petrol,Manual,2,2011,936,5,1.50 Lakh,150000
Maruti Swift Dzire VXI 1.2,80000,Petrol,Manual,2,2017,999,5,5.60 Lakh,560000
Maruti Baleno 1.2 CVT Delta,75000,Petrol,Automatic,1,2016,796,5,5.25 Lakh,525000
Mercedes-Benz GLE 250d,49000,Diesel,Automatic,1,2017,1950,7,44 Lakh,4400000
Renault Duster 110PS Diesel RxL,100000,Diesel,Manual,1,2013,1968,7,3.25 Lakh,325000
Skoda Yeti Ambition 4X2,103000,Diesel,Manual,1,2013,1199,5,3.25 Lakh,325000
Mercedes-Benz GLC 300 4MATIC Sport,28500,Petrol,Automatic,1,2019,1364,5,48 Lakh,4800000
Mercedes-Benz E-Class Expression E 220 d BSIV,17000,Diesel,Automatic,1,2020,1995,7,58 Lakh,5800000
Chevrolet Beat Diesel,80000,Diesel,Manual,1,2013,1582,5,1.20 Lakh,120000
Renault Triber RXT,22000,Petrol,Manual,1,2020,1969,5,6.25 Lakh,625000
Maruti Alto LXi,25000,Petrol,Manual,1,2011,2179,5,1.90 Lakh,190000
Mercedes-Benz E-Class Exclusive E 220d,2000,Diesel,Automatic,1,2022,1950,5,76.25 Lakh,7625000
Audi A4 2.0 TDI Technology Edition,138000,Diesel,Automatic,3,2012,1998,5,7.50 Lakh,750000
Tata Tiago 1.2 Revotron XZ WO Alloy,120000,Petrol,Manual,1,2016,1373,7,3.50 Lakh,350000
Toyota Etios Liva GD,165000,Diesel,Manual,3,2012,2987,5,3.25 Lakh,325000
BMW X3 xDrive 20d Luxury Line,19000,Diesel,Automatic,1,2021,1997,5,60 Lakh,6000000
Hyundai Creta 1.6 SX Automatic Diesel,40000,Diesel,Automatic,1,2018,998,5,13 Lakh,1300000
Volvo XC 90 D5 Inscription BSIV,100000,Diesel,Automatic,2,2016,1248,5,37 Lakh,3700000
Mahindra Scorpio S11,35000,Diesel,Manual,2,2021,796,5,18.50 Lakh,1850000
Mercedes-Benz C-Class Progressive C 200,12000,Petrol,Automatic,1,2021,1996,6,47.90 Lakh,4790000
Chevrolet Cruze LTZ AT,80000,Diesel,Automatic,3,2012,1120,7,4.10 Lakh,410000
Maruti Ertiga VXI,20000,Petrol,Manual,1,2013,1998,5,4 Lakh,400000
Mercedes-Benz S-Class S 350 CDI,61000,Diesel,Automatic,2,2017,1248,5,83 Lakh,8300000
Land Rover Range Rover Velar R-Dynamic S Petrol MY21,38000,Petrol,Automatic,1,2020,1969,5,85 Lakh,8500000
Hyundai EON 1.0 Era Plus,60000,Petrol,Manual,1,2016,796,5,2.25 Lakh,225000
Maruti Swift Dzire VDi,80000,Diesel,Manual,1,2010,1999,5,3 Lakh,300000
Maruti Alto LXi,100000,Petrol,Manual,1,2010,2494,5,1.50 Lakh,150000
MG Gloster Savvy 7-Str,11000,Diesel,Automatic,2,2021,2993,7,39.65 Lakh,3965000
Hyundai Grand i10 CRDi Magna,120000,Diesel,Manual,1,2014,1498,5,3.25 Lakh,325000
Chevrolet Cruze LTZ,50000,Diesel,Manual,1,2014,1968,5,4.15 Lakh,415000
Maruti Vitara Brezza LDi Option,125000,Diesel,Manual,2,2017,1047,7,6 Lakh,600000
Volvo S90 D4 Inscription BSIV,20000,Diesel,Automatic,1,2018,1950,5,44.75 Lakh,4475000
Maruti Alto 800 CNG LXI,140000,Cng,Manual,1,2016,1995,5,2.40 Lakh,240000
Hyundai Alcazar Prestige AT,16000,Petrol,Automatic,1,2021,3200,7,18.90 Lakh,1890000
Toyota Innova 2.5 VX (Diesel) 7 Seater BS IV,110000,Diesel,Manual,1,2015,1396,5,9.80 Lakh,980000
BMW X5 xDrive 30d,85000,Diesel,Automatic,2,2015,1997,5,29.75 Lakh,2975000
Honda Amaze S i-Dtech,150000,Diesel,Manual,1,2013,2179,7,2.60 Lakh,260000
Volkswagen Passat Highline DSG S,98000,Diesel,Automatic,2,2009,1461,5,3.39 Lakh,339000
Tata Tiago 1.05 Revotorq XT,80000,Diesel,Manual,1,2017,1248,5,3.50 Lakh,350000
Mercedes-Benz GLC Coupe 300d 4MATIC,24900,Diesel,Automatic,1,2021,4461,5,71.50 Lakh,7150000
BMW 3 Series 320d Luxury Line,70000,Diesel,Automatic,3,2012,1498,5,8 Lakh,800000
Mitsubishi Montero 3.2 GLS,188000,Diesel,Manual,2,2007,998,5,5 Lakh,500000
Hyundai Verna CRDi 1.4 EX,70000,Diesel,Manual,1,2019,2967,7,8.90 Lakh,890000
Jaguar XF 2.0 Petrol Prestige,7500,Petrol,Automatic,1,2020,1993,5,47 Lakh,4700000
Mahindra XUV500 W6 2WD,133000,Diesel,Manual,1,2016,1396,5,9.50 Lakh,950000
Nissan Sunny Diesel XL,80000,Diesel,Manual,2,2012,1086,5,2.50 Lakh,250000
Maruti Swift ZDI,70000,Diesel,Manual,1,2019,796,5,7.57 Lakh,757000
Toyota Land Cruiser VX,56000,Diesel,Automatic,1,2018,1396,4,1.58 Crore,15800000
Honda City i-DTEC ZX,60000,Diesel,Manual,3,2018,1497,5,8.25 Lakh,825000
Kia Sonet GTX Plus Turbo DCT,25000,Petrol,Automatic,1,2021,1799,7,14.50 Lakh,1450000
Audi Q7 3.0 TDI Quattro Premium Plus,60000,Diesel,Automatic,1,2011,1248,7,12.90 Lakh,1290000
Mercedes-Benz C-Class C 220d,4000,Diesel,Automatic,1,2022,2925,5,62 Lakh,6200000
Hyundai i20 Sportz 1.4 CRDi,90000,Diesel,Manual,1,2012,1197,5,3.50 Lakh,350000
Hyundai i10 Magna 1.1L,120000,Petrol,Manual,4,2008,1598,5,1.10 Lakh,110000
Maruti Alto LX,90000,Petrol,Manual,2,2006,2993,5,1.50 Lakh,150000
Hyundai Creta 1.4 CRDi S,70000,Diesel,Manual,1,2017,2925,5,8.35 Lakh,835000
Honda Mobilio S i-VTEC,144000,Petrol,Manual,1,2015,2967,5,4 Lakh,400000
Honda Civic 1.8 (E) MT,70000,Petrol,Manual,3,2008,3498,4,1.50 Lakh,150000
Maruti Swift VDI BSIV,150000,Diesel,Manual,1,2015,1396,5,5.25 Lakh,525000
Mercedes-Benz S-Class S 350 d,13000,Diesel,Automatic,2,2014,2993,5,47.75 Lakh,4775000
Maruti Ritz LXi,100000,Petrol,Manual,2,2016,1248,5,3 Lakh,300000
Mini Cooper S,35002,Petrol,Automatic,2,2012,1198,7,19.75 Lakh,1975000
BMW 7 Series 730Ld Eminence,50002,Diesel,Automatic,2,2014,1248,5,28 Lakh,2800000
Mercedes-Benz GLS 400d 4MATIC,15000,Diesel,Automatic,2,2020,2184,5,1.17 Crore,11700000
Audi Q7 3.0 TDI Quattro Premium Plus,50001,Diesel,Automatic,2,2013,1248,5,18 Lakh,1800000
Mercedes-Benz S-Class S 350 L,82002,Petrol,Automatic,3,2008,1197,7,9.25 Lakh,925000
Hyundai i20 Magna 1.4 CRDi (Diesel),100000,Diesel,Manual,2,2012,1248,5,3.20 Lakh,320000
BMW X5 xDrive 30d xLine,25000,Diesel,Automatic,1,2020,2967,7,83 Lakh,8300000
Tata Indica Aqua 1.3 Quadrajet (ABS),100000,Diesel,Manual,2,2012,998,5,1.30 Lakh,130000
Tata Nexon 1.2 Revotron XZ,30000,Petrol,Manual,1,2018,1120,5,7 Lakh,700000
Maruti Swift Dzire VDi,120000,Diesel,Manual,1,2011,999,7,3.50 Lakh,350000
Mahindra Thar LX 4-Str Convert Top Diesel AT,30000,Diesel,Automatic,1,2020,2987,5,18.75 Lakh,1875000
Maruti Swift Dzire VDi,120000,Diesel,Manual,1,2011,1353,5,3.50 Lakh,350000
Hyundai i20 Asta,71000,Petrol,Manual,2,2010,2982,5,2.67 Lakh,267000
Maruti SX4 VDI,115000,Diesel,Manual,2,2011,1047,5,2.20 Lakh,220000
Audi Q7 45 TDI Quattro Technology,65000,Diesel,Automatic,1,2017,1995,5,46 Lakh,4600000
Maruti Celerio VXI MT BSIV,50000,Petrol,Manual,2,2019,1462,5,4.50 Lakh,450000
Hyundai Grand i10 CRDi Asta Option,80000,Diesel,Manual,2,2014,1968,5,3.70 Lakh,370000
Nissan Magnite XV DT,46000,Petrol,Manual,2,2021,1956,7,6.40 Lakh,640000
Mercedes-Benz GLS 350d Grand Edition,45000,Diesel,Automatic,2,2016,2143,5,59.50 Lakh,5950000
Kia Seltos GTX Plus DCT,25000,Petrol,Automatic,2,2020,1498,5,17.25 Lakh,1725000
Toyota Fortuner 4x2 Manual,110000,Diesel,Manual,2,2012,1248,7,10.50 Lakh,1050000
Tata Tiago 1.05 Revotorq XT,80000,Diesel,Manual,1,2017,998,7,3.51 Lakh,351000
BMW 5 Series 520d Luxury Line,29000,Diesel,Automatic,1,2019,1999,5,48 Lakh,4800000
Maruti Ertiga ZXI AT Petrol,7000,Petrol,Automatic,1,2021,1248,5,11.10 Lakh,1110000
Audi Q5 2.0 TDI,110000,Diesel,Automatic,3,2011,1197,5,7.50 Lakh,750000
Tata Harrier XT,50000,Diesel,Manual,1,2020,1061,5,14 Lakh,1400000
Mercedes-Benz GLE 250d,45000,Diesel,Automatic,1,2019,2996,5,56 Lakh,5600000
Honda Amaze EX i-Dtech,80000,Diesel,Manual,1,2014,1493,7,3.50 Lakh,350000
Maruti Ciaz ZDi,90000,Diesel,Manual,1,2014,1197,5,4.50 Lakh,450000
Maruti Alto K10 VXI,18570,Petrol,Manual,1,2016,1248,5,2.65 Lakh,265000
Land Rover Discovery Sport TD4 HSE,120000,Diesel,Automatic,1,2016,2995,5,29.50 Lakh,2950000
Chevrolet Enjoy TCDi LS 7 Seater,120000,Diesel,Manual,2,2013,1461,5,2.10 Lakh,210000
Maruti Baleno Zeta,25000,Petrol,Manual,2,2019,2993,5,6.50 Lakh,650000
Maruti Alto Vxi 1.1,120000,Petrol,Manual,2,2007,2982,5,1.25 Lakh,125000
Mercedes-Benz GLS 400 4MATIC,80000,Petrol,Automatic,1,2017,1998,5,62.50 Lakh,6250000
Mahindra TUV 300 T8,110000,Diesel,Manual,1,2018,1968,5,5.50 Lakh,550000
Hyundai Grand i10 Magna,40000,Petrol,Manual,1,2015,1197,5,3.20 Lakh,320000
Maruti Swift VDI,99218,Diesel,Manual,1,2012,1582,6,3.50 Lakh,350000
Land Rover Range Rover 3.0 Petrol LWB Vogue BSIV,40000,Petrol,Automatic,1,2019,1353,5,1.92 Crore,19200000
Renault Duster 110PS Diesel RxZ,100000,Diesel,Manual,3,2012,1461,5,3 Lakh,300000
BMW 5 Series 530d M Sport,42000,Diesel,Automatic,1,2018,1353,5,45.90 Lakh,4590000
Toyota Fortuner 4x2 Manual,100000,Diesel,Manual,2,2012,1493,5,12 Lakh,1200000
Volvo XC60 B5 Inscripition,7000,Petrol,Automatic,1,2022,1995,5,68.50 Lakh,6850000
Audi A3 35 TDI Premium Plus,70000,Diesel,Automatic,2,2017,1198,5,17.50 Lakh,1750000
Hyundai i10 Sportz,70000,Petrol,Manual,1,2010,1497,5,1.50 Lakh,150000
Hyundai Creta 1.6 CRDi SX Plus Dual Tone,66000,Diesel,Manual,1,2018,1197,5,11.50 Lakh,1150000
Hyundai Creta SX Opt Turbo,8000,Petrol,Automatic,1,2021,2987,7,19.75 Lakh,1975000
Nissan Micra Diesel XV,110000,Diesel,Manual,3,2013,1248,5,1.70 Lakh,170000
Kia Seltos GTX Option,3000,Petrol,Manual,1,2021,998,5,16.90 Lakh,1690000
Hyundai Verna S Plus Diesel,25000,Diesel,Manual,1,2020,1248,5,10.70 Lakh,1070000
BMW X1 sDrive 20d xLine,25000,Diesel,Automatic,1,2019,2143,5,30 Lakh,3000000
Mahindra KUV 100 NXT D75 K2,60000,Diesel,Manual,1,2018,1248,5,5.50 Lakh,550000
Honda City 1.5 S MT,154000,Petrol,Manual,1,2011,2982,5,2.55 Lakh,255000
Hyundai i20 1.2 Sportz,100000,Petrol,Manual,2,2012,998,5,2.55 Lakh,255000
Maserati Ghibli Diesel BSIV,12000,Diesel,Automatic,1,2016,2967,5,66 Lakh,6600000
Maruti Swift Dzire VDI,80000,Diesel,Manual,2,2014,1086,5,4.25 Lakh,425000
Hyundai Venue SX Opt Turbo iMT,15000,Petrol,Manual,1,2022,1396,5,10.25 Lakh,1025000
Maruti Vitara Brezza ZDi,90000,Diesel,Manual,1,2017,1498,5,7.70 Lakh,770000
Mercedes-Benz C-Class C 220 CDI Avantgarde,37000,Diesel,Automatic,2,2015,1991,5,21.50 Lakh,2150000
Maruti Swift Dzire Ldi BSIV,80000,Diesel,Manual,1,2010,799,7,2.80 Lakh,280000
Toyota Fortuner 3.0 Diesel,90000,Diesel,Manual,2,2011,998,5,10 Lakh,1000000
Hyundai Venue SX Opt iMT,15000,Petrol,Manual,1,2022,936,7,9.50 Lakh,950000
Porsche Cayenne Diesel Platinum Edition,50000,Diesel,Automatic,1,2016,1997,5,58 Lakh,5800000
Hyundai Santro Xing GLS,70000,Petrol,Manual,2,2008,1527,4,1.10 Lakh,110000
Hyundai i20 1.4 CRDi Magna,80000,Diesel,Manual,3,2011,1995,5,2 Lakh,200000
Volkswagen Vento 1.5 TDI Trendline,120000,Diesel,Manual,1,2017,2494,5,5.65 Lakh,565000
Mercedes-Benz E-Class Exclusive E 200,8900,Petrol,Automatic,1,2021,1950,5,67 Lakh,6700000
Datsun RediGO T Option,50000,Petrol,Manual,2,2018,1248,5,2.60 Lakh,260000
Maruti Alto K10 2010-2014 VXI,50000,Petrol,Manual,1,2012,1197,5,2.45 Lakh,245000
Chevrolet Beat Diesel LT,110000,Diesel,Manual,1,2013,2184,5,1.40 Lakh,140000
Land Rover Range Rover Sport 2.0 Petrol HSE,19500,Petrol,Automatic,1,2020,1991,5,1.14 Crore,11400000
Maruti Zen D,120000,Diesel,Manual,3,2005,1248,5,"80,000",80000
BMW X1 sDrive 20d xLine,33000,Diesel,Automatic,2,2018,2499,5,27.50 Lakh,2750000
Toyota Innova 2.5 GX 7 STR,79718,Diesel,Manual,1,2009,1248,5,6 Lakh,600000
Mercedes-Benz C-Class Progressive C 200,28000,Petrol,Automatic,1,2019,2179,5,42.50 Lakh,4250000
Maruti Ertiga SHVS ZDI Plus,120000,Diesel,Manual,2,2016,1353,7,6.50 Lakh,650000
Maruti Baleno 1.2 Zeta,90000,Petrol,Manual,2,2018,1197,7,6.50 Lakh,650000
Mahindra Thar LX 4-Str Hard Top Diesel AT,20000,Diesel,Automatic,2,2021,1197,5,16.20 Lakh,1620000
Mercedes-Benz C-Class C 200 CGI,62000,Petrol,Automatic,1,2017,1968,5,28 Lakh,2800000
Maruti Swift Vdi BSIII,120000,Diesel,Manual,2,2008,1197,5,1.90 Lakh,190000
Isuzu D-Max S CAB,40000,Diesel,Manual,1,2021,1798,5,11.25 Lakh,1125000
Maruti Ciaz 1.3 Zeta,55000,Diesel,Manual,1,2017,2199,7,6.75 Lakh,675000
Jaguar XF 2.2 Litre Luxury,17000,Diesel,Automatic,1,2014,4461,5,19.90 Lakh,1990000
Kia Seltos GTK,20000,Petrol,Manual,1,2020,1461,5,14.15 Lakh,1415000
Maruti Baleno 1.2 Zeta,30000,Petrol,Manual,1,2017,1197,5,6.35 Lakh,635000
Hyundai i20 Magna,65000,Petrol,Manual,1,2013,1968,5,3.70 Lakh,370000
Audi A4 2.0 TDI,70000,Diesel,Automatic,1,2013,1998,5,10.50 Lakh,1050000
Toyota Glanza G,17000,Petrol,Manual,1,2021,2987,5,7 Lakh,700000
Toyota Corolla Altis G AT,60000,Petrol,Automatic,1,2017,1595,7,12.50 Lakh,1250000
Hyundai Santa Fe 2WD AT,83000,Diesel,Automatic,1,2014,1353,5,10.90 Lakh,1090000
Toyota Land Cruiser VX,27000,Diesel,Automatic,1,2019,2143,5,1.69 Crore,16900000
Mahindra Logan Diesel 1.5 DLE,155000,Diesel,Manual,3,2010,1248,4,1.30 Lakh,130000
Maruti Swift VXI,40000,Petrol,Manual,2,2019,796,6,5.90 Lakh,590000
Audi Q3 2.0 TDI Quattro Premium Plus,51000,Diesel,Automatic,1,2014,1956,5,14.25 Lakh,1425000
BMW X1 sDrive20i xLine,10000,Petrol,Automatic,1,2021,2987,5,40 Lakh,4000000
Mercedes-Benz GL-Class 350 CDI Blue Efficiency,85002,Diesel,Automatic,2,2014,1998,5,30 Lakh,3000000
Mercedes-Benz B Class B180 Sports,37000,Petrol,Automatic,2,2014,1999,5,12.90 Lakh,1290000
Kia Seltos GTX Plus DCT,25000,Petrol,Automatic,1,2020,1998,5,17.50 Lakh,1750000
Mercedes-Benz CLA 200 CDI Sport,68000,Diesel,Automatic,1,2017,1950,5,21.90 Lakh,2190000
Maruti Swift VDI BSIV,70000,Diesel,Manual,1,2011,1991,5,2.15 Lakh,215000
Maruti Alto LXi,90000,Petrol,Manual,2,2012,1995,5,1.70 Lakh,170000
Tata Harrier XZ BSIV,32000,Diesel,Manual,2,2019,1999,4,13.75 Lakh,1375000
Mercedes-Benz GLS 350d Grand Edition,39000,Diesel,Automatic,1,2020,1993,5,78 Lakh,7800000
BMW 2 Series 220i M Sport,5000,Petrol,Automatic,1,2021,1997,5,42 Lakh,4200000
Jaguar XE Prestige,28000,Petrol,Automatic,1,2017,1396,6,28 Lakh,2800000
Mini 3 DOOR John Cooper Works 2019-2020,40000,Petrol,Automatic,2,2017,2400,5,34.50 Lakh,3450000
Mercedes-Benz V-Class Exclusive,27000,Diesel,Automatic,1,2021,5461,5,68 Lakh,6800000
Mercedes-Benz GLC 200,17000,Petrol,Automatic,1,2021,3996,4,62 Lakh,6200000
BMW X4 M Sport X xDrive20d,29000,Diesel,Automatic,1,2019,1199,5,56.50 Lakh,5650000
Land Rover Discovery Sport Si4 HSE,73000,Petrol,Automatic,1,2017,1332,7,37.50 Lakh,3750000
Mercedes-Benz C-Class C 220d,9000,Diesel,Automatic,0,2022,1462,5,53 Lakh,5300000
Jaguar F-Pace Prestige 2.0 Petrol,9000,Petrol,Automatic,1,2021,1950,7,67 Lakh,6700000
Hyundai i20 Asta Option 1.4 CRDi,54000,Diesel,Manual,1,2015,1950,5,4.90 Lakh,490000
Volvo XC60 D5 Inscription,34000,Diesel,Automatic,1,2019,1598,7,54.50 Lakh,5450000
Mercedes-Benz G G63 AMG,47000,Petrol,Automatic,2,2017,1991,5,1.52 Crore,15200000
Porsche Panamera GTS,10000,Petrol,Automatic,1,2019,3198,7,1.75 Crore,17500000
Chevrolet Beat LT,37275,Petrol,Manual,1,2014,2179,5,2.55 Lakh,255000
Mercedes-Benz A-Class Limousine A 200,3000,Petrol,Automatic,1,2022,1999,5,42 Lakh,4200000
Maruti XL6 Alpha AT,16000,Petrol,Automatic,1,2019,1451,5,12.75 Lakh,1275000
Mercedes-Benz E-Class Exclusive E 220 d BSIV,44000,Diesel,Automatic,1,2017,2694,5,44 Lakh,4400000
Mercedes-Benz E-Class Exclusive E 220 d BSIV,39000,Diesel,Automatic,1,2017,2143,5,43.50 Lakh,4350000
Mini Cooper S,20000,Petrol,Automatic,2,2015,1969,5,24.25 Lakh,2425000
Mercedes-Benz GLC 200,32000,Petrol,Automatic,1,2020,2143,5,56.50 Lakh,5650000
Ford Endeavour 3.2 Titanium AT 4X4,128000,Diesel,Automatic,2,2016,2143,5,22.10 Lakh,2210000
Jaguar XF 2.2 Litre Luxury,29000,Diesel,Automatic,1,2015,2143,5,22.90 Lakh,2290000
Land Rover Discovery Sport TD4 HSE 7S,38000,Diesel,Automatic,1,2020,1197,5,48.75 Lakh,4875000
MG Hector Sharp DCT,17000,Petrol,Automatic,1,2021,2143,4,18.90 Lakh,1890000
Toyota Innova Crysta 2.7 ZX AT,49000,Petrol,Automatic,2,2017,2143,5,18.90 Lakh,1890000
Mercedes-Benz M-Class ML 250 CDI,79000,Diesel,Automatic,1,2015,2993,5,27.90 Lakh,2790000
Volvo XC 90 D5 Momentum BSIV,55000,Diesel,Automatic,1,2018,1248,5,53.75 Lakh,5375000
Mercedes-Benz GLE 250d,98000,Diesel,Automatic,1,2016,2993,5,36.90 Lakh,3690000
Mercedes-Benz E-Class E250 Edition E,59000,Diesel,Automatic,1,2017,1995,5,27.90 Lakh,2790000
Mercedes-Benz E-Class E250 CDI,79000,Diesel,Automatic,1,2013,2979,7,13.90 Lakh,1390000
Hyundai i20 Sportz Plus BSIV,45000,Petrol,Manual,1,2019,2179,5,7.50 Lakh,750000
Mercedes-Benz CLA 200 CDI Sport,50000,Diesel,Automatic,2,2017,2993,5,23.90 Lakh,2390000
Mercedes-Benz C-Class 250 CDI Classic,98000,Diesel,Automatic,1,2011,1995,7,10.90 Lakh,1090000
BMW X5 xDrive 30d,75000,Diesel,Automatic,2,2018,1995,7,49.90 Lakh,4990000
Maruti Vitara Brezza ZDi Plus,60000,Diesel,Manual,1,2017,2143,4,7.95 Lakh,795000
BMW X5 xDrive 30d,99000,Diesel,Automatic,1,2015,1999,5,32.90 Lakh,3290000
BMW X1 sDrive 20d xLine,45000,Diesel,Automatic,1,2018,2995,7,28.90 Lakh,2890000
BMW M Series M4 Coupe,29000,Petrol,Automatic,2,2015,1968,5,64.90 Lakh,6490000
Jaguar XF 2.2 Litre Luxury,90000,Diesel,Automatic,2,2013,2755,5,13.75 Lakh,1375000
BMW 7 Series 730Ld,79000,Diesel,Automatic,3,2015,2967,6,29.90 Lakh,2990000
BMW 5 Series 520d M Sport,42000,Diesel,Automatic,2,2017,1991,5,31.90 Lakh,3190000
